    ,Serial Number,Course Name,Course Code,Course Acronym,Prerequisites,Preferable_Prerequisites,Antirequisites,Semester,Professor,Credits,Cluster,OptionalDept,embed_link
,1,User Experience Design and UI Design, DES537A,,,,None,Summer,Anmol Srivastava,2,HCD,None,"<iframe src=""https://docs.google.com/spreadsheets/d/e/2PACX-1vQ_F2YSqQXaZ06obibvXhjykc5c3mgqmrMUd_VA7GsGikRUjS0ujM9a5sJE0hqh_w/pubhtml?widget=true&amp;headers=false""></iframe>"
,2,"Image, Screen, Interface", Sankha S Basu,ISI,1 SSH Class at 2xx ,1 SOC class ,None,Winter,Deepak Prince,4,SSH,None,"<iframe src=""https://docs.google.com/spreadsheets/d/e/2PACX-1vTRVPSH41nIw7qp8kDvhf_dDtbX67FHJVkUm4j1trZrk-zo1fgRoo7AzoCnoyWFzw/pubhtml?gid=720965356&amp;single=true&amp;widget=true&amp;headers=false""></iframe>"
,,Introduction to Deep Learning,AI 203,,Introduction to Machine Learning or Machine Learning,"Math-I & II; Signals & System, Python Programming	",Machine Learning for Biomedical Applications,Monsoon,,4,CSE,None,"<iframe src=""https://docs.google.com/spreadsheets/d/e/2PACX-1vQnXRnWuvzwdwOZlg43_JkqoaX4X-qSJ4LqRioP1SRLr-WUFb1Qgt3zvPFlPnTO_A/pubhtml?widget=true&amp;headers=false""></iframe>"
,,Introduction to Machine Learning,AI201,,"Math - I
Math -  II","Intro to Programming, Python Programming        ",None,Monsoon,"Shad Akhtar, Jainendra",4,CSE,None,"<iframe src=""https://docs.google.com/spreadsheets/d/e/2PACX-1vTbM1SHRj5thj-1JtPC55BTfyC7kI72CplFdXOGA8XT0P78NjEnPI_J_48iKtDTE3exZ7uE7zFlFS1c/pubhtml?widget=true&amp;headers=false""></iframe>"
,5,Machine Learning,AI501 / ECE363 / ECE563 / CSE343/ CSE543,ML,"Math - I
Math -  II
Intro to Programming","Math- III, Signals & Systems, Python Programming	","Introduction to Machine Learning, Machine Learning for Biomedical Applications",Monsoon/Winter,"Saket Anand, Vinayank Abrol",4,CSE/ECE,ECE,"<iframe src=""https://docs.google.com/spreadsheets/d/e/2PACX-1vRDg_DkVXK_42B9ENKgA-atp1r2aGxqZtVTk9mJIR0fkhcZ8GSCqP92I0L81nO4Mistgd9vGLGRkGcu/pubhtml?widget=true&amp;headers=false""></iframe>"
,6,Deep Learning,AI502 / CSE641 / ECE553,DL,Machine Learning or Introduction to Machine Learning,"Math-I, Math-2 & Math-3; Signals & System, Python Programming	","Introduction to Deep Learning, Machine Learning for Biomedical Applications",Winter,Vinayak Abrol,4,CSE,None,"<iframe src=""https://docs.google.com/spreadsheets/d/e/2PACX-1vTUKFN4RAkzi52BYwYfP7AT6n8NTzADyjoihJhVycYx7yUEUFJLSQSbnUSMbTqxfA/pubhtml?widget=true&amp;headers=false""></iframe>"
,7,Foundations of Biology,BIO101,FOB,None,None,None,Winter,Ganesh Bagler,4,BIO,None,"<iframe src=""https://docs.google.com/spreadsheets/d/e/2PACX-1vQZyQdcTzRSTTdex_nZyO2XIHGYQsNi5quu2-4SMngwINszA4XB-ZJXlwF_ETdpaBgSACl2l3EKZcMd/pubhtml?widget=true&amp;headers=false""></iframe>"
,2,Foundations of Biology-I,BIO102,,None,None,None,Winter,Jaspreet Kaur Dhanjal,4,CB,None,"<iframe src=""https://docs.google.com/spreadsheets/d/e/2PACX-1vQ_1As-6k1beEfnbkwc0nESgj-Ktn0a18Qm_mJ7O1x0NingoTaHE34u3AvVaO4RCQ/pubhtml?widget=true&amp;headers=false""></iframe>"
,9,Foundations of Biology II,BIO201,,None,None,None,Monsoon,Gaurav Ahuja,4,CB,None,"<iframe src=""https://docs.google.com/spreadsheets/d/e/2PACX-1vQPV3Q6Y8gYC-vvdkCg4_MXVbZbeX7FVh12fAkn04bsTu_EctFWnCEkbnn3DNZX_g/pubhtml?widget=true&amp;headers=false""></iframe>"
,3,Cell Biology and Bio-Chemistry,BIO211,CBB,None,None,None,Monsoon,Jaspreet Kaur Dhanjal,4,BIO,None,"<iframe src=""https://docs.google.com/spreadsheets/d/1N1fhCwaaBxHzdS2km-KrEUg4lZzlwKZN/pubhtml?widget=true&amp;headers=false""></iframe>"
,11,Introduction to Quantitative Biology,BIO213,IQB,MTH100,"Familiarity with MATLAB, Basic Calculus",None,Winter,G P S Raghava,4,BIO,None,"<iframe src=""https://docs.google.com/spreadsheets/d/e/2PACX-1vTNK82nmg34cFhO9WX5ZR7dCmZVPg_wU1q5YTzQi-S-tebvkhipxVzWi5h9cb1BD8nz3zcPC3pxpw5h/pubhtml?gid=1849019140&amp;single=true&amp;widget=true&amp;headers=false""></iframe>"
,4,Genetics and Molecular Biology,BIO214,GMB,None,None,None,Monsoon,Gaurav Ahuja,4,BIO,None,"<iframe src=""https://docs.google.com/spreadsheets/d/e/2PACX-1vSY5emyA2KdL8CnJ9b4TGHlMmM6_u37GiQK9nuTKVKvJ-1JWuzjeNIgO_0hMr0v2GX4iz1JoHqYW1Gw/pubhtml?gid=1101101345&amp;single=true&amp;widget=true&amp;headers=false""></iframe>"
,13,Practical Bioinformatics,BIO221,PB,None,"Data Structures and Algorithms, Basic understanding of Python and/or R programming",BIO222,Winter,Tavpritesh Sethi,4,BIO,None,"<iframe src=""https://docs.google.com/spreadsheets/d/e/2PACX-1vS4seIwHx4yxXglnT4DUYwuk8lfTLorYh1pBeTC75iRBh7gbhSoS0U0bRJWZ_GFQK4tiPxAnVoz__i2/pubhtml?widget=true&amp;headers=false""></iframe>"
,5,Foundations of Biomedical Informatics,BIO222,,None,"Basic understanding of programming and statistics(Desirable)Basic understanding of health and disease
",BIO221,Winter,Tavpritesh Sethi,4,CB,None,"<iframe src=""https://docs.google.com/spreadsheets/d/e/2PACX-1vTTfWNWLfVStgkRqNjvu3ith6dFsv56B9nOMfxyvWEwAqQ4NHmiGHCCveghV9FYRQ/pubhtml?widget=true&amp;headers=false""></iframe>"
,15,Algorithms in Bioinformatics,BIO321,ABIN,One programming course,Molecular biology course,None,Monsoon,Debarka Sengupta,4,BIO,None,"<iframe src=""https://docs.google.com/spreadsheets/d/e/2PACX-1vTorvpRI_q97bcGr2r9kZ6jTf_6gxcrWHprxBkFF1A9D88OWtxcMrChUNjlJKbowQ/pubhtml?widget=true&amp;headers=false""></iframe>"
,6,Biophysics,BIO361,BioP,None,"Basic knowledge of biology, chemistry, physics and python",None,Monsoon,Arjun Ray,4,BIO,None,"<iframe src=""https://docs.google.com/spreadsheets/d/e/2PACX-1vQYwmzGSNa7HFoZL6ysgh7fLi6UgLR39H7kQqTyFzfndGZR2GWAgBQkDhFhu7eZGwGYwBfr07kSNd8M/pubhtml?gid=1719690183&amp;single=true&amp;widget=true&amp;headers=false""></iframe>"
,17,Stochastic Simulations in Systems Biology and Biophysics,BIO506,SSSBB,BIO531,None,None,Monsoon,Information not available,4,BIO,None,"<iframe src=""https://docs.google.com/spreadsheets/d/e/2PACX-1vTyoEEKe6EpCTngUW-Z9fO5moHYq88VsrpeKn33qep3ibwU8KJ0BGJL2f1m8TiUDw/pubhtml?widget=true&amp;headers=false""></iframe>"
,7,Cell Biology and Bio-Chemistry,BIO511,CBB,None,None,BIO211,Monsoon,Shriram K,4,BIO,None,"<iframe src=""https://docs.google.com/spreadsheets/d/e/2PACX-1vTj1jx0wbos376anz8fXIHj4GB1QllY-_L181H3XGB-F4lFiV8g8lOTZU8Jzu0JwA/pubhtml?widget=true&amp;headers=false""></iframe>"
,19,Foundations of Modern Biology,BIO512,FOMB,None,None,"BIO601, BIO214",Monsoon,Vibhor Kumar,4,BIO,None,"<iframe src=""https://docs.google.com/spreadsheets/d/e/2PACX-1vRbaPaDKS1r57xvHqlG7uGaVEA_P5_4IYfZUpJKbpTCEFmiVF7fhpoA3wD-F-IuO-hbarCCw2Y55_i4/pubhtml?gid=1329925911&amp;single=true&amp;widget=true&amp;headers=false""></iframe>"
,8,Introduction to Bioenergetics,BIO513,,None,None,,None,Anindita Das ,4,CB,None,"<iframe src=""https://docs.google.com/spreadsheets/d/e/2PACX-1vSu4XGoit1vLSbRix3z5XGm0GVk530_Ey4Q90sEgOe_9n3cFYfWi_tqnZ7_NeX1wQ/pubhtml?gid=1177985762&amp;single=true&amp;widget=true&amp;headers=false""></iframe>"
,21,Cellular biophysics,BIO516,,None,Foundations of Biology (BIO101) or equivalent for PG,None,Winter,Anindita Das ,4,CB,None,"<iframe src=""https://docs.google.com/spreadsheets/d/e/2PACX-1vQl7ce-YD_uVDPJZUuvNEqIQcECPtPe8iCBOjBGyTznwKS6Vq3P5KyY4xLt5_Y53g/pubhtml?widget=true&amp;headers=false""></iframe>"
,9,Algorithms in Computational Biology,BIO522,ACB,None,Familiarity with structural programming and molecular biology,BIO321,Monsoon,Debarka Sengupta,4,BIO,None,"<iframe src=""https://docs.google.com/spreadsheets/d/e/2PACX-1vT9e0a61YaJsARzEIFlU-RiIy6dqwHlOU9MLJIJVxAyFpvnP3gLNMbbe8cocpYdAHIrEhZQydGxaoRZ/pubhtml?gid=632469549&amp;single=true&amp;widget=true&amp;headers=false""></iframe>"
,23,Chemoinformatics,BIO523,CHI,None,"Knowledge of chemistry, algorithms, programming and machine learning",None,Winter,Information not available,4,BIO,None,"<iframe src=""https://docs.google.com/spreadsheets/d/e/2PACX-1vRKoIjIJBAq27j_s3FEay3KGdT46No-HJhXpuf--krgfcDtshb8ewA-qxdosgNMRgr4DzKHkpqZdfZ6/pubhtml?gid=539481389&amp;single=true&amp;widget=true&amp;headers=false""></iframe>"
,10,Biomedical Image processing,BIO524,BIP,None,CSE340/ECE340,None,Monsoon,Vibhor Kumar,4,BIO,None,"<iframe src=""https://docs.google.com/spreadsheets/d/e/2PACX-1vRBAdBuRg6zLJddV5HaJ1QHcKg4-VtiNUkNUFzyj8mpx5juN1bee6AAMm9XmRX5Ew/pubhtml?widget=true&amp;headers=false""></iframe>"
,25,Introduction to Bioinspired Algorithms and Optimal Control,BIO525,,,Basic knowledge of differential equations ,None,Winter,Garima Rani,2,CB,None,"<iframe src=""https://docs.google.com/spreadsheets/d/e/2PACX-1vTMxrl4A3FTOpKcOgYkUx8lzeLLskhCwhmpIb1vUHvZNLXuzTYCnmQjAqwqJWjQtA/pubhtml?widget=true&amp;headers=false""></iframe>"
,11,Introduction to Mathematical Biology,BIO531,IMB,MTH100,"Molecular biology and biochemistry, cell biology",BIO303/BIO503,Winter,Sriram K,4,BIO,None,"<iframe src=""https://docs.google.com/spreadsheets/d/e/2PACX-1vTyoEEKe6EpCTngUW-Z9fO5moHYq88VsrpeKn33qep3ibwU8KJ0BGJL2f1m8TiUDw/pubhtml?widget=true&amp;headers=false""></iframe>"
,27,Network Biology,BIO532,NB,None,"Knowledge of data structures, algorithms and programming, Basic understanding of biology",None,Monsoon,Ganesh Bagler,4,BIO,None,"<iframe src=""https://docs.google.com/spreadsheets/d/e/2PACX-1vSuVWvwGECeJhvof2SziaGXkM5UknJ0WRzT8tQ3w_KHvJX4ZfpnAvXb6_7lVsK8gE1TTDI3yuhB5PD2/pubhtml?gid=344803429&amp;single=true&amp;widget=true&amp;headers=false""></iframe>"
,12,Systems and Synthetic Biology,BIO533,S&SB,"""BIO531,BIO501""",Probability and Statistics,None,Winter,Sriram K,4,BIO,None,"<iframe src=""https://docs.google.com/spreadsheets/d/e/2PACX-1vQ8H2o-54AtH4Gwfamz9W9MDPoDD47prwCHyXTZJ20zEjpZSw5gBS2Uhjgc5Hnx0lWUM3rIbaEPIBtj/pubhtml?gid=1292671469&amp;single=true&amp;widget=true&amp;headers=false""></iframe>"
,29,Introduction to Computational Neuroscience,BIO534,ICN,None,"Calculus, linear algebra and ODE/PDE and coding in MATLAB",BIO505,Winter,Sriram K,4,BIO,None,"<iframe src=""https://docs.google.com/spreadsheets/d/e/2PACX-1vQu31c3jXa0ueaUl7eMDpgNSCq9qGC2id-p8Gwp9fkwOUh6Lu9A6ewpTJjVAuSFKLGpkeXt-HHjs_fk/pubhtml?gid=1136511436&amp;single=true&amp;widget=true&amp;headers=false""></iframe>"
,13,Data Sciences for Genomics,BIO541,DSG,None,None,None,Winter,Vibhor Kumar,4,BIO,None,"<iframe src=""https://docs.google.com/spreadsheets/d/e/2PACX-1vTpP6Op5K-W7OJgg6y8AYoFizy9vZWoJ_oW-yJ3P_HxnLcSPLj5lbHOwKNpMOu58vPbzCiyzA5BYWiv/pubhtml?gid=326282335&amp;single=true&amp;widget=true&amp;headers=false""></iframe>"
,31,Machine Learning for Biomedical Applications,BIO542,MLBA,None,None,None,Monsoon,GPS Raghava,4,BIO,None,"<iframe src=""https://docs.google.com/spreadsheets/d/e/2PACX-1vR26SxePvH7xTmYV22tpsfd_Bnrx-Lja7Vi5NBZ8UjqKZdXvxo28Us2kYlko465EQ/pubhtml?widget=true&amp;headers=false""></iframe>"
,14,Big Data Mining in Healthcare,BIO543,BDMH,None,Basic knowledge of statistics and programming,None,Winter,GPS Raghava,4,BIO,None,"<iframe src=""https://docs.google.com/spreadsheets/d/e/2PACX-1vR5w9sPJVmitZ4TN8QFTHpzrPvtI_XejfvyaCxQqTi1RczqSd1ZxvhPFQer4u_hKg/pubhtml?widget=true&amp;headers=false""></iframe>"
,33,Computational Gastronomy,BIO544,CGAS,None,"A good command on programming (Python) and data analysis. Exposure to statistical analysis, data visualization, machine learning and natural language processing.",None,Monsoon,Ganesh Bagler,4,BIO,None,"<iframe src=""https://docs.google.com/spreadsheets/d/e/2PACX-1vRhBNpDTTR0znvSZ8X-iPJh1pePNyEEG5J6-qhS49lRar22uPX6e4fJqKRIskFNAnRdMcEIKOlGMsJ9/pubhtml?gid=314307993&amp;single=true&amp;widget=true&amp;headers=false""></iframe>"
,15,Biostatistics,BIO545,BioStats,None,Basic Biology Knowledge,None,Winter,Gaurav Ahuja,4,BIO,None,"<iframe src=""https://docs.google.com/spreadsheets/d/e/2PACX-1vT4NIH4eotZuQScTYUY7gV9pIYXNzu78d11XgbiyN6UeyFkgOzM-4aQ3_tRSOrYJ08EpC8blW0lGhP7/pubhtml?gid=2102693669&amp;single=true&amp;widget=true&amp;headers=false""></iframe>"
,35,Computing for Medicine,BIO546/CSE585,CM,None,None,None,Monsoon,"Ponnurangam Kumaraguru, Tavpritesh Sethi",4,BIO,CSE,"<iframe src=""https://docs.google.com/spreadsheets/d/e/2PACX-1vS1XroyQBEq1-0G_uovd_APFhO3DtylBazeJ78E2WP7hnWtWAxTyNWJ0nnNtkNKRuWLn6C3V-l5b_Ly/pubhtml?gid=1679481713&amp;single=true&amp;widget=true&amp;headers=false""></iframe>"
,16,Human Microbiome Data Science,BIO548,HMDS,None,BIO5-COMEG,None,Winter,Tarini Ghosh,4,BIO,None,"<iframe src=""https://docs.google.com/spreadsheets/d/e/2PACX-1vSFPCRztZJ0BIgXXRvG5H_7q6Q5uXLVaG71kFMDw2ce2Ommpgaqrqsz7uL5ZsuDWg/pubhtml?widget=true&amp;headers=false""></iframe>"
,37,Computational Metagenomics,BIO549,CoMeG,None,Knowledge of linux and unix; Basic understanding of biology,None,Monsoon,Tarini Shankar Ghosh,4,BIO,None,"<iframe src=""https://docs.google.com/spreadsheets/d/e/2PACX-1vQUvAioP-xQB5WieBIZE98N0Q37mTbMqAeabFbW-palHcTm_jfu8xKXE_MG1hwixQ/pubhtml?widget=true&amp;headers=false""></iframe>"
,17,Programming for Computational Biology,BIO551A,PCB,None,None,None,Monsoon,Jaspreet Kaur Dhanjal,2,CB,None,"<iframe src=""https://docs.google.com/spreadsheets/d/1sdZabSMxzvIyzRTFw9UmkKeejzbUDlxM/pubhtml?widget=true&amp;headers=false""></iframe>"
,39,Computer Aided Drug Design,BIO561,CADD,None,"Basic knowledge of biology, chemistry, physics and python",None,Winter,Arjun Ray,4,BIO,None,"<iframe src=""https://docs.google.com/spreadsheets/d/e/2PACX-1vRKsZJj3xhFyz2KzRYhlIBZCeG3dRIJN1XZp4CzubKBcdj2-cNtvin0G1vtThPKTelx082rnkb0vAsK/pubhtml?gid=532691258&amp;single=true&amp;widget=true&amp;headers=false""></iframe>"
,18,Computational Methods in Oncology Research,BIO5XX,CMOR,None,None,None,Winter,Debarka Sen Gupta,4,CSE,None,"<iframe src=""https://docs.google.com/spreadsheets/d/e/2PACX-1vQLTjqP5hPnYlYsWu-L0uVdG4Evr69p4vsuDZvY84Gqkdm0JuFF8bo5t3kSg-cKSElTsevPkKZPDz7k/pubhtml?widget=true&amp;headers=false""></iframe>"
,41,Communication Skills,COM101,COM,None,None,None,Monsoon,Payel C Mukherjee,4,OTHERS,None,"<iframe src=""https://docs.google.com/spreadsheets/d/e/2PACX-1vRPICUZTFZnTTGh6wC_OLH4n3Au9dKMRlTSCQQbCtoIidJ9d7NhbRJf6elfIDzOlUJPEH_e4PAdpM3O/pubhtml?widget=true&amp;headers=false""></iframe>"
,19,Technical Communication,COM301A,TCOM,None,None,None,Monsoon,Payel C Mukherjee,2,OTHERS,None,"<iframe src=""https://docs.google.com/spreadsheets/d/e/2PACX-1vT8A3tUli056xZDXBJI1UBB_PuK98YxzF7fTy7Il_1sfysW3VZgftJSKZ9lVAEyaa11cfQ4Ne-bK5_u/pubhtml?gid=629444316&amp;single=true&amp;widget=true&amp;headers=false""></iframe>"
,43,Introduction to Programming,CSE101,IP,None,None,None,Monsoon,Md. Shad Akhtar,4,CSE,None,"<iframe src=""https://docs.google.com/spreadsheets/d/1RF31SCBPCpQ79dzpEZ5C4VexrVwJRExN/pubhtml?widget=true&amp;headers=false""></iframe>"
,20,Data Structures & Algorithms,CSE102,DSA,CSE101,None,None,Winter,"Subhabrata Samajder, Arun Balaji",4,CSE,None,"<iframe src=""https://docs.google.com/spreadsheets/d/e/2PACX-1vSOm8UzwldOW7BGnA88K0w15o9KvH37sFareZgF3uEKge8Jfafqo9hpVPo_mQL3Bw/pubhtml?widget=true&amp;headers=false""></iframe>"
,45,Computer Organization,CSE112,CO,"""ECE111""",None,None,Winter,"Naveen Prakash, Prabhakar Maity",4,CSE,None,"<iframe src=""https://docs.google.com/spreadsheets/d/e/2PACX-1vQFYlF8e7TDCBGlIqliAXC7Q2gh-vzC16sJ2BIzcg5dkE4mYDhOcU1yGq3OujEk4w/pubhtml?widget=true&amp;headers=false""></iframe>"
,21,Discrete Mathematics,CSE121,DM,None,"A good knowledge of elementary mathematics, esp. algebra, calculus and basic programming language.",MTH210,Monsoon,Samrith Ram,4,CSE,None,"<iframe src=""https://docs.google.com/spreadsheets/d/e/2PACX-1vRKr_LEmGYvied0RoMu9AYuW60ml8DEs5I3VrU4_fAiq5MnbV_SVynN4KBhz80qzTOd0oqLJJcdQWPM/pubhtml?gid=457308959&amp;single=true&amp;widget=true&amp;headers=false""></iframe>"
,47,Introduction to Intelligent Systems,CSE140,IIS,Introduction to Programming [CSE101],None,None,Winter,Vinish Kathuria,4,CSE,None,"<iframe src=""https://docs.google.com/spreadsheets/d/e/2PACX-1vQxHvc0FeJW85tz-w_NauWAleNfDulcXI27SitTapBd87A794ZcE7DTaW3jbQa7Uw/pubhtml?widget=true&amp;headers=false""></iframe>"
,,Competitive Programming - 1,CSE200A,,"CSE101 (Introduction to Programming), CSE102 (Data Structures and Algorithms)",,None,Monsoon,Debajyoti Bera,2,CSE,None,"<iframe src=""https://docs.google.com/spreadsheets/d/e/2PACX-1vTCRSxoELE4guAW3fivicgwjmR1wyl-S3KAV2EWaSTkF_SG9M0tB7X49W7FEfqLLg/pubhtml?widget=true&amp;headers=false""></iframe>"
,22,Advanced Programming,CSE201,AP,"""CSE101, CSE102""",None,None,Monsoon,"Vivek Kumar,  Raghava Mutharaju",4,CSE,None,"<iframe src=""https://docs.google.com/spreadsheets/d/e/2PACX-1vRumhiotCRnpYjwWmnmk6LDY1Diqn2-jx51DeAT-oFFbuqGIwW7iGP1V7nGCpFXAA/pubhtml?widget=true&amp;headers=false""></iframe>"
,50,Fundamentals of Database Management System,CSE202,DBMS,"""CSE102""","Working knowledge of Programming in C, C++ or Java and experience with Unix",None,Winter,Mukesh Mohania,4,CSE,None,"<iframe src=""https://docs.google.com/spreadsheets/d/e/2PACX-1vQRw4lnH0RulpXLPzlgNbjXhEYvTnCJsshXtyA02SonQl4OVe5AIljfaZ6WbUFIvA/pubhtml?widget=true&amp;headers=false""></iframe>"
,23,Algorithm Design and Analysis,CSE222,ADA,"""CSE102""",Some knowledge of mathematical proofs,None,Winter,Syamantak Das,4,CSE,None,"<iframe src=""https://docs.google.com/spreadsheets/d/e/2PACX-1vR638UJHbjcoR-UI-sBBcgwe3MoBJSgn8lzlytKHnOUCxWwYrWqWSVtcUQg-SOFRg/pubhtml?widget=true&amp;headers=false""></iframe>"
,52,Algorithm Design and Analysis,CSE223,ALD,"""CSE102""",Some knowledge of mathematical proofs ,None,Winter,Jatin Batra,4,CSE,None,"<iframe src=""https://docs.google.com/spreadsheets/d/e/2PACX-1vRalErH8wK9mXrPe8Qa0kGeNHiVpK0hr3oCOmJIQiTqCJBDFid72aBGKnjibln3_iWTFfFXOV42FddA/pubhtml?widget=true&amp;headers=false""></iframe>"
,24,Operating Systems,CSE231,OS,CSE102,C Programming (students must know how to write reasonable length C programs before this course),None,Monsoon,"Sambuddho Chakravarty, Arani Bhattacharya",4,CSE,None,"<iframe src=""https://docs.google.com/spreadsheets/d/e/2PACX-1vTSROsPM6BIuDWGT_9n_4eNejN0eGVSwZd2CgTH8JjLoGkqSmUb6TUMLRlXJczwow/pubhtml?widget=true&amp;headers=false""></iframe>"
,54,Computer Networks,CSE232,CN,"""CSE101, CSE231, CSE222""",None,None,Monsoon,Mukulika Maity,4,CSE,None,"<iframe src=""https://docs.google.com/spreadsheets/d/e/2PACX-1vSOUuxk2Jr25ZsMWCkMeV5m-fRFLDzPt3MBgtBh8aoSG25PDN8VdzZtvABOmMCMEg/pubhtml?widget=true&amp;headers=false""></iframe>"
,25,Network Administration,CSE233,NAD,None,CSE230,None,Winter,Information not available,2,CSE,None,"<iframe src=""https://docs.google.com/spreadsheets/d/e/2PACX-1vSvtd1l-cyBGgT_hXHRdI1u0ExkP_e9CnpFxne-IsXA-iwHtUNGbwBrH8Peb2w87ksc1d_uIPQKNUDY/pubhtml?gid=58402276&amp;single=true&amp;widget=true&amp;headers=false""></iframe>"
,56,Modern Algorithm Design,CSE319/CSE519,MAD,CSE222,Discrete Mathematics. Some knowledge of discrete probability and graph theory is desirable.,None,Monsoon,Diptapriyo Majumdar,4,CSE,None,"<iframe src=""https://docs.google.com/spreadsheets/d/e/2PACX-1vRfVzbmg10hUY1XQCo-_rJNO6FFvDMlLPLNwWOIkQaoJIDYGvCxJnbUPS2VVR_b-w/pubhtml?widget=true&amp;headers=false""></iframe>"
,26,Advanced Algorithms,CSE320/CSE520,AA,"""CSE102""",None,None,Monsoon,Information not available,4,CSE,None,"<iframe src=""https://docs.google.com/spreadsheets/d/e/2PACX-1vTLKzmqJjIc-JQ_xB-NI34vFLBOYxKts43-zXwSmJk0FkPAsV9_XDJQuczcNi6hl_XhXb3fEMdBkpPA/pubhtml?gid=1587191991&amp;single=true&amp;widget=true&amp;headers=false""></iframe>"
,58,Theory of Computation,CSE322,ToC,"""CSE121 or MTH210""",None,None,Winter,Debajyoti Bera,4,CSE,None,"<iframe src=""https://docs.google.com/spreadsheets/d/e/2PACX-1vT-HRO6ZKq-LIl3VDwHMfiEXADxq_tljEOW_7fzjSgqfsf5Ja8l55MHgpM6h6X1VQ/pubhtml?widget=true&amp;headers=false""></iframe>"
,27,Computer Graphics,CSE333/CSE533,CG,"""CSE101""",CSE102,None,Monsoon,Ojaswa Sharma,4,CSE,None,"<iframe src=""https://docs.google.com/spreadsheets/d/e/2PACX-1vSmKKWsKbDAwO4c2TQ5gvp9BN13uVof99_RoiZici_ooK17AoB_dsuSsYuOBtM10JB2uQPp_kHjSN8J/pubhtml?gid=632304378&amp;single=true&amp;widget=true&amp;headers=false""></iframe>"
,60,Digital Image Processing,CSE340/540/ECE350,DIP,"MTH100 Maths I, MTH201 Probability & Statistics",ECE250 Signals & Systems,None,Monsoon,"A V Subramanyam, Angshul Majumdar",4,ECE,None,"<iframe src=""https://docs.google.com/spreadsheets/d/e/2PACX-1vSHF6c9zhhS13PpiJ6977zyOYDJ9D63ttHOiGYSusR6fK4Xe_lPdF0kf4-KzadZlQ/pubhtml?gid=1676538911&amp;single=true&amp;widget=true&amp;headers=false""></iframe>"
,28,Statistical Machine Learning,CSE342/CSE542/ECE356/ECE556,SML,"""CSE101, MTH201""",None,Pattern Recognition,Winter,A V Subramanyam,4,CSE,None,"<iframe src=""https://docs.google.com/spreadsheets/d/e/2PACX-1vRAIkE9r2VSaw9WyCTMVewpeV8g61BP8XJOCPfrl78W4J2uf64300TdGsWB-pkGXOtLika0ugpT5mCs/pubhtml?widget=true&amp;headers=false""></iframe>"
,62,Computer Vision,CSE344/CSE544/ECE344/ECE544,CV,"Linear Algebra, Introduction to Programming","Image Analysis (CSE), Digital Signal Image Processing (ECE), Machine Learning / Statistical Machine Learning, Deep Learning",None,Winter,Saket Anand,4,CSE,ECE,"<iframe src=""https://docs.google.com/spreadsheets/d/e/2PACX-1vRyc8kjvF4ty5TIV7lRvkc93j0eyd5hWjldd29yh-PuHcGbE0lir8o8XqGNn9r-aw/pubhtml?gid=162201598&amp;single=true&amp;widget=true&amp;headers=false""></iframe>"
,29,Foundations of Computer Security,CSE345/CSE545,FCS,None,Computer Networks,None,Monsoon,Ponnurangam Kumaraguru,4,CSE,None,"<iframe src=""https://docs.google.com/spreadsheets/d/e/2PACX-1vSBAioc_hROmClIqZknm6z68gigeZo68uVNUQl729LyvK8uuEOPWzAQ_oc9bWUnHC2H5tAFHIHpkBre/pubhtml?widget=true&amp;headers=false""></iframe>"
,64,Usable Security and Privacy,CSE347/CSE547/DES525/DES306,UsS,None,CSE345/545,None,Winter,Arun Balaji Buduru,4,CSE,DES,"<iframe src=""https://docs.google.com/spreadsheets/d/e/2PACX-1vTIQa7A54-l7zc6cz3N5NEk1n_eIWq3RU4OzBkYFqG5iC8cCY4VIwxUuyWbtxNhcQ/pubhtml?widget=true&amp;headers=false""></iframe>"
,30,Network Security,CSE350/CSE550,NSC,None,"Operating Systems and Computer Networks,C/C++, Computer Networks",None,Monsoon,B N Jain,4,CSE,None,"<iframe src=""https://docs.google.com/spreadsheets/d/e/2PACX-1vRBGoS-JGpoeFr4Ak3ZyNxOYiPy4DsBLtUMqii5PCZWwq11AFsUTzGrWSogkFjfiYjF0rLgcs-JaSns/pubhtml?gid=1732051546&amp;single=true&amp;widget=true&amp;headers=false""></iframe>"
,66,Networks and System Security II,CSE354/CSE554,NSS-II,"""CSE231, CSE232""","C/C++ Programming, Python, Foundations of Computer Security (FCS)",None,Winter,Sambuddho Chakravarty,4,CSE,None,"<iframe src=""https://docs.google.com/spreadsheets/d/e/2PACX-1vQ_muvdyUy02o_acWHOK1909CCT5rFL1SPStVPQaRZDyhwzgHCgPpb0GeeBeVd5v0SeWZb80Y2nyc5I/pubhtml?gid=1865123011&amp;single=true&amp;widget=true&amp;headers=false""></iframe>"
,31,Complexity Theory,CSE421/CSE621,CMPT,"""CSE102, MTH201, CSE322, CSE121""",None,None,Monsoon,Information not available,4,CSE,None,"<iframe src=""https://docs.google.com/spreadsheets/d/e/2PACX-1vQl-IqSm-a0es6-VI7_KOhBOaPVdFt5JWU2PuN6qY2O5Yl0GNaq5k-PQWk5zCR0CKghf_SY8_7TPUwY/pubhtml?gid=1501314011&amp;single=true&amp;widget=true&amp;headers=false""></iframe>"
,68,Advanced Biometrics,CSE441/CSE541,BIOM,CSE343/CSE543/ECE563,Probability and Statistics,None,Winter,Mayank Vatsa,4,CSE,None,"<iframe src=""https://docs.google.com/spreadsheets/d/e/2PACX-1vTwO9JSCPuZRdr8b0H-6_-ZHJCh19Rx6PrUCFDUuHFfRFfFFBhFvfDNlJ8cmiyUwzOLrzMsssoRW_0K/pubhtml?gid=1540415147&amp;single=true&amp;widget=true&amp;headers=false""></iframe>"
,32,Designing Human Centered Systems,CSE501,DHCS,None,None,DES204,Monsoon,Ponnurangam Kumaraguru,4,CSE,None,"<iframe src=""https://docs.google.com/spreadsheets/d/e/2PACX-1vSFxgYddHX54xly_Y9lwluh3M81Q08vt7Xi4GxaPZeOy-vwXM1pcrIzujm029aS5nvc1aSKN0rOYKP-/pubhtml?gid=1449212177&amp;single=true&amp;widget=true&amp;headers=false""></iframe>"
,70,Foundations of Parallel Programming,CSE502,FPP,"""CSE101, CSE102, CSE201""",Experience with C/C++ programming,None,Winter,Vivek Kumar,4,CSE,None,"<iframe src=""https://docs.google.com/spreadsheets/d/e/2PACX-1vQdb5ODTpq4wv7C5iBIibXcVF_T3XturWMWbwvzc4nGIyoK4Y-QCiEe9iJ2snbDXA/pubhtml?widget=true&amp;headers=false""></iframe>"
,33,Program Analysis,CSE503,PA,"""CSE102, CSE201""",Theory of Computation,None,Monsoon,Rahul Purandare,4,CSE,None,"<iframe src=""https://docs.google.com/spreadsheets/d/e/2PACX-1vRZHblaJ8UxZaPj6RhovSeq8iU7St2wG8wjacVCXROvuiL-k5w0VVc8tRnbcTW9cLjHXwfojywhFuWj/pubhtml?gid=1536883694&amp;single=true&amp;widget=true&amp;headers=false""></iframe>"
,72,Decision Procedures,CSE504,DP,"C/C++ or Java programming (equivalents of DSA and AP), A basic course in discrete mathematics and logic.",None,None,Monsoon,Piyus Kedia,4,CSE,None,"<iframe src=""https://docs.google.com/spreadsheets/d/e/2PACX-1vSLwrpqDmD23pBKCS81nEY0eFQKo3Ipz-p80u58pK5Cv-WnNPXIKTRLjiwEaKzhGA/pubhtml?widget=true&amp;headers=false""></iframe>"
,34,Data Mining,CSE506,DMG,"""CSE202, CSE101, MTH100, MTH201""",Programming in Java,None,Monsoon,Vikram Goyal,4,CSE,None,"<iframe src=""https://docs.google.com/spreadsheets/d/e/2PACX-1vS2U1p1FfDJSOdRBwGu08RgXgnSUNLNQYA5nLDLouVzTij39asVkA8CUr14E9hKf4GnKg4Uh-IxWaZe/pubhtml?gid=644524193&amp;single=true&amp;widget=true&amp;headers=false""></iframe>"
,74,Database System Implementation,CSE507,DBSI,"""CSE202, CSE102""",None,None,Monsoon,Mukesh Mohania,4,CSE,None,"<iframe src=""https://docs.google.com/spreadsheets/d/e/2PACX-1vTsk1mks-v4qLPIegcxB34wqFrowY2Xvjkhi-XbnTqv-QcZDGiOjui8JnsBwOo7I3hVzq1Lc6dESh_C/pubhtml?gid=803465230&amp;single=true&amp;widget=true&amp;headers=false""></iframe>"
,35,Information Retrieval,CSE508,IR,"""CSE102,CSE201,CSE202""",ECE5ML,None,Winter,Rajiv Ratan Shah,4,CSE,None,"<iframe src=""https://docs.google.com/spreadsheets/d/e/2PACX-1vTRNf-2cjSe3S74dtuVCXqBByv-q7LUKhybOj5xJt6CskSBkjCu3Z7ENPczO6luqX9byAKPo9WSnsXs/pubhtml?gid=108171157&amp;single=true&amp;widget=true&amp;headers=false""></iframe>"
,76,Computer Architecture,CSE511/ECE511,CA,None,None,None,Monsoon,Sujay Deb,4,CSE,ECE,"<iframe src=""https://docs.google.com/spreadsheets/d/1Z80l9byJyLYce04Bexm0X14c-kl63WjQ/pubhtml?widget=true&amp;headers=false""></iframe>"
,36,Parallel Runtimes for Modern Processors,CSE513,PRMP,"CSE231, CSE201",CSE112,None,Monsoon,Vivek Kumar,4,CSE,None,"<iframe src=""https://docs.google.com/spreadsheets/d/e/2PACX-1vQCl662gpg_T7Dr5C-u2kR5AzYkDHi2BMkOrYzlhpI7YBIIknsA5kcUI71ptmQxrw/pubhtml?widget=true&amp;headers=false""></iframe>"
,78,Bayesian Machine Learning,CSE515/ECE551,BML,MTH201,"Machine learning ,Convex Optimization , Probability and Random Processes(PRP), Statistical Signal Processing(SSP)/Statistical Machine Learning (SML)",None,Monsoon,Ranjitha P,4,CSE,ECE,"<iframe src=""https://docs.google.com/spreadsheets/d/e/2PACX-1vQEfVJOMlDlUZMNs7OwEc29p0ljy2S3CxgNb1lbWidY48deLmKqCe8IEUOq7-Dqjw/pubhtml?widget=true&amp;headers=false""></iframe>"
,37,Theories of Deep Learning,CSE516/ECE559,TDL,"""MTH100, MTH203, CSE343/CSE543/ECE563 or CSE342/CSE542""","Signals and System, Python/Matlab programming",None,Winter,Vinayak Abrol,4,CSE,ECE,"<iframe src=""https://docs.google.com/spreadsheets/d/e/2PACX-1vRSD14TL9prtZt6NGdf0SPjo41cJFwmuvBxMc1JvrGk77Gv0mQjv1UQC57YEhJO9qNSrZKzI82bijuF/pubhtml?gid=44395192&amp;single=true&amp;widget=true&amp;headers=false""></iframe>"
,80,Concurrent and Learned Data Structures,CSE518,CLDS,"""CSE101, CSE102, CSE201, CSE231""",None,None,Winter,Bapi Chatterjee,4,CSE,None,"<iframe src=""https://docs.google.com/spreadsheets/d/e/2PACX-1vTeKmkybusB1RznBqvs4pd3X7ykwrlNosB3k29tbNXdroK8DiRa78doSKIWNKyZeA/pubhtml?widget=true&amp;headers=false""></iframe>"
,38,Randomized Algorithms,CSE523,RA,"""CSE222,CSE121,MTH201""",None,None,Monsoon,Rajiv Raman,4,CSE,None,"<iframe src=""https://docs.google.com/spreadsheets/d/e/2PACX-1vQRzLgQPxJ3sbPXhgRGn310vl0_UIoMAGbJmsNInOsZ-jm-T2On6hvvpAN_rIRQPiFzQuw12sEDkKIQ/pubhtml?gid=1939488330&amp;single=true&amp;widget=true&amp;headers=false""></iframe>"
,82,Theory of Modern cryptography,CSE524,TMC,CSE121 or MTH210 ,"Discrete mathematics, Applied cryptography or Foundations of computer security",None,Monsoon,Information not available,4,CSE,None,"<iframe src=""https://docs.google.com/spreadsheets/d/e/2PACX-1vT25LtudEJbKgcOvZGAm8FWOI3tPqSPANqzro1yKeVj5gqFntuvmQPoa0DAv21Nug/pubhtml?widget=true&amp;headers=false""></iframe>"
,39,Introduction to Graduate Algorithms,CSE525,GA,"""CSE222""",None,None,Monsoon,Debajyoti Bera,4,CSE,None,"<iframe src=""https://docs.google.com/spreadsheets/d/e/2PACX-1vSwuXElb47NU_FIZFqkrDNJzRILr3HscT6PLQMqoay9CV_wUYwI1cypGWWgKRoX2bVY_YJ5pG0lcQ3S/pubhtml?gid=59592576&amp;single=true&amp;widget=true&amp;headers=false""></iframe>"
,84,Lattices in Computer Science,CSE526,LCS,MTH100 / MTH201 / ECE501 / CSE222,CSE546 / CSE622,None,Winter,Subhabrata Samajder,4,CSE,None,"<iframe src=""https://docs.google.com/spreadsheets/d/e/2PACX-1vT6JeNK_72whV4Tdlg_pY53ccIF_kCnRjZSZeFSFW_8o5gclGGQm0YZfdirCYq2JA/pubhtml?widget=true&amp;headers=false""></iframe>"
,40,Introduction to Blockchain and Cryptocurrency,CSE528,IBC,CSE546,None,None,Winter,Donghoon Chang,4,CSE,None,"<iframe src=""https://docs.google.com/spreadsheets/d/e/2PACX-1vQWgKqJG2KFCXSJRxMoALG1J_et9YhYDnHgYaTtUWxMDXT-ldP-EMvghXLAGtU0ILngcOQfcued5lNp/pubhtml?gid=2033242478&amp;single=true&amp;widget=true&amp;headers=false""></iframe>"
,86,Approximation Algorithms,CSE529,AAG,"""CSE222""",None,None,Winter,Syamantak Das,4,CSE,None,"<iframe src=""https://docs.google.com/spreadsheets/d/e/2PACX-1vT3W8vjMIIhV4b4jP8Le4r_W1iuWd73-CzjQJHrS39EuIW-_rVkZNKRjaIXXqjjqJlfZO8GX8P9fTLx/pubhtml?gid=1518379001&amp;single=true&amp;widget=true&amp;headers=false""></iframe>"
,41,Distributed Systems: Concepts & Design,CSE530,DSCD,"CSE231; Students must have good programming skills with at least one of the following languages: Java, Scala, Go, Python.
",CSE232,None,Winter,Dhruv Kumar,4,CSE,None,"<iframe src=""https://docs.google.com/spreadsheets/d/e/2PACX-1vS4VoCtmYlhuPDZmlnWfZt-97ti6qdx8vJdlxX8jmDGArIit-fpCJL7E1-Nvt6G6A/pubhtml?widget=true&amp;headers=false""></iframe>"
,88,Multi-Agent Systems,CSE531,MAS,None,None,None,Monsoon/Winter,Information not available,4,CSE,None,"<iframe src=""https://docs.google.com/spreadsheets/d/e/2PACX-1vQghGa3ivnZ_lszg6yybVx6gNO0VuPlGjAWkTtei45MrfXRBqvh-jwI9ubur99Pd4bKhfHjgZd53k26/pubhtml?gid=1119838527&amp;single=true&amp;widget=true&amp;headers=false""></iframe>"
,42,Mobile Computing,CSE535,MC,CSE101,"CSE231, CSE232, CSE201",None,Monsoon,Mukulika Maity,4,CSE,None,"<iframe src=""https://docs.google.com/spreadsheets/d/e/2PACX-1vRC8dXLYXkv6-s1EIJRrP2nQmvl9kweZWO3WirfDPu59rxPqfN-a_oPc0_sx_MgPqXXoJj604kzGHsp/pubhtml?widget=true&amp;headers=false""></iframe>"
,90,Wireless Networks,CSE538/ECE538,WN,CSE232,"Operating Systems, Advanced Programming",None,Winter,Arani Bhattacharya,4,CSE,ECE,"<iframe src=""https://docs.google.com/spreadsheets/d/e/2PACX-1vT0oDDTBuRxnXMr--aPe3yD5-runUOMnG6CdTXx5KnCJNstVOWNe6W7z1qzNAYIFaFqhakkIeeNEEY5/pubhtml?gid=688842215&amp;single=true&amp;widget=true&amp;headers=false""></iframe>"
,43,Applied Cryptography,CSE546,AC,"""CSE121""",None,None,Monsoon/Winter,Subhabrata Samajder,4,CSE,None,"<iframe src=""https://docs.google.com/spreadsheets/d/e/2PACX-1vSWJUCylzX29PTREpCcRVShfDWJ24rPpROKjv0uIzctrCjDm79AzInOX0PAQ--AhNZy5u2oiXiMxHE8/pubhtml?gid=1240036307&amp;single=true&amp;widget=true&amp;headers=false""></iframe>"
,92,Security Engineering,CSE552,SE,CSE231,Foundations of Computer Security,None,Monsoon/Winter,Arun Balaji Buduru,4,CSE,None,"<iframe src=""https://docs.google.com/spreadsheets/d/e/2PACX-1vTyP0cv0N-DEvqKWG8FPeh012vzsvFfBs94Zam4iJSTGUEk3aEJIWzcB5I4mrlPQo5tCP2FzIa3LWTj/pubhtml?gid=51694062&amp;single=true&amp;widget=true&amp;headers=false""></iframe>"
,44,Netwoks and Systems Security I,CSE553,NSS I,"""C/C++""","Foundations of Computer Security (FCS),  Operating Systems, Computer Networks",None,Monsoon,Sambuddho Chakravarty,4,ECE,None,"<iframe src=""https://docs.google.com/spreadsheets/d/e/2PACX-1vTKletWr4RFMu4ZZBtkSxfVlTwoxcWBrd4hTJAvZFzAP7ZcoYONaEYecn5CtDR-FQ/pubhtml?widget=true&amp;headers=false""></iframe>"
,94,Introduction to Spatial Computing,CSE555,ISC,"""CSE102, CSE202""",Basic understanding of mathematics and programming skills,None,Monsoon,Vikram Goel,4,CSE,None,"<iframe src=""https://docs.google.com/spreadsheets/d/e/2PACX-1vQ9cG5YIZv4XiW11zYU-R4II2yNSORZEuliHmIywgFnBOb-5sLe4uEZU4IDM3_Y19z-2BHsXvscUUFE/pubhtml?gid=1834618791&amp;single=true&amp;widget=true&amp;headers=false""></iframe>"
,45,Natural Language Processing,CSE556,NLP,"""CSE101, MTH201, CSE222""",Any Machine Learning course (ML/SML/AML/DL),None,Winter,Md. Shad Akhtar,4,CSE,None,"<iframe src=""https://docs.google.com/spreadsheets/d/e/2PACX-1vT2kz8cOdrsy1is_R078yn2bscvEErTzNZUp4CQtql4Qp-yygzIc_-ZN_had-ApmA/pubhtml?widget=true&amp;headers=false""></iframe>"
,96,Big Data Analytics,CSE557,BDA,"""CSE202""","Data Mining, Machine Learning, Working knowledge of Programming in C,C++ or Java and experience with Unix",None,Winter,Vikram Goyal,4,CSE,None,"<iframe src=""https://docs.google.com/spreadsheets/d/e/2PACX-1vRLF-C_kh1pEmLUVRp5bx8PNkq6vC08qmBuE11qON9PfjqR68czj4QyT8uKhSogM8eL2tAIPiG5xzPA/pubhtml?gid=1494145128&amp;single=true&amp;widget=true&amp;headers=false""></iframe>"
,46,Data Science,CSE558,DSc,CSE101,"ML or SML, Linear Algebra",None,Monsoon,Supratim Shit,4,CSE,None,"<iframe src=""https://docs.google.com/spreadsheets/d/1DvO9BNW2nASomSAziI-uDAkXQ9WEhqlr/pubhtml?widget=true&amp;headers=false""></iframe>"
,98,Mining Large Networks,CSE559,MLN,"""CSE222, CSE101, MTH201"" ","Any Machine Learning course (ML/SML/AML/DL), Graph theory",None,Winter,Tanmoy Chakraborty,4,CSE,None,"<iframe src=""https://docs.google.com/spreadsheets/d/e/2PACX-1vQYSVZEL8oMRJNyEI4lZDG7zDwB4AvdFDhhSi_9sl4PciY5ODyJByaQlQ43J8t3URn1BxdYBz1qGFlv/pubhtml?gid=830139036&amp;single=true&amp;widget=true&amp;headers=false""></iframe>"
,47,GPU Computing,CSE560,GPU,"""CSE101""",Data Structures and Algorithms,None,Winter,Ojaswa Sharma,4,CSE,None,"<iframe src=""https://docs.google.com/spreadsheets/d/e/2PACX-1vSeu95TuSYS2lbQpGNd9cK4PpFQn_Kzxo8GRpBOqpJgz6s6ba4LawQPDnIvZf6calQlqM1IjYqJKtP9/pubhtml?gid=1824612221&amp;single=true&amp;widget=true&amp;headers=false""></iframe>"
,100,Probabilistic Graphical Models,CSE561,PGM,MTH201,None,None,Winter,Anubha Gupta,4,CSE,None,"<iframe src=""https://docs.google.com/spreadsheets/d/e/2PACX-1vRnpyA_MfTGSxbMBvrdOOTqxTpWUrlHN0C4KMQmTjSREGDbZfEGZiEOp2QqbrUXpAboMPBFQtpUpFa4/pubhtml?gid=1195725779&amp;single=true&amp;widget=true&amp;headers=false""></iframe>"
,48,Advanced Computer Vision,CSE562,ACV,"""CSE344/CSE544/ECE344/ECE544""",None,None,Monsoon,Koteswar Rao Jerripothula,4,CSE,None,"<iframe src=""https://docs.google.com/spreadsheets/d/e/2PACX-1vRDiRxWKdlp8lH8Zb2Vc08DlqKfLLCyeaI0xVXmzK1q8ygANwr_BQMlaLsOwXsc3Q5lxweGQXgQ2Ick/pubhtml?gid=320273160&amp;single=true&amp;widget=true&amp;headers=false""></iframe>"
,102,Multimedia Computing and Applications,CSE563,MCA,None,Computer Vision,None,Winter,Rajiv Ratn Shah,4,CSE,None,"<iframe src=""https://docs.google.com/spreadsheets/d/e/2PACX-1vRPk77grz5sfi_xCxUnDUZ_EhgaPqtWHxi7pytJNp8t-aRmY3KKBwuvSQnTdVqdO302DfG0pDnCdKog/pubhtml?gid=795052900&amp;single=true&amp;widget=true&amp;headers=false""></iframe>"
,49,Software Defined Networking,CSE565,SDN,CSE232,None,None,Monsoon,Information not available,4,CSE,None,"<iframe src=""https://docs.google.com/spreadsheets/d/e/2PACX-1vRqSbd-HGRetQzY3NL4DoVh9IjQllH0uvLP5X9g6W1pnuu390IoOc3dUZtB_3iNET-hR4BA7ncJM7mc/pubhtml?gid=1361575125&amp;single=true&amp;widget=true&amp;headers=false""></iframe>"
,104,Mobile and Middleware Systems,CSE566/DES5MMS,MMS,CSE535,"Students must have excellent programming skills with Kotlin/Java, and GoLang/C#/Node/Rust. Student should be well-versed with GitHub and other good coding practices, including but not limited to unit testing, instrumented unit testing, code documentation, following coding conventions.",None,Monsoon,Pushpendra Singh,4,CSE,DES,"<iframe src=""https://docs.google.com/spreadsheets/d/e/2PACX-1vQssNfFjBtnbwrcJ4mlu-tHBY9PEYzqrwbriHAuxO4mnJ8IAUiRy0v-owZvJTPWN4_VdsKhEnjgrQTd/pubhtml?gid=1203117463&amp;single=true&amp;widget=true&amp;headers=false""></iframe>"
,50,Programmable Networking,CSE567,PN,"""CSE102, CSE231, CSE232""","CSE222, CSE319/CSE519",None,Winter,Rinku Shah,4,CSE,None,"<iframe src=""https://docs.google.com/spreadsheets/d/e/2PACX-1vQ99-fwPhCWKwTTgJ-g4Bph_2iDyjgSGCDgvQ0zo5VIiekLJNBQAZS09dREssum0A/pubhtml?widget=true&amp;headers=false""></iframe>"
,106,Social Network Analysis,CSE568,SNA,"""CSE222, CSE101, MTH201"" ","Any Machine Learning course (ML/SML/AML/DL), Graph theory",CSE559,Winter,Tanmoy Chakraborty,4,CSE,None,"<iframe src=""https://docs.google.com/spreadsheets/d/e/2PACX-1vTL2f6j8XFXYH7cu4dzpE7zumc2JBtvHQEF_XLYuFyacxNJwvDyWAEvWIGB4Ys9Gln-rsBgoUiSNqhO/pubhtml?widget=true&amp;headers=false""></iframe>"
,51,Cloud Computing,CSE569,CldC,CSE232,None,None,Monsoon,Prabhat Munshi,4,CSE,None,"<iframe src=""https://docs.google.com/spreadsheets/d/e/2PACX-1vSnp5w3UXSV5VpbjcPvZoqALxjWPKA2TdlniXzL3aNGc9yqYR5HDdqmGAC1yr8kMPJXW9zc2yyIMhS8/pubhtml?widget=true&amp;headers=false""></iframe>"
,108,Virtual Reality,CSE570,VR,None,Computer Graphics,None,Winter,Ojaswa Sharma,4,CSE,None,"<iframe src=""https://docs.google.com/spreadsheets/d/e/2PACX-1vSexFyF8vEc5w_ijne0zUJtKhps-J8cnFeHSEgls4JsKHeh4FX2oMFwNy-ef8ZtIeIhSgOTNO0Jkezs/pubhtml?gid=1334876160&amp;single=true&amp;widget=true&amp;headers=false""></iframe>"
,52,Introduction to Media Computing,CSE571,IMC,None ,None,None,Monsoon/Winter,Information not available,4,CSE,None,"<iframe src=""https://docs.google.com/spreadsheets/d/e/2PACX-1vThIPehWzKcu5B9mY1HTudCt6ZHqJzTXrawjmeeNcypG_v4C8LgnLjED9zingKCoL9WcShTUyqjqZ2j/pubhtml?gid=2138586563&amp;single=true&amp;widget=true&amp;headers=false""></iframe>"
,110,Speech and Audio Processing,CSE572/ECE561,SAP,"""MTH100, ECE250""","MTH201, ECE351",None,Monsoon,Vinayak Abrol,4,CSE,None,"<iframe src=""https://docs.google.com/spreadsheets/d/e/2PACX-1vQ4UuQ4NQeYSGQiH_bs5stmgUddQ-_yiJThh4NSpJIEVOFLWgWpWPofsCYmc2eFBw/pubhtml?widget=true&amp;headers=false""></iframe>"
,53,Interactive Systems,CSE573,ISy,None,"Mobile Computing (CSE535), Machine Learning, Artificial Intelligence, Strong Programming Skills esp. mobile, VR, wearables. Experience with developing web+mobile, VR, Wearable based systems",DES201 (Design Processes & Perspetive)  & Prototyping Interactive Systems,Winter,Pushpendra Singh,4,CSE,None,"<iframe src=""https://docs.google.com/spreadsheets/d/e/2PACX-1vQVZh0193vmZooOgh78kNAlqv7qvCpkUe47S8w-ND2EYO-BQhdXB4Sx3RKmR3fkgQ/pubhtml?widget=true&amp;headers=false""></iframe>"
,112,Smart Sensing for Internet of Things (IoT),CSE576,SSIoT,None,"Operating Systems, Embedded Systems, Algorithms",None,Monsoon,Information not available,4,CSE,None,"<iframe src=""https://docs.google.com/spreadsheets/d/e/2PACX-1vTbniS1A7aYPFroWNoP9iod9nbGgONnYzp4beCLc6WOHa3lGQ0AO-kYdzokiuVHYS1bDP4BSIXVS7In/pubhtml?gid=635991787&amp;single=true&amp;widget=true&amp;headers=false""></iframe>"
,54,Advanced Internet of Things,CSE577,AIOT,None,"Android Programming, Internet of Things",None,Winter,Juhi Ranjan,4,CSE,None,"<iframe src=""https://docs.google.com/spreadsheets/d/e/2PACX-1vSvMSQfRn63Y3te_sH8Cq-ieEoBVU4kucPpHjd93-hP7LwhzycznL-nY5ZHQCwCud_x4rBVSKBBzfcT/pubhtml?gid=683955526&amp;single=true&amp;widget=true&amp;headers=false""></iframe>"
,114,Ontology Modeling,CSE580A,OM,CSE102,Advanced Programming,None,Monsoon/Winter,Information not available,2,CSE,None,"<iframe src=""https://docs.google.com/spreadsheets/d/e/2PACX-1vSYyM0naq9HUesUJR7nF7fafdmM_WOxrhdbuRscZPGU2HqSuggi3qfjv8BvGugkSWE1489GbRXFbdsj/pubhtml?gid=970179527&amp;single=true&amp;widget=true&amp;headers=false""></iframe>"
,55,"Systems Analysis, Design and Requirements Engineering",CSE581 ,SADRE,None,Basic understanding of software engineering and management,None,Winter,Rahul Mohananai,4,CSE,None,"<iframe src=""https://docs.google.com/spreadsheets/d/e/2PACX-1vQa2MODMaGAtu-cY1mVgAt3_7NiolRiEJN0GFgpIRUulnVqA5eVc-UgzCyy2pvZ_6p-0vmLv_5gIEFb/pubhtml?gid=1068694149&amp;single=true&amp;widget=true&amp;headers=false""></iframe>"
,116,Software Production Evolution and Maintenance,CSE582,SPEM,None,Basic understanding of software engineering concepts and techniques,None,Monsoon,Rahul Mohananai,4,CSE,None,"<iframe src=""https://docs.google.com/spreadsheets/d/e/2PACX-1vTGb1MbieihybwE32NicZAHbRMxGtfWRtRoG0t4pi9syGqt2wRlO3v9304zAc2cSEsXzp3du3Mkp0mf/pubhtml?gid=1836884130&amp;single=true&amp;widget=true&amp;headers=false""></iframe>"
,56,Software Development using Open Source,CSE583,SDOS,None,Good proficiency in programming,None,Monsoon,Pankaj Jalote,4,CSE,None,"<iframe src=""https://docs.google.com/spreadsheets/d/e/2PACX-1vSCbHeqArIirpUzCxjcI2sOoDg_hwsQlhzUZhJ8mQa9ZTGyFnGvtrznnaaqd2MYUXEPeb9vn4jwfrML/pubhtml?gid=689684211&amp;single=true&amp;widget=true&amp;headers=false""></iframe>"
,118,Program Verification,CSE584,PV,"""CSE121 or MTH210""","Knowledge of DSA and some general-purpose programming language such as Python, C, C++, or Java.",None,Monsoon,Rahul Purandare,4,CSE,None,"<iframe src=""https://docs.google.com/spreadsheets/d/e/2PACX-1vQ3dnMt2cWsc0NVT7XfbTR4g9XvEY3fiRDm_DQVlsvvgUEsWimP1cqBQ9_DOBV1aZdc6PHEHGW8W_Eq/pubhtml?gid=1873881049&amp;single=true&amp;widget=true&amp;headers=false""></iframe>"
,57,Algorithms under Uncertainty,CSE586,AUU,CSE 222 or equivalent,None,None,Monsoon,Syamantak Das,4,CSE,None,"<iframe src=""https://docs.google.com/spreadsheets/d/e/2PACX-1vTx2lzL9knglkPl_IRxxzgU0e5k808NgfFgMwZ8Y-H3If5kgEzOZUXEFFemzn0RNQ/pubhtml?widget=true&amp;headers=false""></iframe>"
,120,Networks for AI/ML Systems ,CSE587,NAI,CSE232,"CSE112/ECE111, CSE231",None,Monsoon,Rinku Shah,4,CSE,None,"<iframe src=""https://docs.google.com/spreadsheets/d/e/2PACX-1vSNP8sIwDCVn84ycOK26WiUtIF4kFHGoSP2hC_tRUvI0CH_GcxVXTKPavNZoluRQw/pubhtml?widget=true&amp;headers=false""></iframe>"
,233,Networks for AI/ML Systems ,CSE587A,NAI,CSE232,"CSE112/ECE111, CSE231",CSE587,Winter,Rinku Shah,2,CSE ,None,"<iframe src=""https://docs.google.com/spreadsheets/d/e/2PACX-1vSZxIq9TF14bnh6-tfMXP-anw9CLfNKpVNnO2M2gUIqv-BEtZoF0oevitHaUd86DQ/pubhtml?gid=291587857&amp;single=true&amp;widget=true&amp;headers=false""></iframe>"
,58,Robot Intelligence ,CSE588,RI,CSE643/CSE101,"ECE363/ECE563/CSE343/543, CSE633/ECE670",None,Monsoon,Jainendra Shukla,4,CSE,None,"<iframe src=""https://docs.google.com/spreadsheets/d/e/2PACX-1vTRObZwDsMCTzN3inwnZpymsM-NyDpmDEXtwCfJbabptyHKeYw__bV3tDRzgVscCw/pubhtml?widget=true&amp;headers=false""></iframe>"
,123,Large Deep Learning Systems,CSE589,,"Machine Learning and
Deep Learning or NLP",,None,Monsoon,Bapi Chatterjee,4,CSE,None,"<iframe src=""https://docs.google.com/spreadsheets/d/e/2PACX-1vSK4fopxLTnKOpQLJzi8jvvo52xNVW4pVOCpfTUmBOj4W5JjidKrK5Dosi7h_WQ1A/pubhtml?widget=true&amp;headers=false""></iframe>"
,59,Human AI Interaction ,CSE592/DES540,HAI,Machine Learning (ECE363/ECE563/CSE343/543) or Deep Learning (CSE641) or Artificial Intelligence (CSE 643), DES519,None,Winter,Pushpendra Singh,4,CSE,HCD,"<iframe src=""https://docs.google.com/spreadsheets/d/e/2PACX-1vRY00SHIrK494xmHRTJ3Qq4zDy6Ieu2Adg23Xhv1LT-vTQoqhrPa3TUukUDnXZu9Q/pubhtml?widget=true&amp;headers=false""></iframe>"
,125,Quantum Cryptography,CSE593,,Introduction to Quantum Computing (CSE622),An Introduction to Quantum Information Theory (MTH551),None,Winter,Ravi Anand,4,CSE,None,"<iframe src=""https://docs.google.com/spreadsheets/d/e/2PACX-1vSTiTMcqzNrpqIjiSsQ5s3fHb2gQrrepFjg8QqMC0ms4PWUVlPEzxo69YyqBmIHiQ/pubhtml?widget=true&amp;headers=false""></iframe>"
,60,Agentic Reasoning,CSE594A,ARE,Machine Learning,Large Language Models or Large Deep Learning Systems,None,Winter,Bapi Chatterjee,2,CSE,None,"<iframe src=""https://docs.google.com/spreadsheets/d/e/2PACX-1vQattP43UNlATT4pgSDjlS3qdt1s2d9cKlEJa_vHHs7cRq6x_JCGH47NHqsu92y0Q/pubhtml?widget=true&amp;headers=false""></iframe>"
,127,Multicore Parallel Programming and Runtime Systems   ,CSE595,MPPRS,"Operating System, Experience with C/C++ programming","Computer Foundations of Parallel Programming (CSE502), Parallel Runtimes for Modern Processors (CSE513)",None,Winter,Vivek Kumar,4,CSE,None,"<iframe src=""https://docs.google.com/spreadsheets/d/e/2PACX-1vTZKiW-8HgCXYvfh3s5tdn3zc-4ws4ZquMbOmjsesv9ZI952pbwYuvkSxbOfWWC4Q/pubhtml?widget=true&amp;headers=false""></iframe>"
,61,Robot Perception and Manipulation,CSE596/DES538,,CSE633/ECE670,CSE344/CSE544/ECE344/ECE544,None,Winter,Jainendra Shukla,4,Maths,HCA,"<iframe src=""https://docs.google.com/spreadsheets/d/e/2PACX-1vSqpboPPb-Gw7d4XJdFbkPIGOErjIz6fqDSpzLkHvLVT4dMqZFAZIAlmVK-d_q-TA/pubhtml?widget=true&amp;headers=false""></iframe>"
,129,Linear Optimization,CSE597/MTH374/MTH574,LO,Linear Algebra,Analysis and Design of Algorithms,NA,Winter,Subhashree Mohapatra,4,MTH,None,"<iframe src=""https://docs.google.com/spreadsheets/d/e/2PACX-1vSmaJVt2-JNdQcqSkQQ2i0RzrCHOhZDKRcfuHUa4dgiZ0NvQju46lAlx0f9M6bQfg/pubhtml?gid=162201598&amp;single=true&amp;widget=true&amp;headers=false""></iframe>"
,130,Geometry Processing,CSE5GP,GP,"""CSE101""","Data Structures and Algorithms, C/C++ Programming",None,Monsoon/Winter,Information not available,4,CSE,None,"<iframe src=""https://docs.google.com/spreadsheets/d/e/2PACX-1vTunrS-RnebTngvUWgEHfTYDvDRHRz5OgeNdN8IATfPA57i3v6sAuSrFRvIp63O7XPuYNbCAPFH5XtL/pubhtml?gid=1448255566&amp;single=true&amp;widget=true&amp;headers=false""></iframe>"
,62,Object Oriented Programming and Design,CSE600/ECE600/ECE600A,OOPD,None,None,CSE101 / CSE201,Monsoon,Arani Bhattacharya,4,CSE,None,"<iframe src=""https://docs.google.com/spreadsheets/d/e/2PACX-1vRT0p1GVIjYHLfNA4jI-At-Kdh5LAvNA0QYnmecO_A_SGeAUZxlQHPgn4BrZHNE_A/pubhtml?widget=true&amp;headers=false""></iframe>"
,132,Object Oriented Programming and Design,CSE600A/ECE600A,OOPD,None,"CSE101, CSE102",None,Monsoon,Naveen Prakash,2,CSE,ECE,"<iframe src=""https://docs.google.com/spreadsheets/d/e/2PACX-1vQ8t6zDXNdUNyyozg0SgYHARw90DUgkwl_POr3UUMLQf-7Qi3JxcvD7lwaeCu3SwQ/pubhtml?widget=true&amp;headers=false""></iframe>"
,63,Compilers,CSE601,CMP,"CSE101, CSE201, CSE102 ",Automata theory,None,Winter,Piyus Kedia,4,CSE,None,"<iframe src=""https://docs.google.com/spreadsheets/d/e/2PACX-1vS7onZoXhG3etGVpNNsueP4ygOhngDOEfoFHQvskFkqnAD_Qbq1o7DBxTacN0cWnw/pubhtml?widget=true&amp;headers=false""></iframe>"
,134,Knowledge Graphs in Practice,CSE605A,KG,"""CSE508 or CSE551""","Python/Java, Machine learning, Semantic Web",None,Monsoon,Information not available,2,CSE,None,"<iframe src=""https://docs.google.com/spreadsheets/d/e/2PACX-1vQtT5Bsw9xW0GgBvaszeLkduhD00FQ02cemnO8CAOStDVp79dK7MPqFc71zrOkIIkxysH224iFpnXhd/pubhtml?gid=1541949958&amp;single=true&amp;widget=true&amp;headers=false""></iframe>"
,64,Data Warehouse,CSE606,DW,"""CSE202""",None,None,Winter,Naveen Prakash,4,CSE,None,"<iframe src=""https://docs.google.com/spreadsheets/d/e/2PACX-1vTUf1fiIUkp1UxojLfvvK8drJnsQTvAa8c0_jZ678d9X5TNzgXrjaLxrhb7Vu5ME_DqKKhMXU9QMeC5/pubhtml?gid=1683895876&amp;single=true&amp;widget=true&amp;headers=false""></iframe>"
,136,Data Lifecycle Management,CSE606A,DLM,CSE343/CSE543/ECE563,None,None,Monsoon,"Sameep Mehta, Hima Patel",2,CSE,None,"<iframe src=""https://docs.google.com/spreadsheets/d/e/2PACX-1vR5UDMP80b1j6pPxTPD_lwcSeJHTXEu19xMUeVXMc8dWq_fW5gWmuFpll86hbau4283ouXgaTPCkg9R/pubhtml?gid=406761402&amp;single=true&amp;widget=true&amp;headers=false""></iframe>"
,65,Statistical Computation,CSE609,SComp,MTH201,Basic understanding of R or MATLAB programming,None,Winter,Vibhor Kumar,4,CSE,None,"<iframe src=""https://docs.google.com/spreadsheets/d/e/2PACX-1vQx8Ux5MpcOcZa9B_46gM2V0hIvFhYwxv0Tke23sZIEOwLWzGfwS8zrt0yKdJpwBmYdQt-HwPxudkLK/pubhtml?gid=775108295&amp;single=true&amp;widget=true&amp;headers=false""></iframe>"
,138,Explainable AI,CSE615,EAI,"CSE101 Intro to Programming,CSE102 Data Structures & Algorithms,CSE343/CSE543 Machine Learning",CSE643 Artificial Intelligence,None,Winter,V. Raghava Mutharaju,4,CSE,None,"<iframe src=""https://docs.google.com/spreadsheets/d/e/2PACX-1vSY0S4B7wkVrl9sZ-AufgQt5jVg2a-_cXgqoDMFe-hFDAvUkBeg4TYOH8fLWT3UDQ/pubhtml?widget=true&amp;headers=false""></iframe>"
,66,Meta-Learning,CSE618,MTL,At least one of the following courses: ECE363/ECE563/CSE543/CSE343/CSE342/CSE542/ECE356/ECE556/CSE642/ECE553 /CSE641,Experience in developing neural network models using pytorch.,None,Monsoon,Gautam Shroff,4,CSE,None,"<iframe src=""https://docs.google.com/spreadsheets/d/1xqzux2h-lOeKI90uvqlsAHes5WEhSSt8/pubhtml?widget=true&amp;headers=false""></iframe>"
,140,Parameterized Algorithms,CSE619,PALG,"CSE222 (ADA) or CSE525 (Graduate Algorithms), Discrete Mathematics (DM)","Knowledge of graph theory, discrete probability, theory of compuation including classical complexity classes (P, NP etc) are desirable.",None,Monsoon,Diptapriyo Majumdar,4,CSE,None,"<iframe src=""https://docs.google.com/spreadsheets/d/e/2PACX-1vTGcomoeAXKKvnLNPwxcO9U5aTqD6bzswPRzJ-QKnYTBpRSI0RvNuj6u98me88jkw/pubhtml?widget=true&amp;headers=false""></iframe>"
,67,Computational Complexity Theory,CSE621,,"CSE121 (or MTH210), CSE222 (can be waived if a student has a deep understanding of design and analysis of algorithms), CSE322 (I will cover Turing machines in the first week. I will conduct a short quiz after that. If students perform well, TOC can be waived off)", MTH201 ,None,Winter,Nikhil Gupta,4,Maths,None,"<iframe src=""https://docs.google.com/spreadsheets/d/e/2PACX-1vRZp2bIUG60lvFkadyzVRVoGMNz2ZkegwP32fTGkwPm0H1IYT3K477L4khlluQAJg/pubhtml?widget=true&amp;headers=false""></iframe>"
,142,Introduction to Quantum Computing,CSE622,IQC,"Linear Algebra, Probability and Statistics",Analysis and Design of Algorithms,None,Winter,Debajyoti Bera,4,CSE,None,"<iframe src=""https://docs.google.com/spreadsheets/d/e/2PACX-1vTXeH7uJZn42zISoAXE9sfog6ZIA_wwi2hTHtDiko2iHp271ElVz-AcgHOCkQJuNw/pubhtml?gid=555037019&amp;single=true&amp;widget=true&amp;headers=false""></iframe>"
,68,Introduction to Quantum Computing,CSE622A,IQC,"Linear Algebra, Probability and Statistics",None,None,Winter,Debajyoti Bera,2,CSE,None,"<iframe src=""https://docs.google.com/spreadsheets/d/e/2PACX-1vRsQoKjBoD16nQSZaECFE119Y5GAyYlMmkHZQ1Ngo5svCadrFB69fU13lwhCJMuhA/pubhtml?gid=423690659&amp;single=true&amp;widget=true&amp;headers=false""></iframe>"
,144,Introduction to Computational Complexity,CSE624A,ICC,"CSE121, CSE322, CSE102, MTH201",None,None,Monsoon,Nikhil Gupta,2,CSE,None,"<iframe src=""https://docs.google.com/spreadsheets/d/e/2PACX-1vS9zzWRNmWDwtIg00tiPurpzB7O6yZZ3s1QtDQoxdgu4jqd9qujIOSq9UxXJBSHhw/pubhtml?gid=42519348&amp;single=true&amp;widget=true&amp;headers=false""></iframe>"
,69,Advanced Operating Systems,CSE631,AOS,CSE231,None,None,Winter,Piyus Kedia,4,CSE,None,"<iframe src=""https://docs.google.com/spreadsheets/d/e/2PACX-1vThskid0LW8W5YK_3gkn_tzYEUCIr-Uuiflv_8lzul1mAanx_zURv1CovzKPTMWDToRZxT5w2hU8lUM/pubhtml?gid=491090824&amp;single=true&amp;widget=true&amp;headers=false""></iframe>"
,146,Semantic Web,CSE632,Sweb,"""CSE101,CSE202""",CSE201,None,Winter,Raghava Mutharaju,4,CSE,None,"<iframe src=""https://docs.google.com/spreadsheets/d/e/2PACX-1vQ_QMjASthjRxBHN0dWDS9qiYTBC65XW2LwM5IxiLn6dVM7mka1LMBosdApuCC_6A/pubhtml?widget=true&amp;headers=false""></iframe>"
,70,Robotics,CSE633/ECE670,IRob,None,None,None,Winter,Sayan Basu Roy,4,CSE,ECE,"<iframe src=""https://docs.google.com/spreadsheets/d/e/2PACX-1vQcs-yctRS0NbiI5W_RZDU0L5uIEAb3HQk1h14OKJAusM3bLjdD5FBmo0nm06Td5P65eQte_6qsaUIG/pubhtml?gid=1048481514&amp;single=true&amp;widget=true&amp;headers=false""></iframe>"
,148,Social Robotics,CSE633A,SR,None,None,None,Winter,Jainendra Shukla,2,CSE,None,"<iframe src=""https://docs.google.com/spreadsheets/d/e/2PACX-1vTI5ilreSHJRdVtdvqzSPxFILN6jj3PykTtdjhRQuiupBDZ3mDScRLGZuBj7VuknM7HjxZxYPCIEj_K/pubhtml?gid=492663949&amp;single=true&amp;widget=true&amp;headers=false""></iframe>"
,71,Algorithmic techniques for Robot Planning (new),CSE634,ARP,CSE102 Data Structures & Algorithms,None,None,Monsoon,Tanmoy Kundu,4,CSE,None,"<iframe src=""https://docs.google.com/spreadsheets/d/e/2PACX-1vT81v6Id_cB-IDjaaEKhVR6sqo11Xoc13Zj3LKMr6e13nbUujb8sZIawhCuDc9d3g/pubhtml?widget=true&amp;headers=false""></iframe>"
,150,Systems for AI,CSE634A,SAI,CSE-231,None,None,Winter,Piyus Kedia,1,CSE,None,"<iframe src=""https://docs.google.com/spreadsheets/d/e/2PACX-1vRzBnQmHgebhSftSqBQRJFrvKOB6oAF7AVA_yzvL-hFtF6zO6L_B7ceCdzSyyX-3A/pubhtml?widget=true&amp;headers=false""></iframe>"
,72,Communication Networks,CSE636/ECE636,COMN,"""MTH201""","ECE501, Probability and Random Processes, Programming in MATLAB and C++",None,Winter,Sanjit Kaul,4,CSE,ECE,"<iframe src=""https://docs.google.com/spreadsheets/d/e/2PACX-1vR8q7CuZIv3CY7w4CZqyv0LJBbfKLGVrrPtEsNDUnfMO_ZU1kSavpLyD9iLsobw-A/pubhtml?widget=true&amp;headers=false""></iframe>"
,152,Graduate Computer Networks,CSE637,GCN,,None,None,Winter,Mukulika Maity,4,CSE,None,"<iframe src=""https://docs.google.com/spreadsheets/d/e/2PACX-1vSuXN0tzvKdSClyvAwW7qHoajJ4bJJfpDemR-hPvOBh7ZVJoX-8gc_cI7ipAzKUNQ/pubhtml?widget=true&amp;headers=false""></iframe>"
,73,Graduate Systems (GS),CSE638,,None,None,"CSE231, CSE232",Winter,Rinku Shah,4,CSE,None,"<iframe src=""https://docs.google.com/spreadsheets/d/e/2PACX-1vQl0vVWq4Ef-5JzZM8jM0kD-yskiyorI1dLIZj2T1eMkNVjDbXkSkGaCmXYVLSLbw/pubhtml?widget=true&amp;headers=false""></iframe>"
,154,Collaborative Filtering,CSE640,CF,"""MTH100""",None,None,Monsoon,Angshul Majumdar,4,CSE,None,"<iframe src=""https://docs.google.com/spreadsheets/d/e/2PACX-1vT0E0qoNG8tBMJH3f7zEzeADIR0W1BCLUjk8eSp8Gt3DcZRsDu0OgTMq-OAgb47-wLYAW-3idVZahaK/pubhtml?gid=965717698&amp;single=true&amp;widget=true&amp;headers=false""></iframe>"
,74,Advanced Machine Learning,CSE642,AML,"MTH201, CSE343/CSE543 ","Pattern Recognition or Machine Learning, Deep-learning (desirable but not mandatory) / Python, exposure to Pandas and/or Pytorch is desirable",None,Winter,Gautam Shroff (G),4,CSE,None,"<iframe src=""https://docs.google.com/spreadsheets/d/e/2PACX-1vTaxT0jgPQDx6TDPmwDi3w_PJdvZmgmznubw4FqPq2EIh-K0EpIo9PiboNHgb5mfQ/pubhtml?widget=true&amp;headers=false""></iframe>"
,156,Artificial Intelligence,CSE643,AI,CSE102 Data Structures & Algorithms,CSE 121 Discrete Mathematics,None,Monsoon,"Gautam Shroff , Tanmoy Kundu",4,CSE,None,"<iframe src=""https://docs.google.com/spreadsheets/d/e/2PACX-1vQ4Zg8MQFmLI6JrUZ_HWSHLhhZzN1Op8aq8mAQHfLGfJrI6wSGi7dNJfZ9pqv5cow/pubhtml?widget=true&amp;headers=false""></iframe>"
,75,Privacy and Security in Online Social Media,CSE645,PSOSM,None,None,None,Winter,Ponnurangam Kumaraguru,4,CSE,None,"<iframe src=""https://docs.google.com/spreadsheets/d/e/2PACX-1vQL0aOhxywenmrVkmXof9XNgTIMvMGhPxml8LDzHX-5fGbPB2OW17fKNXjKeXzzUOBnRi-Q-GaMZn-u/pubhtml?gid=592300686&amp;single=true&amp;widget=true&amp;headers=false""></iframe>"
,158,Topics in Adaptive Cybersecurity,CSE651,TAC,CSE345/CSE545,None,None,Monsoon,Information not available,4,CSE,None,"<iframe src=""https://docs.google.com/spreadsheets/d/e/2PACX-1vRt_JDf3nqyPX88DvvKKPIx4Aen--FKRg5b3oJmOCKKtMxsWTGWrHaDKxFjZZxhNeWhvOWUa4kJX4y9/pubhtml?gid=384866951&amp;single=true&amp;widget=true&amp;headers=false""></iframe>"
,76,Topics in Cryptanalysis,CSE653,TC,None,"Applied Cryptography, Background of Linear and Abstract Algebra and, Probability and Statistics",None,Winter,Ravi Anand,4,CSE,None,"<iframe src=""https://docs.google.com/spreadsheets/d/e/2PACX-1vTiPKZdSGFy-91odwYPXrYJgfrQtj48IiRoGFMiydbEcJbp_a_Rg0aEUHop2JzGaw/pubhtml?widget=true&amp;headers=false""></iframe>"
,160,High-Dimensional Statistics and Optimization ,CSE654/ECE654,,"Linear Algebra (MTH 100), Probability and Statistics (MTH 201), Machine Learning (ECE363/ECE563/CSE343/543 or ECE666 / CSE517)","Convex Optimization, Statistical Learning Theory","Familiarity with Python, NumPy, PyTorch",Winter,Pravesh Biyani,4,CSE,ECE,"<iframe src=""https://docs.google.com/spreadsheets/d/e/2PACX-1vTRXYn7t0fOHYBEGtHPfyCcURtKVoSm5fRCBhTR6BoOuFU4i2J9uHU3UUS6FuL_BQ/pubhtml?widget=true&amp;headers=false""></iframe>"
,77,Network Science,CSE655,NS,None,CSE102,None,Winter,Ganesh Bagler,4,CSE,None,"<iframe src=""https://docs.google.com/spreadsheets/d/e/2PACX-1vQJ-q-kEbTTrdGKsQvIQm8dUMt-aqBXKWty7QL9YaIXWK3LhW-w_zI3pPuyEDYTlGkBwp7otGMA-22D/pubhtml?gid=1296776501&amp;single=true&amp;widget=true&amp;headers=false""></iframe>"
,162,Information Integration and Applications,CSE656,IIA,CSE202 (DBMS),Data Structures and Algorithms and Information Retrieval,None,Monsoon,Mukesh Mohania,4,CSE,None,"<iframe src=""https://docs.google.com/spreadsheets/d/e/2PACX-1vQl1jfCiSdnD6oSNRd1jLrfoG-f8MGczGBkz6P95vq88uJjLYxDTOqSAjHmDlBHRFtUjk7YS_MkcxvM/pubhtml?widget=true&amp;headers=false""></iframe>"
,78,Trustworthy AI systems,CSE660,TAIS,"""CSE643 or CSE343/CSE543/ECE563 or CSE342/CSE542""",None,CSE660A,Winter,C Anantram,4,CSE,None,"<iframe src=""https://docs.google.com/spreadsheets/d/e/2PACX-1vTNKtyOwmLiOd3e5LV_faL8FF-Dw_XU8zv03MxtbMOSni_iBRFxHVfIh01A2SrIygCNXo1NYRCKiSMv/pubhtml?gid=1890934262&amp;single=true&amp;widget=true&amp;headers=false""></iframe>"
,164,Affective Computing,CSE661/DES507,AFC,"""CSE101, CSE102, CSE201""","CSE343/CSE543/ECE563: Machine Learning, CSE643: Artificial Intelligence",None,Monsoon,Jainendra Shukla,4,CSE,None,"<iframe src=""https://docs.google.com/spreadsheets/d/e/2PACX-1vSCNe_wMsK2S6FddAwYwPdsN3e0bfyLjFsQ2ozH_7u8AfFhKUl-WAr7apjF1u4VjvYJl6GrpdkANxdZ/pubhtml?gid=1637076029&amp;single=true&amp;widget=true&amp;headers=false""></iframe>"
,79,Special Topics in Computer Vision,CSE662A,SCV,"""ECE350""",Digital Signal Processing,None,Winter,Information not available,2,CSE,None,"<iframe src=""https://docs.google.com/spreadsheets/d/e/2PACX-1vSPtSGJY_IiM9S3qcwD9F7rNjMFxmf0iNeYaZX2qbmgAIcw-a9if7Gv-DiPOZEO9Duze2XdAbz9cKg2/pubhtml?gid=1285684676&amp;single=true&amp;widget=true&amp;headers=false""></iframe>"
,166,Edge AI,CSE663,EAI,"""CSE343/CSE543/ECE563, CSE342/CSE542""",Micro-controller,None,Winter,Information not available,4,CSE,None,"<iframe src=""https://docs.google.com/spreadsheets/d/e/2PACX-1vQYcgc-3A1CTQaVTu6jNzaXsNtt9Y0_CUiRmKPGB-bFKLk1mX187PgDjh2dyjt8yPcc5bSQIr57SJoI/pubhtml?gid=46108080&amp;single=true&amp;widget=true&amp;headers=false""></iframe>"
,80,Meta-Learning,CSE663A,MEL,"""CSE643, CSE343/CSE543/ECE563 or CSE641""",None,None,Winter,Gautam Shrof,2,CSE,None,"<iframe src=""https://docs.google.com/spreadsheets/d/e/2PACX-1vTE2R4s1m2xe3rA3ZPnyJeUBfd2nu_w20ZcGOA2Ex2B_7v2C00u7T94ap3rPaRuUMyBaKadrcdFdRIP/pubhtml?gid=440080984&amp;single=true&amp;widget=true&amp;headers=false""></iframe>"
,168,"Large Language Models
",CSE665,LLM,"NLP (CSE556), Deep Learning (ECE553) or Theories of Deep Learning (CSE516/ECE559) or Advances in Deep Learning (ECE677/CSE677)","ML (ECE363/ECE563/CSE343), IR (CSE508), SML (CSE342/CSE542/ECE356/ECE556)",None,Winter,"Rajiv Ratn Shah
",4,CSE,None,"<iframe src=""https://docs.google.com/spreadsheets/d/e/2PACX-1vQKMEWPvJIci6BSU9vbLjUfQs-OSPOvaf2v5mWHIcATRNLrhwWCEbGkJM77fuKMAA/pubhtml?widget=true&amp;headers=false""></iframe>"
,81,Distributed and Federated Machine Learning,CSE665A,DFML,"ECE363/ECE563/CSE343/CSE342/CSE542/ECE356/ECE556, MTH100, CSE101","MTH 201, MTH 203",None,Monsoon,"Bapi Chatterjee, Ranjitha Prasad",2,CSE,"CSAM, CSAI","<iframe src=""https://docs.google.com/spreadsheets/d/e/2PACX-1vSsQc1HY6f4Hhf0FqtRAv88XpNkQ62v6-5olT68G3hHZSv4bu90Vocid-pN07P3rw/pubhtml?widget=true&amp;headers=false""></iframe>"
,170,Advanced Computer Networks,CSE666,,Operating Systems (CSE231),None,CSE637,Winter,Mukulika Maity,4,CSE,None,"<iframe src=""https://docs.google.com/spreadsheets/d/e/2PACX-1vSuXN0tzvKdSClyvAwW7qHoajJ4bJJfpDemR-hPvOBh7ZVJoX-8gc_cI7ipAzKUNQ/pubhtml?widget=true&amp;headers=false""></iframe>"
,82,Decision Making for Multi-robot Systems,CSE667,DMMRS,CSE102 Data Structures & Algorithms,None,None,Winter,Tanmoy Kundu,4,CSE,None,"<iframe src=""https://docs.google.com/spreadsheets/d/e/2PACX-1vSoBKIqe4pGf2RglrHXzUG2IoZFi-j4k0VyRHAcgeVEwzpqwi9NDhu1Dgw5Ez1VxA/pubhtml?gid=752020814&amp;single=true&amp;widget=true&amp;headers=false""></iframe>"
,172,Multimedia Security,CSE694F/ECE651,MS,"""ECE350""","ECE250: Signals and Systems, CSE344: Computer Vision",None,Winter,Information not available,4,CSE,ECE,"<iframe src=""https://docs.google.com/spreadsheets/d/e/2PACX-1vSAYLIGatDeVRnrmpsMieN3ilU0WnpkfE0kXzDMCNm_1SV8Dl1v-UC26NivIVkpgZpQ72Y0gIFwl5Vq/pubhtml?gid=306035239&amp;single=true&amp;widget=true&amp;headers=false""></iframe>"
,83,Topics in Software Engineering: AI in SE,CSE701,TSE,None,None,None,Monsoon,Pankaj Jalote,4,CSE,None,"<iframe src=""https://docs.google.com/spreadsheets/d/e/2PACX-1vS6e6oj01NRjhFdcYt3hewwCl1yI8wKfDVkDONScJyDmHWgbNXymWnGpKXGwgGtb8Oq97-MAU3g8BKe/pubhtml?widget=true&amp;headers=false""></iframe>"
,174,Advanced Topics in Mobile Computing,CSE734,ATMC,"""CSE232""","Operating Systems, Mobile Computing or Mobile Programming",None,Winter,Information not available,4,CSE,None,"<iframe src=""https://docs.google.com/spreadsheets/d/e/2PACX-1vTmwY1mGzOycjfV0udtIkIbhiwDWVs-J9kNRzEt-y45w_YA2WzNBnUHL_OWgNQLBt2yWh1tsxuR7w81/pubhtml?gid=989395989&amp;single=true&amp;widget=true&amp;headers=false""></iframe>"
,84,Network Anonymity and Privacy,CSE749,NAP,None,"Computer Networks, Introductory Course in Systems and Network Security (e.g. Foundations of Computer Security) or any equivalent course",None,Monsoon,Sambuddho Chakravarty,4,CSE,None,"<iframe src=""https://docs.google.com/spreadsheets/d/e/2PACX-1vS8US7HUwuuWAXEyIPCooPvCJWBfOaiMmKK6RaM_35Wj0rP3wJl7popg0qNjMlRl8LzldKaVXLvdEzM/pubhtml?gid=2020853934&amp;single=true&amp;widget=true&amp;headers=false""></iframe>"
,176,Design Drawing & Visualization,DES101,DDV,None,"A Keen Eye, A Curious and Open Mind, Atitude to practice regularly, Determination to learn",None,Winter,"Indrani De Parker, Vibha Narula Gupta",4,DES,None,"<iframe src=""https://docs.google.com/spreadsheets/d/e/2PACX-1vS-Rnv1xn8TTDMdXUPaa6JA83ERk6ovgmLaSSxbM_JDfvQlc6CX3nNE2aOq1zclpVhtYVbWI7iTP-hP/pubhtml?gid=1014395369&amp;single=true&amp;widget=true&amp;headers=false""></iframe>"
,85,Introduction to HCI,DES102,IHCI,None,None,None,Winter,"Grace Eden, Rajiv Ratn Shah",4,DES,None,"<iframe src=""https://docs.google.com/spreadsheets/d/e/2PACX-1vTsDRl3Mb9ysUFqeZOgzF4v5-aJsZyWFfp8E9th6Ebz0t7CAVmBQaILdlQ3nSmVL2q3ehx6Zgie3_Vq/pubhtml?gid=853160820&amp;single=true&amp;widget=true&amp;headers=false""></iframe>"
,178,Prototyping Interactive Systems,DES130,PIS,None,"Basic fluency with computers, Basic programming knowledge",None,Monsoon,Aman Parnami,4,DES,None,"<iframe src=""https://docs.google.com/spreadsheets/d/e/2PACX-1vTJxgVEn6Wro2tEr4T9ws8Bu5Py9v51aJC4-AXQCFnHxVzhlvP9bPabYPUXW5aQtcay5wU8yolR-dEk/pubhtml?gid=118570513&amp;single=true&amp;widget=true&amp;headers=false""></iframe>"
,86,Design Processes and Perspectives,DES201,DPP,Completion of DESIGN DRAWING & VISUALISATION (DDV) Course Parallel Course VISUAL DESIGN & COMMUNICATION,"Ability to Sketch
Ability to Interact with People Ability to Communicate
Abiity to Work Beyond Expected Requirements. Working Knowledge of Softwares like Adobe Photoshop, Illustrator Balsmiq, Sketch etc with easy access to a computer.",None,Monsoon,Anmol Srivastava,4,DES,None,"<iframe src=""https://docs.google.com/spreadsheets/d/1ze10rh0z41sliW144hff-cSmuCrk0IIr/pubhtml?widget=true&amp;headers=false""></iframe>"
,180,Visual Design & Communication,DES202,VDC,DES101,"Working Knowledge of Software like Adobe Photoshop, Illustrator and Indesign. Alternate Open Source - Inkscape, Svg- Edit, Gimp, Pant.net, Pixlr, Balsmiq, Sketch, Scribus etc. Writing Skills",None,Monsoon,"Indrani De Parker, Vibha Narula Gupta",4,DES,None,"<iframe src=""https://docs.google.com/spreadsheets/d/e/2PACX-1vQU8P27CVZzgmr6QKORgmfeWPh7uaQf8NUC_4jOgsLTnW84y7nXXyakPqH3veg7Bzx6-c8r2mc6cD0p/pubhtml?widget=true&amp;headers=false""></iframe>"
,87,Human Computer Interaction ,DES204,HCI,None,None,CSE501,Winter,Grace Eden,4,DES,None,"<iframe src=""https://docs.google.com/spreadsheets/d/e/2PACX-1vRR5B4AENSgM_KDYEeZf3yZ9bqrdIkyxK3iQ8mWlcJQxCs9yLGjiy82Un162bZ1v6egH_VmAPb9Bi42/pubhtml?gid=867895045&amp;single=true&amp;widget=true&amp;headers=false""></iframe>"
,182,Design of Interactive Systems,DES205/DES519,DIS,None,Human Computer Interaction and Introduction to Engineering Design,None,Monsoon,Rajiv Ratn Shah,4,DES,None,"<iframe src=""https://docs.google.com/spreadsheets/d/e/2PACX-1vRyck5ChIVnbfSdnxL53SNrfxCxOJaim3rCeTO1nwtuzjDBGOCQqN6bzPs8MG3fZNrowgtnpbLcytSO/pubhtml?gid=259116244&amp;single=true&amp;widget=true&amp;headers=false""></iframe>"
,88,Prototyping Interactive Systems,DES206,PIS,None,None,None,Winter,Richa Gupta,4,CSD,None,"<iframe src=""https://docs.google.com/spreadsheets/d/e/2PACX-1vQyCRE2WtgZfsruh8_dV6tS0OyeviSZE2doeupMVJg0z9RQ-qgoK9Gen_27Q21vKQ/pubhtml?widget=true&amp;headers=false""></iframe>"
,184,Introduction to Animation and Graphics,DES302,IAG,None,None,Animation & Graphics,Monsoon,Anoop Ratn,4,DES,None,"<iframe src=""https://docs.google.com/spreadsheets/d/e/2PACX-1vQgEN4DBDDNlfe2AAwUnvU19C53jLLIgVLZWBd30wp2huUXwG3tr338tRQQK7a3Kg/pubhtml?widget=true&amp;headers=false""></iframe>"
,89,Film Making and Radio Podcasting,DES303,FMRP,None,None,None,Monsoon,Manohar Khushlani,4,DES,None,"<iframe src=""https://docs.google.com/spreadsheets/d/e/2PACX-1vSVdD_IBoiJAUQMe9iZw0iavs-TWU1Rf_btqCxl0WCPXW2jBtiCeRu3ZVweusavc0yYPYvLQUVhOu0R/pubhtml?gid=922806395&amp;single=true&amp;widget=true&amp;headers=false""></iframe>"
,186,3D Animation filmmaking,DES305,3DAF,None,DES101,None,Monsoon,Anoop Ratn,4,DES,None,"<iframe src=""https://docs.google.com/spreadsheets/d/e/2PACX-1vT4oWkxFaHKvAeA04oMOcI6CRoXIL69-TCuSCkyNnkQHSJ2zsodps5o5UXSXa-DCA/pubhtml?widget=true&amp;headers=false""></iframe>"
,90,Fundamentals of Audio for Engineers,DES501,FAE,Basic knowledge of Class 12 Maths & Physics,Basic knowledge of CAD,None,Monsoon,Angshu Das,4,DES,None,"<iframe src=""https://docs.google.com/spreadsheets/d/1-vXwf4kcISQMyZD_Q5Lqv6EuoRwgeYsH/pubhtml?widget=true&amp;headers=false""></iframe>"
,188,Introduction to 2D Animation,DES502,I2D,None,Design Drawing and Visualization (DES100),None,Winter,Anoop Ratn,4,DES,None,"<iframe src=""https://docs.google.com/spreadsheets/d/e/2PACX-1vRoqfqFWflH7dabU4LXwj1bfHbAqrwWG7Us_akWohIRTVMK9zTsGkOww2F9m2Q-wQ/pubhtml?widget=true&amp;headers=false""></iframe>"
,91,Introduction to 3D Character Animation,DES503,I3DA,"""DES302 or DES516""","Introduction to Motion Graphics (DES518), Design Drawing and Visualisation (DES100)",None,Winter,Anoop Ratn,4,DES,None,"<iframe src=""https://docs.google.com/spreadsheets/d/e/2PACX-1vSEm8iHtHB3vw4cvBnHKjPgFSJVrYK2S_2MWI1B9Szs5ooe7C77PXfgL5hH4srCVmmzjESiB-fX_d2o/pubhtml?gid=1129494464&amp;single=true&amp;widget=true&amp;headers=false""></iframe>"
,190,Narratives in Visual Communication,DES504,NVC,None,"A keen and observant eye, A flair for drawing as a tool to communicate, Atitude to practice regularly, Motivation to push limits, DESIGN DRAWING & VISUALISATION (DES202), VISUAL DESIGN & COMMUNICATION (DES201) ",None,Winter,Indrani De Parker,4,DES,None,"<iframe src=""https://docs.google.com/spreadsheets/d/e/2PACX-1vRzZ-X8sQrma1w33eXxvHD0FmCySv5uxLYmXYMfbGUQQDifQe9nJ-tBzLAEnq51aBRsj0auIz0UVbA7/pubhtml?gid=323904771&amp;single=true&amp;widget=true&amp;headers=false""></iframe>"
,92,Advanced topics in Human Centered Computing (ATHCC),DES506,ATHCC,DES204,Design of Interactive Systems,None,Winter,Pushpendra Singh,4,DES,None,"<iframe src=""https://docs.google.com/spreadsheets/d/e/2PACX-1vTfdIEmdpjxaS8yoNvNXlo1h9Rw5ekLCVUClu2KCP4e_QjOasc9HpfG8LDEW3fglRDRE5kbYm1z_AjK/pubhtml?gid=1448933464&amp;single=true&amp;widget=true&amp;headers=false""></iframe>"
,192,Design Futures,DES509,DF,DES519,"DES202, DES204",None,Monsoon,Grace Eden,4,DES,None,"<iframe src=""https://docs.google.com/spreadsheets/d/e/2PACX-1vS-9-JGg3Skzza0N_I8jlyMyo1Sw-zUGoZm0G0saeAzrBnflq9YkYPbecrXYNxxnQ/pubhtml?widget=true&amp;headers=false""></iframe>"
,93,Game Design and Development,DES512,GDD,None,None,None,Winter,Aman Samuel,4,DES,None,"<iframe src=""https://docs.google.com/spreadsheets/d/e/2PACX-1vQko_3Putqqq4WVYYn6lNQDImNWQdWTxuykEq4eGukwntiBz-NkKkM161TKtjGpWUnx5oF7F_s8v7tf/pubhtml?gid=964043804&amp;single=true&amp;widget=true&amp;headers=false""></iframe>"
,194,"Wearable Applications, Research, Devices, Interactions",DES513,WARDI,None,"Android programming, Arduino programming, Circuit design, Sewing and stitching",None,Monsoon,Aman Parnami,4,DES,None,"<iframe src=""https://docs.google.com/spreadsheets/d/e/2PACX-1vQYyPhX6P9FDvIv-MeIBp8WizAJ4aIye_U_3C-8y_AxbJ_sxTbE1U1mxs2uj3n1YYYa0zcdIBPcPhwA/pubhtml?gid=421299294&amp;single=true&amp;widget=true&amp;headers=false""></iframe>"
,94,Digital Audio & Video Production Workflow,DES514,DAVP,None,None,Digital Audio,Monsoon,Aman Samuel,4,DES,None,"<iframe src=""https://docs.google.com/spreadsheets/d/e/2PACX-1vQLgTaKMeseURBa8WT7Yw0QiGcBibOddW0YoMyd9nK5pfQvnCQjbpgSkn64pPXgUQ/pubhtml?widget=true&amp;headers=false""></iframe>"
,196,Information Systems in Public Health,DES515,ISPR,None,None,None,Monsoon,Information not available,4,DES,None,"<iframe src=""https://docs.google.com/spreadsheets/d/e/2PACX-1vSAaVcuZv-DEeZpAQuUDvf29bsBEXct79RyI6L07SUlg6eA_rKuUEtgIJCZkYkrQ6iA7iLypiUlp0-H/pubhtml?gid=457281567&amp;single=true&amp;widget=true&amp;headers=false""></iframe>"
,95,Introduction to 3D Production Design for Animation and Games,DES516,I3DD,None,Design Drawing and Visualization,None,Monsoon,Anoop Ratn,4,DES,None,"<iframe src=""https://docs.google.com/spreadsheets/d/e/2PACX-1vTXFbB2TR59QfL3Tyfp1zmjWmZ2s8g4FoJa2KD5Fh266VNIFuAVb7Y3QrQ6SB__5N8JiPm7g8mLseTI/pubhtml?gid=2135917664&amp;single=true&amp;widget=true&amp;headers=false""></iframe>"
,198,Introduction to 3D Animation,DES516s,I3D,None,None,DES302,Winter,Anoop Ratn,2,DES,None,"<iframe src=""https://docs.google.com/spreadsheets/d/e/2PACX-1vRGxt9mD0qS31ZbbdHjlzb_FLdGZlOd0aLR-I02QZ1A-h5b4_i3PXu_2YoinUH2vh-6xeD0sCARjZ5E/pubhtml?gid=197750622&amp;single=true&amp;widget=true&amp;headers=false""></iframe>"
,96,Introduction to Motion Graphics,DES518,IMG,None,Having basic skill of Graphic tool like Illustrator and Photoshop,None,Monsoon,Anoop Ratn,4,DES,None,"<iframe src=""https://docs.google.com/spreadsheets/d/e/2PACX-1vRoK_vCYemKJmEZ0s5tKGdwS_NhcoWOs8C0a8hW7OUVcu95Omm2vYWPhBadzxThCc50fyUDYMQIPlqF/pubhtml?gid=1025613928&amp;single=true&amp;widget=true&amp;headers=false""></iframe>"
,200,Human Centred AI,DES520,HCAI,"""DES204, CSE643 or CSE343/CSE543/ECE563 or CSE440""",None,None,Monsoon,Grace Eden,4,DES,None,"<iframe src=""https://docs.google.com/spreadsheets/d/e/2PACX-1vQOZw2vVZrO5QHUrBvzUXvozOWZ-iwtEiYkayf32AHTubyOAZi_N8_WI0XV6Od26w/pubhtml?widget=true&amp;headers=false""></iframe>"
,97,Fundamentals of Video for Engineers,DES521,FVE,None,"Basic knowledge of Physics and Electronics, and the course Fundamentals of Audio for Engineers",None,Winter,Angshu Das,4,DES,None,"<iframe src=""https://docs.google.com/spreadsheets/d/e/2PACX-1vQVpFjknQbujiSMIYCBr-MtmX6O4IvPG0xUzdhFY44udEy6OCcZLPTvmY6IcMh7Eg/pubhtml?widget=true&amp;headers=false""></iframe>"
,202,"Inclusive Design, Universal Design & Accessibility",DES522,IDUDA,DES201,DES101,None,Monsoon,Richa Gupta,4,DES,None,"<iframe src=""https://docs.google.com/spreadsheets/d/e/2PACX-1vTiqMxZkqqqgPH-aWkwzP3U0RXdJosVivZ2AGiS5uAbXbFz5PyhtM1NlWz7lymO1WvAZhrHhYzn6FD9/pubhtml?widget=true&amp;headers=false""></iframe>"
,98,Cognition and Information Processing in Design,DES523,CIPD,None,None,None,Winter,Dhurjati Majumdar,4,DES,None,"<iframe src=""https://docs.google.com/spreadsheets/d/e/2PACX-1vSh0gr3vkZaTj5RJYc8zDojoSmKCfOvh5hPPfrtEichpTAXL0vXd0hsw82Q489NEQ/pubhtml?widget=true&amp;headers=false""></iframe>"
,204,Ergonomics/Human factors for Design,DES524,EFD,None,Basic knowledge of different methods of measurement,None,Monsoon,Sonal Keshwani,4,DES,None,"<iframe src=""https://docs.google.com/spreadsheets/d/e/2PACX-1vTg-bRd3V_2GFNIVEivsXEdxAlPStF1IXd4G-o18Astf8GulJuZyS1RrAOvXbQsYA/pubhtml?gid=468707661&amp;single=true&amp;widget=true&amp;headers=false""></iframe>"
,99,Motion Design and Graphics,DES526/DES307,MDG,None,Having basic knowledge of Adobe Graphical tool,DES518,Monsoon,Anoop Ratn,4,DES,None,"<iframe src=""https://docs.google.com/spreadsheets/d/e/2PACX-1vT5wPbKftADTZ7o8c6DH6sDdlNM7n02cR12BMWoQc_bs-SCRKYfnKRYQILLGgCKoA/pubhtml?widget=true&amp;headers=false""></iframe>"
,206,User Experience Design of XR,DES527,UDXR,DES102; CSE101,"DES206, DES201)",None,Monsoon,Anmol Srivastava,4,DES,None,"<iframe src=""https://docs.google.com/spreadsheets/d/e/2PACX-1vQj_jgzJxNronu5Jr1AUqD_BD2rivCNwfSz74We1dr-kAezgSbmcXP_oQCUu_zGCw/pubhtml?widget=true&amp;headers=false""></iframe>"
,100,Design for Artificial Intelligence driven Products,DES529,DAIDP,None,DES102 / DES 201 / DES501 / CSE556 / CSE643 / ECE363,None,Winter,Vinish Kathuria,4,DES,None,"<iframe src=""https://docs.google.com/spreadsheets/d/e/2PACX-1vS6pH9iHuQJumrSey3G-IDmjdlHGgQ41uPAZVt1tjtwFQV5Nn4g35d0jpQIycLHvg/pubhtml?widget=true&amp;headers=false""></iframe>"
,208,The Business of Artificial Intelligence,DES530,BAI,None,DES201 / DES102 / CSE556 / CSE643 / ECE363,None,Monsoon,Vinish Kathuria,4,DES,None,"<iframe src=""https://docs.google.com/spreadsheets/d/e/2PACX-1vRuoy_d5YCwpycIODuqqpHu1NtwLUv3Eq2fOdFZGfUhNpgFjpWYcXcBiRrMJsFThg/pubhtml?widget=true&amp;headers=false""></iframe>"
,101,"Tangible User Interfaces
",DES531,TUI,"PIS (DES206), DPP (DES201) ","Skills: Programming, Electronics Prototyping, Laser Cutting, Hardware/ Software integration, Figma/Adobe XD/ Sketch. A laptop/ computer that can support high end applications. ",None,Winter,Anmol Srivastava,4,HCD,None,"<iframe src=""https://docs.google.com/spreadsheets/d/e/2PACX-1vQmsdryW7laVf4aVKU-d0SGmyA35XC7oeIb4EpeUFeOhaZdPmYqRITu-g4rPmpd4w/pubhtml?widget=true&amp;headers=false""></iframe>"
,210,3D Creation for Extended Reality (XR),DES532A,3CER,None,Knowledge of Unity and computer graphics is helpful but not mandatory. Students will require to bring their laptops for in-class practices.,None,Winter,Kalpana Shankhwar,2,HCD,None,"<iframe src=""https://docs.google.com/spreadsheets/d/e/2PACX-1vQIs6mdK3IzF6-_47SzqAC7x54hABdA7jLTP3k9xUyshTFhzctfO-4hgxd7jYuQmA/pubhtml?widget=true&amp;headers=false""></iframe>"
,102,Interaction Design Perspectives Methods,DES533,IDPM,None,Introduction to HCI,None,Winter,"Sonal Keshwani (V)
",4,HCD,None,"<iframe src=""https://docs.google.com/spreadsheets/d/e/2PACX-1vTyAycazPBg5jT9iFg41-v11zsmMfr1uUy52CDpSJRA6FwBsWcob0Dbx4N3Y_dBDg/pubhtml?widget=true&amp;headers=false""></iframe>"
,212,Extended Reality in Industry,DES534,ERI,None,Knowledge of Unity and computer graphics is helpful but not mandatory. It will be good to have programming skills.,3CER,Monsoon,Kalpana Shankhwar,4,DES,None,"<iframe src=""https://docs.google.com/spreadsheets/d/e/2PACX-1vRwzzzjl_9mLc9XtN8DMOCE031vtkbd67-Q8qL-yl6nTUJQhBmQP3pT0tBps9elxw/pubhtml?widget=true&amp;headers=false""></iframe>"
,103,Ubiquitous Computing,DES535,UC,None,None,None,Winter,Pragma Kar,4,HCD,None,"<iframe src=""https://docs.google.com/spreadsheets/d/e/2PACX-1vRtjwy5nFZFANk5AUuHgtPPSs_rTNu1UUDmGRgpopnP9-9i3UYiWg2FUxm-AYGirA/pubhtml?widget=true&amp;headers=false""></iframe>"
,214,Design Research,DES536,,,DES 201 (DPP); SSH201 (RMSSD),None,Winter,Anmol Srivastava,2,HCD,None,"<iframe src=""https://docs.google.com/spreadsheets/d/e/2PACX-1vSBIDhLdv3qahLBv74-S-xhtIBTtwzIU-JRLpkoq5ou49ZDc8_cMt3vfueNlQxkmw/pubhtml?widget=true&amp;headers=false""></iframe>"
,104,Design Research Methodology,DES539,DRM,DES 201 (DPP); SSH201 (RMSSD),None,None ,Winter,Anmol Srivastava,4,HCD,None,"<iframe src=""https://docs.google.com/spreadsheets/d/e/2PACX-1vSJJ-qb3rOnWe0cb6WuzbYFFHCu96SsynmvjxccphPRpGcqHUMlZDQhSFr9YNcS_Q/pubhtml?widget=true&amp;headers=false""></iframe>"
,216,Mobile & Ubiquitous Computing,DES591/CSE591,,None,"CSE201, DES102",Mobile Computing (CSE535) and Ubiquitous Computing (DES535) ,Winter,Pragma Kar,4,HCD,CSE,"<iframe src=""https://docs.google.com/spreadsheets/d/e/2PACX-1vTr0MyGw3ZH2rWc3rvzzNiCH81Dtro5fTbfn5YpfLeSR_ii-h9zC4soPWZNmyNxPM3BgPweU_7GVe6T/pubhtml?gid=524543554&amp;single=true&amp;widget=true&amp;headers=false""></iframe>"
,105,Digital Circuits,ECE111,DC,None,None,None,Monsoon,"Pravesh Biyani, Manuj Mukherjee ",4,ECE,None,"<iframe src=""https://docs.google.com/spreadsheets/d/e/2PACX-1vQOt1vyL4i-fim6iwNzOW1qQoPAIxvBF4Pdu-UAmprOyKiaieHYbNs3QmqRKwV6AA/pubhtml?gid=519168484&amp;single=true&amp;widget=true&amp;headers=false""></iframe>"
,218,Basic Electronics,ECE113,BE,None,None,None,Winter,"Vivek Bohara, Sanat Biswas",4,ECE,None,"<iframe src=""https://docs.google.com/spreadsheets/d/e/2PACX-1vQC7AhfaGj0RkLRAlHqEO7urQZMyKG9hDJy3mIQ9XM1CfZ8qAs5XZOJjXK-GsTMdGq__ubH4CAGshXe/pubhtml?gid=576679465&amp;single=true&amp;widget=true&amp;headers=false""></iframe>"
,106,Physics of Semiconductor Devices,ECE210/ECE310,PSD,None,None,None,Winter,Ram Krishna Ghosh,4,ECE,None,"<iframe src=""https://docs.google.com/spreadsheets/d/e/2PACX-1vShCc8Ns1l77xkzrLI2aajTKp9bZYITsw7SVNEWblD0KA7_b5ioLdOClkBi41T9UQ/pubhtml?widget=true&amp;headers=false""></iframe>"
,220,Electronic System Design,ECE211,ESD,"BE (ECE113), Basic Programming",None,None,Winter,Alok K Mittal,4,ECE,None,"<iframe src=""https://docs.google.com/spreadsheets/d/e/2PACX-1vRxlfLRG7sBoUmbvm9D7kRdwnEsx8DzzjWHU6i68BVHLa5UmaaEMMctK_EMjntMrg/pubhtml?widget=true&amp;headers=false""></iframe>"
,107,Integrated Electronics,ECE214,IE,"""ECE111,ECE113,DES130""",None,None,Winter,Mohammad S Hashmi,4,ECE,None,"<iframe src=""https://docs.google.com/spreadsheets/d/e/2PACX-1vTuhOBvJ7cOzHHNB1Jhd-cfJ4uHU2WA733aawOVjyYTHaqjMRUfR2MiwG1PlzCs7CbmWEvwzwKYBVtF/pubhtml?widget=true&amp;headers=false""></iframe>"
,222,Circuit Theory and Devices,ECE215,CTD,None,None,None,Monsoon,Shobha Sundar Ram,4,ECE,None,"<iframe src=""https://docs.google.com/spreadsheets/d/e/2PACX-1vRyXS_kFvHrraFaUYZP_yFPE-KWmF_YcOuItqkVkt20IERFO7nu03gahS0e1d1ntDy-yMB8S741mAS1/pubhtml?gid=1086194027&amp;single=true&amp;widget=true&amp;headers=false""></iframe>"
,108,Fields and Waves,ECE230,F&W,MTH203,None,None,Winter,Sayak Bhattacharya,4,ECE,None,"<iframe src=""https://docs.google.com/spreadsheets/d/e/2PACX-1vQPyhmQdukdA7vX7eAiI8cNDb2ghCa556Fg5tCdy77QPlEuSm9ViZj8a83NsjDfowSncdeQFCWK0BHQ/pubhtml?gid=253098765&amp;single=true&amp;widget=true&amp;headers=false""></iframe>"
,224,Principles of Communication Systems,ECE240,PCS,"""ECE250, MTH201""",None,None,Winter,Ranjitha Prasad,4,ECE,None,"<iframe src=""https://docs.google.com/document/d/e/2PACX-1vQLhCIa65vmaIdTifbzSGEgA8a-nB0X4bWDAYWk9qL3Fvhlho3BS4Z1r3CII_-3NtzX_0o4-dw7ZcIR/pub?embedded=true""></iframe>"
,109,Signals and Systems,ECE250,S&S,MTH100,MTH100,None,Monsoon,Anubha Gupta,4,ECE,None,"<iframe src=""https://docs.google.com/spreadsheets/d/e/2PACX-1vRoQdLkqRGbZnA1HE1lfr2_H5MyuY3tGk7hE5ZfgLPZvCplVYmePqYNi8MNI6BcwQ/pubhtml?gid=1324003836&amp;single=true&amp;widget=true&amp;headers=false""></iframe>"
,226,Embedded Logic Design,ECE270,ELD,None,None,None,Monsoon,Sumit Darak,4,ECE,None,"<iframe src=""https://docs.google.com/spreadsheets/d/1ci-PlOYxHfMLlzln1-mE1YZFeqVirtVK/pubhtml?widget=true&amp;headers=false""></iframe>"
,110,Digital VLSI Design,ECE314/ECE514,DVD,None,"Knowledge of digital logic, basic computer organization and some understanding of RC circuits",None,Monsoon,Anuj Grover,4,ECE,None,"<iframe src=""https://docs.google.com/spreadsheets/d/e/2PACX-1vQ-czG5UwKXaSlxXVOYkXB-PVRrUSsl2Hdg27CHjvYkFS9hqvasEXX6Aje7wcoUsprj5cNk0ibHrvME/pubhtml?gid=578682891&amp;single=true&amp;widget=true&amp;headers=false""></iframe>"
,228,Analog CMOS Circuit Design,ECE315/ECE515,CMOS,None,Electronic Device and Circuit or Network Analysis,None,Monsoon,G S Visweswaran,4,ECE,None,"<iframe src=""https://docs.google.com/spreadsheets/d/e/2PACX-1vRQizAmslIoLP2VlILBGfBVhIfJW9YRBd-iVXIyVI_N4OpfZRlIkxr04vxHXmF6XIDU0XIRbcIzImIT/pubhtml?gid=961648946&amp;single=true&amp;widget=true&amp;headers=false""></iframe>"
,111,Solid State Devices,ECE318/ECE518,SSD,None,None,None,Monsoon,Sneh Saurabh,4,ECE,None,"<iframe src=""https://docs.google.com/spreadsheets/d/e/2PACX-1vTVXcbCHqc1sktT2nnSz0-Xw0MDr8nMbo-daocfDVBX0CS8apVFcFnVt7WN9n2yWw/pubhtml?widget=true&amp;headers=false""></iframe>"
,230,RF Circuit Design,ECE321/ECE521,RFCD,ECE230,None,None,Winter,Dr. M. S. Hashmi,4,ECE,None,"<iframe src=""https://docs.google.com/spreadsheets/d/e/2PACX-1vSEnntXJ3_ouRavmO0DpYOhgF2_8FgxTWvZkqK_qMnWIq0355fCZV3Nhko7NC04Wg8qZP7n1I82RPir/pubhtml?gid=1905858712&amp;single=true&amp;widget=true&amp;headers=false""></iframe>"
,112,Intelligent Product Design Workshop,ECE323/EVE323/ECE526,,None,"ECE211/EVE211 Embedded System Design. The students should have done microcontroller programming and developed and demonstrated a proof of concept of an intelligent IoT product based on either Arduino, Raspberry Pi, STM32, ESP32 etc. platforms before registering for this course.",None,Summer,Anuj Grover,4,ECE,None,"<iframe src=""https://docs.google.com/spreadsheets/d/e/2PACX-1vQWi7zKa_OHUP656BDWrgKGv0Udc-tog-TfHHRvmOZnJlN-eAAHxuGMhwXPxIbG8w/pubhtml?widget=true&amp;headers=false""></iframe>"
,232,Applied Fields and Waves,ECE331/ECE531,AFW,ECE230,None,None,Winter,Debidas Kundu,4,ECE,None,"<iframe src=""https://docs.google.com/spreadsheets/d/e/2PACX-1vTAWwGyZWdiFyn1tPIHD5tsJtwsoT8vB21oeIoURB-TFeSsO7u5rnG21hbdwSb06w/pubhtml?widget=true&amp;headers=false""></iframe>"
,113,Digital Communication Systems,ECE340/ECE540,DCS,"""ECE240""",None,None,Monsoon,Ranjitha Prasad,4,ECE,None,"<iframe src=""https://docs.google.com/spreadsheets/d/e/2PACX-1vQUpN_bwPQTQZm8rmKQ1GlNFmZ9tsLmPQIA3rf5L6VdmOWgdLpPy4pkxTR9Fmt1zA/pubhtml?widget=true&amp;headers=false""></iframe>"
,234,Mobile Communications,ECE343,MCOM,ECE240,None,None,Winter,Information not available,4,ECE,None,"<iframe src=""https://docs.google.com/spreadsheets/d/e/2PACX-1vRFLs119lEYsQPudalmO71ABavyaC0cGiSUVrB3umpYXOnAGMtPbgWhtHqxxPjPXp8Dzmsbuia3Da_O/pubhtml?gid=1832771249&amp;single=true&amp;widget=true&amp;headers=false""></iframe>"
,114,Digital Signal Processing,ECE351,DSP,ECE250,None,None,Monsoon,Manuj Mukherjee,4,ECE,None,"<iframe src=""https://docs.google.com/spreadsheets/d/e/2PACX-1vTg_tMRn_5jNvc5QzC9eXFuvE1IbYR9iPq8-y6jl9NuHUSjuPgc_5qboyex9to0sw/pubhtml?widget=true&amp;headers=false""></iframe>"
,115,Neural Engineering and Implantable Devices,ECE366/ECE566,NEID,ECE215,ECE230,None,Winter,Pragya Kosta,4,ECE,None,"<iframe src=""https://docs.google.com/spreadsheets/d/e/2PACX-1vRDJZWnYowPA48Vg3bHBCTUKM7JRZ41KoEl_4gnK5LTI44TKYDmWeyRFhRDOwpwgw/pubhtml?widget=true&amp;headers=false""></iframe>"
,237,Mixed Signal Design,ECE412/ECE612,MSD,"""ECE315/ECE515""",ECE213,None,Winter,G S Visweswaran,4,ECE,None,"<iframe src=""https://docs.google.com/spreadsheets/d/e/2PACX-1vRHJudGfm6UAL6MV0k_0yXeXfJWeWnyKMKiNiGuIG412-AakGrNjTNqkRgGxBkwUgfnic_4ESiu9vEr/pubhtml?widget=true&amp;headers=false""></iframe>"
,116,Antennas Theory and Design,ECE431/ECE631,ATD,ECE230,Undergraduate Engineering Electromagnetics and Microwave Theory,None,Monsoon,Shobha Sundaram,4,ECE,None,"<iframe src=""https://docs.google.com/spreadsheets/d/e/2PACX-1vSN9bG-m7OjXtNhOIbJr_BipWGGSm4J-BhkEl4IQEk49EbLXC3J7Addq6zraIX52pxA_x6daEtBrIP2/pubhtml?gid=1810125944&amp;single=true&amp;widget=true&amp;headers=false""></iframe>"
,239,Radar Systems,ECE432/ECE632,RS,ECE250,None,None,Winter,Shobha Sundaram,4,ECE,None,"<iframe src=""https://docs.google.com/spreadsheets/d/e/2PACX-1vQgsl8yPvvYsf3rCKB4cG60glfbAouunXEzzaI-O9jw48Lx4Ri7pAgXFcGUnm5iTiM62fSATaKjZeEd/pubhtml?gid=593611867&amp;single=true&amp;widget=true&amp;headers=false""></iframe>"
,117,Statistical Signal Processing,ECE452/ECE552,SSP,"""MTH100,MTH201,ECE250""",ECE501,None,Winter,Pravesh Biyani,4,ECE,None,"<iframe src=""https://docs.google.com/spreadsheets/d/e/2PACX-1vQa5QBomgg0CZNO0W2u9t98wjM_ZoDg1gIUaYHY8nbMmGaAe9Aiwyk6WyP1EtA5B14pJLJifcxorocr/pubhtml?gid=751082229&amp;single=true&amp;widget=true&amp;headers=false""></iframe>"
,241,Probability and Random Process,ECE501,PRP,ECE240,None,None,Monsoon,Chanekar Prasad Vilas,4,ECE,None,"<iframe src=""https://docs.google.com/spreadsheets/d/e/2PACX-1vQEk-OI4FrdgU1QZFx7FY1DnWgiBQB8tx89z4OfFA-hpzMt_JHYDVk6Tb89NRGiHZD16VzQ2csY3LBH/pubhtml?widget=true&amp;headers=false""></iframe>"
,118,Digital Hardware Design,ECE510,DHD,"""ECE270""",None,None,Monsoon,Sumit Darak,4,ECE,None,"<iframe src=""https://docs.google.com/spreadsheets/d/e/2PACX-1vTIjsSenVpraTjQTAf5drfu3T2H3w1pKMIJZIV1vWv3oogFgLeJBQM8tHZMhAl94ZIYe3Hn0iKw3NAm/pubhtml?gid=449284178&amp;single=true&amp;widget=true&amp;headers=false""></iframe>"
,243,VLSI Design Flow,ECE513,VDF,ECE101,None,None,Monsoon,Sneh Saurabh,4,ECE,None,"<iframe src=""https://docs.google.com/spreadsheets/d/e/2PACX-1vSBILHm0XO1pvE1tEmBso4TvZCxtJVfbHsOIAQjXdJ5uTyBiiinSmRGFxCnCmeTdshw8MTLRhBaWp4S/pubhtml?gid=40194904&amp;single=true&amp;widget=true&amp;headers=false""></iframe>"
,119,VLSI Design Flow,"ECE513/ECE313
",VDF,"Digital Circuits, Basics of CMOS Inverter",None,None,Monsoon,Sneh Saurabh,4,ECE,None,"<iframe src=""https://docs.google.com/spreadsheets/d/e/2PACX-1vSd9QtQNcLRrVrMrokU5TvNGkS3KnaJ--RDmADfYlVquNeku_ubbcEXCD5JYLNEVw/pubhtml?widget=true&amp;headers=false""></iframe>"
,245,System on Chip Design and Test,ECE516,SCDT,"""ECE314/ECE514,CSE234""",None,None,Monsoon,Information not available,4,ECE,None,"<iframe src=""https://docs.google.com/spreadsheets/d/e/2PACX-1vRvytVpu9OWDD0ChL7P0BWLZb8_647otAR_LahRXUEpX6PoMdCPmWPXeVWM8qS6y2lSgvs3gR3YCnOL/pubhtml?gid=880797831&amp;single=true&amp;widget=true&amp;headers=false""></iframe>"
,120,Introduction to Nanoelectronics,ECE517,INE,None,None,None,Winter,Information not available,4,ECE,None,"<iframe src=""https://docs.google.com/spreadsheets/d/e/2PACX-1vShi3LIECSSo4BMo1JEQg-y6va5eg7tmovuP_j5IbPe_DcO4VGkQ5_JAMawc3uJVZ3ZE5wL2Tzmd3dP/pubhtml?gid=1389255458&amp;single=true&amp;widget=true&amp;headers=false""></iframe>"
,,Introduction to Nanoelectronics,ECE517,,Physics of Semiconductor Devices (UG) and equivalent for PG,None,None,Monsoon,Ram Krishna Ghosh,4,ECE,None,"<iframe src=""https://docs.google.com/spreadsheets/d/e/2PACX-1vRS-B-I1bHHASwP8x4SB2AgQnO0sSyVI0yOjeoEPIIgDskCHnD8Vuud1ug_iXRE8g/pubhtml?gid=575462015&amp;single=true&amp;widget=true&amp;headers=false""></iframe>"
,248,Intelligent Applications Implementation on Heterogeneous Platforms,ECE519,IAI,CSE112,None,None,Monsoon,Sumit Mediratta,4,ECE,None,"<iframe src=""https://docs.google.com/spreadsheets/d/e/2PACX-1vRRnbm8rgGf0hR7ChO0mX-sDRw5j6YzQVSEeqVve-oKuNUdhnEZ8jkeAvDpFvstKEqfp_WKPRsDi6Yd/pubhtml?gid=222793745&amp;single=true&amp;widget=true&amp;headers=false""></iframe>"
,121,Low Voltage Analog Circuit Design,ECE520,LVACD,ECE315/ECE515,None,None,Monsoon,S S Jamuar,4,ECE,None,"<iframe src=""https://docs.google.com/spreadsheets/d/e/2PACX-1vQcnwVeOofQIYk_QDkTO3cvcu2YmN2VCtFFHNe4sXvAmAvL2yowZ-LBLegX1FOvnUgGRp7epOPIvOKl/pubhtml?gid=7360372&amp;single=true&amp;widget=true&amp;headers=false""></iframe>"
,250,Integrated Circuit Fabrication,ECE522,ICF,None,Solid State Devices & Semiconductor Physics,None,Monsoon,S S Jamuar,4,ECE,None,"<iframe src=""https://docs.google.com/spreadsheets/d/e/2PACX-1vSIDUV_IF6JVCy1HormFvbbK7NM4q7bhp2KhtVE4qlhyZv66C0p4wnRCsjgrcbHz9bvXsjown7Kdmxm/pubhtml?gid=1874838649&amp;single=true&amp;widget=true&amp;headers=false""></iframe>"
,122,Digital Processor Design,ECE523A,DPD,ECE111,ECE 270,None,Monsoon,Amlan Chakrabarty,2,ECE,None,"<iframe src=""https://docs.google.com/spreadsheets/d/e/2PACX-1vRz5wZ73PaySqeXiQ2HK8Wjf7099gLl5WOmxTQewbuKuL27l_3z-fpcx90DHpqRBg/pubhtml?widget=true&amp;headers=false""></iframe>"
,252,Quantum Materials and Devices,ECE524,QMD,Basic Knowledge on semiconductor device physics,Fundamentals of Solid State Devices,None,Monsoon,Ram Krishna Ghosh,4,ECE,None,"<iframe src=""https://docs.google.com/spreadsheets/d/e/2PACX-1vRzbblWvKXPOSfV2k8dCckaDFjtFEK2bkuG-PeAW4ysmgDkC3ohujWpWto3BAjI9w/pubhtml?widget=true&amp;headers=false""></iframe>"
,123,Quantum Mechanics,ECE525,QM,MTH100,MTH201,None,Monsoon,Sayak Bhattacharya,4,ECE,None,"<iframe src=""https://docs.google.com/spreadsheets/d/e/2PACX-1vSPitPtv70lgpWqiazyDzOgaC6sY6Vc025Al73vzHX2uOoEChVu7w21WWoV3Aswxw/pubhtml?widget=true&amp;headers=false""></iframe>"
,254,Quantum Mechanics,ECE525,QM,MTH100,MTH201,None,Monsoon,Sayak Bhattacharya,4,ECE,None,"<iframe src=""https://docs.google.com/spreadsheets/d/e/2PACX-1vRoDf4gcpWHDURoUoudIS5gT4O3X3T-kI3SFZHiyyKMD7-JujPTWVmldDmd2JVmrvSe1g-9I4jWBrdz/pubhtml?widget=true&amp;headers=false""></iframe>"
,124,Advanced Digital Design and Verification,ECE527,ADDV,VLSI Design Flow (ECE313/ECE513),C++ or Concepts of Object-oriented Programming,None,Monsoon,Sneh Saurabh,4,ECE,None,"<iframe src=""https://docs.google.com/spreadsheets/d/e/2PACX-1vQVynH-S6S23kLJNY46Y_aiFQPiQyeMpobo8sRg_IWNdZR2mhc5XDEDacKK34hzDg/pubhtml?widget=true&amp;headers=false""></iframe>"
,256,Quantum Optics,ECE529,,,"Quantum Mechanics (ECE525), F&W (ECE230)",None,Winter,Sayak Bhattacharya,4,ECE,None,"<iframe src=""https://docs.google.com/spreadsheets/d/e/2PACX-1vRfM2Ts0SjXr_G2AHpc3xqG01ZUsdDDLMa1NpBHB8n6BrKn3rVjxFWeaLzVCc-USA/pubhtml?gid=654790618&amp;single=true&amp;widget=true&amp;headers=false""></iframe>"
,125,Quantum Communication and Networks,ECE530,QCN,Probability and Stochastic Process,None,None,Monsoon,Abhijit Mitra,4,ECE,None,"<iframe src=""https://docs.google.com/spreadsheets/d/e/2PACX-1vQuFjXPoO_F0VvOzzIGSP2bbJcvCbjpRsQg_W--IhuhHzBqXaXtzUmVUl0ta4D6WQ/pubhtml?widget=true&amp;headers=false""></iframe>"
,258,Optical Fiber Networks for Industry 4.0,ECE532,OFNI,None,"Optical Communication Systems (ECE534),
Digital Communication Systems (ECE340/ECE543)",Next Generation Optical Networks (ECE532),Monsoon,Abhijit Mitra(V),4,ECE,None,"<iframe src=""https://docs.google.com/spreadsheets/d/e/2PACX-1vR5G6Zg57ox-mEaEzEQulBcRreHhmVRWJSHHcKTcjm3m_j3MqJuH6Qq87mkWy1i0lmYps3WwyEsxLcY/pubhtml?widget=true&amp;headers=false""></iframe>"
,126,Satellite Navigation and Sensor Fusion,ECE533,SNSF,ECE351,ECE501,None,Monsoon,Sanat Biswas,4,ECE,None,"<iframe src=""https://docs.google.com/spreadsheets/d/e/2PACX-1vS8IMVi0mwXQxh_0WMMCzxhjRedCr9pn01lfPi3FMEJYkenZ5VLLiSDeG4Ksc4qksTKNMxs9_ELYoAQ/pubhtml?gid=339058219&amp;single=true&amp;widget=true&amp;headers=false""></iframe>"
,260,Optical Communications Systems,ECE534,OCS,ECE240,None,None,Winter,Anand Srivastava,4,ECE,None,"<iframe src=""https://docs.google.com/spreadsheets/d/e/2PACX-1vSSNQBnaHO8iLGqkwSWSUwJXRYdUj9UPiqeZeAloJAZ__aXTTHtvsYXBG5WX-dp72uKEBbnkL0343nY/pubhtml?gid=2075901202&amp;single=true&amp;widget=true&amp;headers=false""></iframe>"
,127,Optical Networking,ECE536s,ON,None,"CSE636/ECE636, ECE534, CSE102",None,Summer,Information not available,2,ECE,None,"<iframe src=""https://docs.google.com/spreadsheets/d/e/2PACX-1vT1npkDd7iTCJyRT2jfO-WdwB8bi3DnmVPnhkTjK20WOXc-a9ONqXDCutO5nv9bESOKCWAtw8NS4nxi/pubhtml?gid=584059702&amp;single=true&amp;widget=true&amp;headers=false""></iframe>"
,262,Wireless Communication Evolution from 3G to 5G,ECE537,WCE,ECE240,"ECE340, ECE543",None,Winter,Vivek Bohara,4,ECE,None,"<iframe src=""https://docs.google.com/spreadsheets/d/e/2PACX-1vQvaXefa02xfmybLvhEVLl70n-swMP72s6AAZky1f25dBqefkCTShjsbagbMGiAddUezPuZv6APDwxb/pubhtml?gid=1865300213&amp;single=true&amp;widget=true&amp;headers=false""></iframe>"
,128,Wireless System Implementation,ECE539,WSI,ECE240,"ECE340, ECE543",None,Winter,Vivek Bohara,4,ECE,None,"<iframe src=""https://docs.google.com/spreadsheets/d/e/2PACX-1vTL_KanHRyQCtS-X_8SFxBArMKy4OvKGT_N-oe2aRofgZwKihEUNS25AYvJMWvxjF4_NCy3nZ9Lk5Te/pubhtml?gid=1809883536&amp;single=true&amp;widget=true&amp;headers=false""></iframe>"
,264,Principals of Digital Communication System,ECE543,PDCS,ECE240,ECE501,None,Monsoon,Anand Srivastava,4,ECE,None,"<iframe src=""https://docs.google.com/spreadsheets/d/e/2PACX-1vQfxwmvJ8BUnIn4R9yioAVcr45PMZsx5ANLuF1rDj8TrVUHkSitzz12Xyo1jkljg0JDcAAcYLCOW-zf/pubhtml?widget=true&amp;headers=false""></iframe>"
,129,Photonics: Fundamentals & Applications,ECE545,Pho,ECE230,None,None,Monsoon,Sayak Bhattacharya,4,ECE,None,"<iframe src=""https://docs.google.com/spreadsheets/d/e/2PACX-1vQ5F2tu_Dx0upTOsVSgx6sjHi0nYprSI8DDORnvXAZoybRm54d7UzvYZLJvlYlFQo8o6sVzWXtpkfdt/pubhtml?widget=true&amp;headers=false""></iframe>"
,266,Optical and Wireless Convergence for Beyond 5G Networks and IoT,ECE546,OWC,None,ECE340,None,Monsoon,Anand Srivastava,4,ECE,None,"<iframe src=""https://docs.google.com/spreadsheets/d/e/2PACX-1vQBwuzOQmwZtJGuFhHTYPn5VT30JjQ2h0NkruivBY-d7CEIR39hcLe2iNZik3ctHQ/pubhtml?widget=true&amp;headers=false""></iframe>"
,130,Advanced Digital Communication,ECE548,ADC,PCS ECE 240,None,None,Monsoon,"
Shamik Sarkar",4,ECE,None,"<iframe src=""https://docs.google.com/spreadsheets/d/e/2PACX-1vTadt1HNJU1rL7JsrGLXgFrF0DETDCW_BH28eTuNZi8U8fs8NOgZxJaTZx5pJ49LQ/pubhtml?widget=true&amp;headers=false""></iframe>"
,131,Compressive Sensing,ECE554,CS,"""MTH100""",None,None,Monsoon,Information not available,4,ECE,None,"<iframe src=""https://docs.google.com/spreadsheets/d/e/2PACX-1vQkA8yrkBORMAHVdIV-WT2OZUEhptQtXBEwRNqJ84yOaVWaGGQqke7O1jOqUJ9gj6WOxdvhBzpsCZei/pubhtml?gid=1670586574&amp;single=true&amp;widget=true&amp;headers=false""></iframe>"
,269,Speech Recognition and Understanding,ECE557,SRU,ECE250,"ECE351,CSE343/CSE543/ECE563 or CSE342",None,Winter,Saket Anand,4,ECE,None,"<iframe src=""https://docs.google.com/spreadsheets/d/e/2PACX-1vSuMQLGFqWOyIQnc67BL62YquFKb5QrR0REJOO8TMy-1Dr1tQgqHvhelc7AyX6FvWsT32rxiHXTQKXH/pubhtml?gid=765051112&amp;single=true&amp;widget=true&amp;headers=false""></iframe>"
,132,Transform Learning and Applications,ECE558,TLA,MTH100,None,ECE362/ECE562,Winter,Anubha Gupta,4,ECE,None,"<iframe src=""https://docs.google.com/spreadsheets/d/e/2PACX-1vRcAQnMRjITVE2pv-uJzE_vHvNZu2DvvmX2ia8yu3eD0e0XN-8lsaCQvBv58GxxP_zpRUiATgLq0AdK/pubhtml?gid=1838957601&amp;single=true&amp;widget=true&amp;headers=false""></iframe>"
,271,Modeling and Analysis of Random 5G Networks,ECE55G,5GN,MTH201,MATLAB,None,Winter,Gourab Ghatak,4,ECE,None,"<iframe src=""https://docs.google.com/spreadsheets/d/e/2PACX-1vQfyHHAcYpQRiCinkayKyM7MjrUu_pb9KdPEB4gT40mrWmZpz4UN3Dhmy-XtSARcC0sUgTWaxDmjdDP/pubhtml?gid=1826367433&amp;single=true&amp;widget=true&amp;headers=false""></iframe>"
,133,Data Processing and Management,ECE560,DPM,None,None,Advanced Programming (CSE201),Monsoon,Pravesh Biyani,4,ECE,None,"<iframe src=""https://docs.google.com/spreadsheets/d/e/2PACX-1vS32MxbiFv8wJyT7wRZ3I6jG8IyjIP3PI6m8qOrbjaCLXRRh7YFLDJbimf8-xPD5g/pubhtml?widget=true&amp;headers=false""></iframe>"
,273,Reinforcement Learning,ECE564/CSE564,RL,MTH201,None,None,Monsoon,Sanjit Kaul,4,CSE,ECE,"<iframe src=""https://docs.google.com/spreadsheets/d/e/2PACX-1vTKIqaEN4uGpJQuX-p8FGZh7cZL6EVhSwmZG8IdDdwembXbyalNbgjIH9bgKtXsJyDadLtNNcIzRyfD/pubhtml?gid=1272120888&amp;single=true&amp;widget=true&amp;headers=false""></iframe>"
,134,Machine Learning in Wireless Communication and Networks,ECE564A,MLWCN D,ECE240,Machine Learning (ECE 363/563; CSE 343),None,Monsoon,Shamik Sarkar,2,ECE,None,"<iframe src=""https://docs.google.com/spreadsheets/d/e/2PACX-1vTg_qQCa9RWSW-1BSy9bO2UE1bS7kMN_iLGo8pKh5KDMMtXarACJJt_JY-PlDIhWQ/pubhtml?widget=true&amp;headers=false""></iframe>"
,275,Tomographic Imaging,ECE565,TI,MTH100,None,None,Monsoon,Prabhat Munshi,4,ECE,None,"<iframe src=""https://docs.google.com/spreadsheets/d/e/2PACX-1vQm6SxHPO3sUbUGjuATTQdnAo5dhvHqA4cGtjntvggEvWHH3BvcYeSNq2bUKOTILg/pubhtml?widget=true&amp;headers=false""></iframe>"
,135,Nano and Metaphotonics,ECE567,NMP,Fields and Waves (ECE230),None,None,Winter,Sukanta Nandi,4,ECE,None,"<iframe src=""https://docs.google.com/spreadsheets/d/e/2PACX-1vT0QWGmbtTTznEYybSSj_rkziPPsVtxBF1kN21GXv1dSYqZ55xyUTr4rN-gykXfcQ/pubhtml?widget=true&amp;headers=false""></iframe>"
,277,Linear Systems Theory,ECE570,LST,None,None,Control Theory (ECE570),Monsoon,Sanat K Biswas,4,ECE,None,"<iframe src=""https://docs.google.com/spreadsheets/d/e/2PACX-1vR7FJ_jjvysBsYvH_EBvCp2NOPWQkuxiyUQx3pjHDP_BGg8bxnG7xwcOpr8dRwARLDVUZZpQayOlZif/pubhtml?widget=true&amp;headers=false""></iframe>"
,136,Optimal Control Systems,ECE571,OCNS,None,None,None,Winter,Information not available,4,ECE,None,"<iframe src=""https://docs.google.com/spreadsheets/d/e/2PACX-1vQw0jEH90cKjDDs-ip0jUhWfDX2Urnsppi52F5tALRXF4ej2quxec-bvT8dNx9T_vjVvVnLIhqRBI1C/pubhtml?gid=1686437063&amp;single=true&amp;widget=true&amp;headers=false""></iframe>"
,279,Estimation Theory for dynamic systems,ECE572,ET,ECE501,ECE570,None,Winter,Sanat Biswas,4,ECE,None,"<iframe src=""https://docs.google.com/spreadsheets/d/e/2PACX-1vQrlpFU0okzKneqYY98_xcV3hVfizIKsWbL_ytBnWQr4i-4Zle7FKRiwGP-xI9BYw/pubhtml?widget=true&amp;headers=false""></iframe>"
,137,Advanced Embedded Logic Design,ECE573,AELD,"""CSE234""",None,None,Winter,Sumit Darak,4,ECE,None,"<iframe src=""https://docs.google.com/spreadsheets/d/e/2PACX-1vS13Rucpez-vNfUkRWwUo8p6Xhh6BmjMjnDRk8y075Rzr2ewapADsOTN8dN9ofgGjBb_HU5UF-OPDse/pubhtml?gid=933597952&amp;single=true&amp;widget=true&amp;headers=false""></iframe>"
,281,Machine Learning Techniques for Real-time Control,ECE577,MLRC,None,"MTH100, CSE343/CSE543/ECE563, ECE570",None,Winter,Sayan Basu Roy,4,ECE,CSE,"<iframe src=""https://docs.google.com/spreadsheets/d/e/2PACX-1vQF5cyohddJ2tk-BlV9E7MB515lZAQxl4gu8SKtQzuOsXiRu_kX7ZtRmymLsB4y7X_7stXfPC-tHSYk/pubhtml?gid=723560753&amp;single=true&amp;widget=true&amp;headers=false""></iframe>"
,138,Nonlinear and Adaptive Control of Robotic Systems,ECE579,NLR,None,ECE570,None,Monsoon,Sayan Basu Roy,4,ECE,None,"<iframe src=""https://docs.google.com/spreadsheets/d/e/2PACX-1vTf4BKK2zWsqC-shP1n9XSHTJDSr6Og0qFKzL3SVivYVL8V3qSbPcemy6NOhFVpWdl9aAGPZ3W7nqEl/pubhtml?gid=1577375683&amp;single=true&amp;widget=true&amp;headers=false""></iframe>"
,283,Autonomous Driving,ECE581,AD,None,None,None,Winter,Information not available,2,ECE,None,"<iframe src=""https://docs.google.com/spreadsheets/d/e/2PACX-1vTbObMB0hzHJGVyTFExJssiqSENgdeqg6Jb7YJCu99fvwW2y2cbqdOByNGt81WgG-PzIH3jtR-saLWF/pubhtml?gid=684907388&amp;single=true&amp;widget=true&amp;headers=false""></iframe>"
,139,Task Priority Control of Robots,ECE582,,None,ECE570,None,Winter,Sayan Basu Roy,4,ECE,None,"<iframe src=""https://docs.google.com/spreadsheets/d/e/2PACX-1vQ5cNVC5cRs_n05he8nDDQYR8zYeToVOGbIYkvy-LYmm-3rgWhjBGfeM1KKHUgMHQ/pubhtml?gid=671917340&amp;single=true&amp;widget=true&amp;headers=false""></iframe>"
,285,Object Oriented Programming and Design,ECE600A,OOPD,None,None,CSE101 / CSE201,Monsoon,Arani Bhattacharya,2,CSE,None,"<iframe src=""https://docs.google.com/spreadsheets/d/e/2PACX-1vSnR_rpT97G-ypiBAYvMVfhGYw_s_6RYTBp8J4lTKNHm-AEqOKN2Zdr6Gl-H4cj8A/pubhtml?widget=true&amp;headers=false""></iframe>"
,140,Memory Design and Testing,ECE611,MDT,"""ECE111, ECE113""","Digital VLSI Design (ECE314/514), Integrated Electronics (ECE214)",None,Winter,Anuj Grover,4,ECE,None,"<iframe src=""https://docs.google.com/spreadsheets/d/e/2PACX-1vQe4Y7RfQT5Zy_BlIVZv9OO8OLrjYlYj_INfpooIFI1NOuC77NwJ671e1Up8LYG3AnBWcfsW6_FIBYy/pubhtml?gid=1844746226&amp;single=true&amp;widget=true&amp;headers=false""></iframe>"
,287,Advanced Solid-state Devices (ASD),ECE613,ASSD,Physics of Semiconductor Devices (UG) and equivalent for PG,None,None,Winter,Sneh Saurabh,4,ECE,None,"<iframe src=""https://docs.google.com/spreadsheets/d/e/2PACX-1vTyq0f_N9ma1PjqP9cE-DlPqngCcxFqGZndvqsP638pweiXKDJKzYEIv7KXTO5zlQ/pubhtml?widget=true&amp;headers=false""></iframe>"
,141,Emerging Memory Devices for Neuromorphic Computing ,ECE614,EMDNC,Basic knowledge of semicondcutor physics and devices,None,None,Winter,Anuj Kumar,4,ECE,None,"<iframe src=""https://docs.google.com/spreadsheets/d/e/2PACX-1vRYXktik4iIMvR1dKnEHQ5uiRQ5ZIIEhMMOptn6NNKzo4HAmHOI9H8cBVQcTWeMug/pubhtml?gid=385519900&amp;single=true&amp;widget=true&amp;headers=false""></iframe>"
,,Functional Safety for Safety Critical Systems,ECE615A,,ECE111 Digital Circuits; ECE270 Embedded Logic Design,"ECE314/ECE514 Digital VLSI Design; ECE516 System on Chip Design and Test, MTH201 Probability and Statistics (helpful for failure-rate topics)",None,Monsoon,Aarul Jain,2,ECE,None,"<iframe src=""https://docs.google.com/spreadsheets/d/e/2PACX-1vRDJeYXbmoNpZzK9E0l2rbStDq8VDDK_IiLut1GUJoaJNK7Z1mqrum7EdE280WTsA/pubhtml?gid=1402966077&amp;single=true&amp;widget=true&amp;headers=false""></iframe>"
,290,Information Theory,ECE634,InT,ECE501 / MTH201,None,None,Winter,Manuj Mukherjee,4,ECE,None,"<iframe src=""https://docs.google.com/spreadsheets/d/e/2PACX-1vRkBbdNtHaiIT_SxoVMxi9LgDwf839YQa_X8OQyPmkC2ipGSVeFpb_Ic9SGE8ZDow/pubhtml?widget=true&amp;headers=false""></iframe>"
,142,Applied Optimization Methods for Machine Learning,ECE666 / CSE517,AOMML,,"Machine learning, Linear Algebra, Numerical Methods",None,Winter,Bapi Chatterjee,4,ECE,None,"<iframe src=""https://docs.google.com/spreadsheets/d/e/2PACX-1vRZ1vFCi1ejAkVbyh7UsSTAtbXNCjS6FvFX-boN0L2vJKr1B_bafLlae7Tx4vrRlQ/pubhtml?widget=true&amp;headers=false""></iframe>"
,292,Introduction to AI in Medical Imaging,ECE667A,IAMI,"MTH201, MTH100, Vector Calculus",None,None,Monsoon,Dattesh D Shanbhag + Rajesh Langoju,2,CSE,None,"<iframe src=""https://docs.google.com/spreadsheets/d/e/2PACX-1vTRcHRqBVF7M_qUBSx-qGVrOu4LXtgpIcaWafJTP1W-ATp696H49lzRsPHML73Mr-QupiVq3ewwEe1B/pubhtml?widget=true&amp;headers=false""></iframe>"
,143,Stochastic Estimation and Control,ECE672,SEC,ECE501,None,None,Winter,Information not available,2,ECE,None,"<iframe src=""https://docs.google.com/spreadsheets/d/e/2PACX-1vTCusVs65jZpaxAwkHoJVIO_BijJj4hS5FDDgaQXAnihBJ4VQ0sghPySKVA824cCzpQPuf1InupT4FD/pubhtml?gid=1955666937&amp;single=true&amp;widget=true&amp;headers=false""></iframe>"
,294,Advances in Deep Learning,ECE677/CSE677,ADL,Deep Learning OR AML,None,None,Monsoon,A.V.Subramanyam,4,ECE,None,"<iframe src=""https://docs.google.com/spreadsheets/d/e/2PACX-1vRWvi1X9j53N90_nS58FPIK9XFRW2WpJsLvf6NM8iaCxHGnwg4LbQgr8cQJsIMFnw/pubhtml?gid=353965048&amp;single=true&amp;widget=true&amp;headers=false""></iframe>"
,144,Principles OF Economics,ECO201,,None,None,None,Winter,Kiriti Kanjilal,4,SSH,None,"<iframe src=""https://docs.google.com/spreadsheets/d/e/2PACX-1vQem9wu8NllFJeooFnwMFMNRNtw-XgWprICVLpL6YL6fuLv9DbepeJR7QjHoEjIyw/pubhtml?widget=true&amp;headers=false""></iframe>"
,296,Econometrics I,ECO221,ECO,"""MTH201""",None,"""ECO302""",Monsoon,Gaurav Arora,4,SSH,None,"<iframe src=""https://docs.google.com/spreadsheets/d/e/2PACX-1vQbWh1XOV11Cdr2ZhWbxVNa6R0z5_ORospxXY8HbyFWuHVTjfCEU3HHyqiXVcVmpOSFtf81msKq6h1V/pubhtml?gid=1795411297&amp;single=true&amp;widget=true&amp;headers=false""></iframe>"
,145,Money and Banking,ECO223,MB,None,None,None ,Winter,Kiriti Kanjilal,4,SSH,None,"<iframe src=""https://docs.google.com/spreadsheets/d/e/2PACX-1vRurK1hCGWZ-gbx5yB2UUpRx35Y19O889ycMCg8xpu1Fhv8C4ZtWtQD1Hro04pM05DUuZQeZYKDwhIk/pubhtml?widget=true&amp;headers=false""></iframe>"
,298,Introduction to Economic Analysis,ECO301,IEA,None,"Matrix Algebra, Calculus",None,Monsoon/Winter,Information not available,4,SSH,None,"<iframe src=""https://docs.google.com/spreadsheets/d/e/2PACX-1vSF2sqt5ooHkh2oZuedcZEDmkP8IICCxA5ng_pc0wIxlUpF5S_IfTAM2p-revRvmAQ7ZKT_iJcowTUv/pubhtml?widget=true&amp;headers=false""></iframe>"
,146,Microeconomics,ECO301,ME,None,None,ECO101,Winter,Souvik Datta,4,SSH,None,"<iframe src=""https://docs.google.com/spreadsheets/d/e/2PACX-1vRyEVpQBQH8DSCYgzklXV4MNViLCBTbknM0-ntIJSHcjYNagTdKFc0JeRp458QBsaX1uPrPl0dt0pC0/pubhtml?widget=true&amp;headers=false""></iframe>"
,300,Game Theory,ECO311/ECO511,GMT,None,None,"""ECO304""",Monsoon,Rakesh Chathurvedi,4,SSH,None,"<iframe src=""https://docs.google.com/spreadsheets/d/e/2PACX-1vQvlemicxrj1_sGl369TxA98tDam017sTop3MDJUogpsXDZzK3TQkhZX8CSl9M-Kg/pubhtml?widget=true&amp;headers=false""></iframe>"
,147,Industrial Organization,ECO312/ECO512,IO,"""ECO101 or ECO311""",None,None,Winter,Kiriti Kanjilal,4,SSH,None,"<iframe src=""https://docs.google.com/spreadsheets/d/e/2PACX-1vTRwQZgK-NLAIceBY6L5GvBAMmv02PdP-K3XloTf_GBG-0kSliQc--YsZEJT0G_PWzTv0j3OPrVKZl3/pubhtml?gid=344427084&amp;single=true&amp;widget=true&amp;headers=false""></iframe>"
,302,Market Design,ECO313,MD,ECO311,None,None,Winter,Information not available,4,SSH,None,"<iframe src=""https://docs.google.com/spreadsheets/d/e/2PACX-1vQbItSSkNj5jAqSuCz2qdGcP2Wa0MsNklXBz-xlyhAvreChPAeirgXVPOh6bIgKITNLLYsz5MNmpsKJ/pubhtml?gid=2056207433&amp;single=true&amp;widget=true&amp;headers=false""></iframe>"
,148,Behavioural Economics,ECO314,BEco,"""MTH201""",ECO101,None,Monsoon,Kiriti Kanjilal,4,SSH,None,"<iframe src=""https://docs.google.com/spreadsheets/d/e/2PACX-1vTCM-MNtzFDnzXurWBfDnj9SzOrgKy46SH-LKG_Va1SfTkTtLU9jXA4ePkY9CABCSI6QrxWYCFw7MiI/pubhtml?gid=1775787068&amp;single=true&amp;widget=true&amp;headers=false""></iframe>"
,304,Econometrics II,ECO322/ECO522,Econ-2,ECO221,None,None,Monsoon,Gaurav Arora,4,SSH,None,"<iframe src=""https://docs.google.com/spreadsheets/d/e/2PACX-1vRS73wSmJT6DJ7IqgKMXm-NOFQYKZ8HEwbTnKH6Pevmm3tiWi9EeCY7P_tPOBbT2zhnFeKEsTqiFo1s/pubhtml?gid=146409765&amp;single=true&amp;widget=true&amp;headers=false""></iframe>"
,149,Causal Inference,ECO323/ECO523,CI,Econometrics I or Statistical Inference,"Familiarity with either Stata or R, Microeconomics",None,Monsoon,JV Meenakshi,4,SSH,None,"<iframe src=""https://docs.google.com/spreadsheets/d/e/2PACX-1vSFADukZ-FtbK3BEKF3HjrCn7vvTGqpa-hFhJnCJf7h7iRUNiCqtb2EqX7whJNOHQ/pubhtml?widget=true&amp;headers=false""></iframe>"
,306,Spatial Statistics and Spatial Econometrics,ECO324/ECO524,SSSE,"""ECO221""",MTH372,None,Winter,Gaurav Arora,4,SSH,None,"<iframe src=""https://docs.google.com/spreadsheets/d/e/2PACX-1vSVKVKsnbN_kav3FyATUNk4g7KO-_-Scnyx1bYKoQkARzpn5SvbOo8lruk9oCnq1zCS7ICBZu3vqGJs/pubhtml?gid=684824424&amp;single=true&amp;widget=true&amp;headers=false""></iframe>"
,150,Econometrics with Machine Learning,ECO325/525,,ECO221 (Econometrics I) or Machine Learning,Statistical Machine Learning,None,Monsoon,Gaurav Arora,4,SSH,None,"<iframe src=""https://docs.google.com/spreadsheets/d/e/2PACX-1vTkH4y-4CwWkRpaQA82BdlKcrJ0pzGgZh5zS7C8vA8CEVsqxmNXAF5HsnmGFOZ-WQ/pubhtml?gid=457658713&amp;single=true&amp;widget=true&amp;headers=false""></iframe>"
,308,Foundations of Finance,ECO331,FF,None,None,None,Monsoon,Pankaj Vajpayee,4,SSH,None,"<iframe src=""https://docs.google.com/spreadsheets/d/e/2PACX-1vSqASCIC4m8ambnvjiNMxEtQCYd38l1qCZ10Qw9We_XMC8M_43i5hxZnckhydZ8gC4sxlzvYOzNoha-/pubhtml?gid=615875335&amp;single=true&amp;widget=true&amp;headers=false""></iframe>"
,151,Valuation and Portfolio Management,ECO332,VPM,None,None,None,Winter,Pankaj Vajpayee,4,SSH,None,"<iframe src=""https://docs.google.com/spreadsheets/d/e/2PACX-1vQ0CR7wcd7RgqST0G5jAVAeL8f_XrKudd8z-50p2JUgtjsTlW1I1Da2kxemR55ji8awvGtz_Wkc_gTv/pubhtml?widget=true&amp;headers=false""></iframe>"
,310,Macroeconomics,ECO333,MA,None,None,None,Monsoon,Kiriti Kanjilal,4,SSH,None,"<iframe src=""https://docs.google.com/spreadsheets/d/e/2PACX-1vSQm__wiWb45jpETd-ze8dw6chGrjNRzqm3_TjOyOlaPD1xUejT2ePeHkyllYSpnMxz3qS7fxb6O-Mp/pubhtml?widget=true&amp;headers=false""></iframe>"
,152,Derivatives and Risk Management,ECO333,,"""ECO331 or ECO332""",Microeconomics OR Macroeconomics,None,Monsoon,Information not available,4,SSH,None,"<iframe src=""https://docs.google.com/spreadsheets/d/e/2PACX-1vRsB5s0Yj8HexyWRrRu8FTDLB39hkw5wDWxlbPLbO5E3j7qgMHPptJs5NaEiNJkFjQmCQ1PfO0Cfk3y/pubhtml?gid=501517044&amp;single=true&amp;widget=true&amp;headers=false""></iframe>"
,312,Markov Decision Processes,ECO341/ECO541,MDP,"""MTH100, MTH 201, MTH203""",None,None,Monsoon,Rakesh Chaturvedi,4,SSH,None,"<iframe src=""https://docs.google.com/spreadsheets/d/e/2PACX-1vTQ5Tr9JFtMEIZXklIx_0V5MPn_eGAPJ9KRZRy75JaZIVtDNdAJg2es4TE4vvs6hg/pubhtml?widget=true&amp;headers=false""></iframe>"
,153,Contract Theory,ECO502,CT,None,"ECO301, MTH577",None,Monsoon,Rakesh Chaturvedi,4,SSH,None,"<iframe src=""https://docs.google.com/spreadsheets/d/e/2PACX-1vSv-Msn5LXZN5dNBJ2VxZ3r52iNfSJILeT2um9paAkY1Ff3iXff7zkyNYAS2yZMyg/pubhtml?widget=true&amp;headers=false""></iframe>"
,314,Decision Theory,ECO503,DT,None,None,None,Monsoon,Rakesh Chathurvedi,4,SSH,None,"<iframe src=""https://docs.google.com/spreadsheets/d/e/2PACX-1vTB5l6JZbxIYl6wXK_oD-QGiGX_JjdJaA449GSydqD3lQFjiv_LbhnrBuJWOmNFSjJi3d2nMnc7S8sB/pubhtml?gid=1303111660&amp;single=true&amp;widget=true&amp;headers=false""></iframe>"
,154,Research Methods,ENG599s,RM,None,None,None,Winter,Manuj Mukherjee,2,OTHERS,None,"<iframe src=""https://docs.google.com/spreadsheets/d/e/2PACX-1vRtZpU9FHAqW7clCRudRLG2-SpsQVOTSafSLg8AN8O-63oMXgV90iG2SSlLK1KgVw/pubhtml?widget=true&amp;headers=false""></iframe>"
,,Foundations of Entrepreneurship,ENT201/ENT405,,None,None,None,Monsoon,Anupam Saronwala,4,SSH,None,"<iframe src=""https://docs.google.com/spreadsheets/d/e/2PACX-1vQRVFfCCL6A2yyfAWe6Ae-OkMpUZ8yjJjOJKHg4N_SVl8_W7-zkJKRoDbS7qhIBLw/pubhtml?widget=true&amp;headers=false""></iframe>"
,155,Social Entrepreneurship,ENT202/ ENT404,SoE,None,None,ENT202,Monsoon,Jyoti Sharma,4,SSH,None,"<iframe src=""https://docs.google.com/spreadsheets/d/e/2PACX-1vQrNc74a90jokLP2QETSSdN_szxt0210ocwzapp1MrgTd5JeyuFHAcEHtOTUXdmNw/pubhtml?widget=true&amp;headers=false""></iframe>"
,318,Design Thinking and Innovation,ENT302,DTI,None,Product Development Experience,None,Winter,Rajbir Singh (V),4,SSH,None,"<iframe src=""https://docs.google.com/spreadsheets/d/e/2PACX-1vTR8vQcXko6eBI5mO4h3NIgfp7y38OceNLS7EW8mBKqp9qcNPPzY6eceSpv-e0HXw/pubhtml?widget=true&amp;headers=false""></iframe>"
,156,Experiential Learning,ENT303A,EL,None,None,None,Monsoon,Jyoti Sharma,2,ENT,None,"<iframe src=""https://docs.google.com/spreadsheets/d/e/2PACX-1vRdhMWVy-Z1dFzdZuHSQq8YpbZ9Efb6ha0dw72a20sJsZyeJGMTliwpkhhq2wxv3w/pubhtml?widget=true&amp;headers=false""></iframe>"
,320,Digital Technologies and Social Entrepreneurship,ENT304,DTSE,None,None,None,Winter,Jyoti Sharma ,4,SSH,None,"<iframe src=""https://docs.google.com/spreadsheets/d/e/2PACX-1vTr1gutjI_9fEIBTgP7dN6ux-EBM2TFxfZJAw-ueS8o3zIr8kD61reG18-1_Bc7sQ/pubhtml?widget=true&amp;headers=false""></iframe>"
,157,"Social Innovation, Corporate Social Responsibility and Sustainable Development",ENT305,SICSRSD,None,"Students who are interested in being instrumental in finding innovative solutions to problems that they see around them will benefit from this course. The course will help them to deconstruct issues, identify problem areas and find solutions to create social and economic value.",None,Winter,Aheli Chowdhury,4,SSH,None,"<iframe src=""https://docs.google.com/spreadsheets/d/e/2PACX-1vTB9Xkps3yrTj9rpFnV1_VLAMB5KimJiHYvm9X45yApKIoZZVHSKP3smEB2pA-fGw/pubhtml?widget=true&amp;headers=false""></iframe>"
,322,Introduction to Fintech ,ENT306,,,"ECO 331, ECO 332, ",None,Summer,Vinay Singh,4,SSH,None,"<iframe src=""https://docs.google.com/spreadsheets/d/e/2PACX-1vR463ntf3RClfxPQDYo7fh0NWoqnuUs3fmiQKECkMkbbQxby0QfTTos2J7NPHDojQ/pubhtml?widget=true&amp;headers=false""></iframe>"
,158,Marketing of Services,ENT307 ,,None,ENT301 (Foundations of Marketing),None,Monsoon, Nalin Jain,4,SSH,None,"<iframe src=""https://docs.google.com/spreadsheets/d/e/2PACX-1vSzyJSYNYUdUxSvOfQ_RevwKmxeaeLeyzjzvdvPpmXY3NucLaqjvUgzSop3IEwvKg/pubhtml?widget=true&amp;headers=false""></iframe>"
,324,Setting up GCCs in India,ENT308,,None,None,None,Winter,Shree Pandit,4,SSH,None,"<iframe src=""https://docs.google.com/spreadsheets/d/e/2PACX-1vSam_zG5UhzEwaTnEVx-VzXgVQOcJ3qkjnC9rBAAcdcCLWPy0B9FpEBdwLMLxjjwg/pubhtml?widget=true&amp;headers=false""></iframe>"
,,Financial Institutions & Markets,ENT309,F&M,None,None,None,Summer,Vinay Singh,4,SSH,None,"<iframe src=""https://docs.google.com/spreadsheets/d/e/2PACX-1vSdpLbmxyZgZr380Ib1QJ3iK2cZ5I2jfVSlomQ_LrMgCnMQL-znsco1uzzZ5l5uuQ/pubhtml?widget=true&amp;headers=false""></iframe>"
,326,Foundations of Entrepreneurship,ENT405,FOE,None,None,None,Monsoon,Anupam Saronwala,4,SSH,None,"<iframe src=""https://docs.google.com/spreadsheets/d/e/2PACX-1vRxYsQnaiYXEqx8-ZutCZFDgv6bUowBYa8jDDe7p4kO30cTn4EtW9RPNBMZQXOy3g/pubhtml?gid=184186703&amp;single=true&amp;widget=true&amp;headers=false""></iframe>"
,159,Entrepreneurial Communication,ENT411,EComm,None,None,None,Monsoon,Information not available,4,OTHERS,None,"<iframe src=""https://docs.google.com/spreadsheets/d/e/2PACX-1vQgH0SfZKHHiPG51c9GYfzsac9XFBIYmYVU3X1plih6LUke8tQoMH459Eki5JAT19cbVqaVRwMldLSn/pubhtml?gid=755560317&amp;single=true&amp;widget=true&amp;headers=false""></iframe>"
,328,Entrepreneurial Khichadi,ENT412,EK,None,None,None,Monsoon,Anupam Saronwala,4,OTHERS,None,"<iframe src=""https://docs.google.com/spreadsheets/d/e/2PACX-1vT7LRtC8ccqTHlOvtLv49zyMpTiz5lzQzhQ8--qiGcT4lgOHQl9tjXQZznAJ0HYgOb0ITkKkz_eHn8z/pubhtml?gid=2036530758&amp;single=true&amp;widget=true&amp;headers=false""></iframe>"
,160,Entrepreneurial Finance,ENT413,EF,None,None,None,Winter,Anupam Saronwala,4,OTHERS,None,"<iframe src=""https://docs.google.com/spreadsheets/d/e/2PACX-1vRewhmuJFtqzZ5m9GL_wHsRLwp8r7Zc4PNbae-C3hU8GYPBU3EmOdb8lPjHpSHaNQ/pubhtml?widget=true&amp;headers=false""></iframe>"
,330,Relevance of Intellectual Property for Startups,ENT414,RIPS,None,Completed or enrolled for internship in a company ,None,Winter,Amit Shukla,4,OTHERS,None,"<iframe src=""https://docs.google.com/spreadsheets/d/e/2PACX-1vQJICv-0vxJyQpzYGHiq9x9bUgqLuTjPzPLcTZ81nOQRCdHy4n3Iwc6VH3anIy-k5OFqE5kzrgg3zfK/pubhtml?gid=858081333&amp;single=true&amp;widget=true&amp;headers=false""></iframe>"
,161,New Venture Planning,ENT415,NVP,None,None,None,Winter,Priyank Narayan,4,OTHERS,None,"<iframe src=""https://docs.google.com/spreadsheets/d/e/2PACX-1vQ8kP_ZenK-XJLGrTZ2pVm9NdWel1ALcN768nT8bHRen3v8iIBw4MM4FT6vVNxcnQ/pubhtml?widget=true&amp;headers=false""></iframe>"
,332,"Creativity, Innovation, and Inventive Problem Solving",ENT416/ENT516,CIIPS,None,None,None,Winter,Anuj Grover,4,OTHERS,None,"<iframe src=""https://docs.google.com/spreadsheets/d/e/2PACX-1vTfKk7_OjHNrBLLlqGfrMr3MRgX_-fQcMao3Dg_2ih_2k2vumYdfis1tsbXmNKREMXLWMgTq31Bbc69/pubhtml?widget=true&amp;headers=false""></iframe>"
,,AI in Finance,ENT417,,"Basic Python, Probability & Statistics","Any one of the courses Money and Banking, Foundations of Finance, Valuation and Portfolio Management, Intro to FinTech",None,Monsoon,Vinish,4,SSH,None,"<iframe src=""https://docs.google.com/spreadsheets/d/e/2PACX-1vTiG9QDWoBpmLXBRmFMtg7rVXNaWzQ0gm1_-YeVbolx2mH7bELeeQZCssRXsr3Z1A/pubhtml?widget=true&amp;headers=false""></iframe>"
,162,Healthcare Innovation and Entrepreneurship Essentials,ENT421/BIO571,HIEE,None,None,None,Monsoon,Tavpritesh Sethi,2,BIO,OTHERS,"<iframe src=""https://docs.google.com/spreadsheets/d/e/2PACX-1vShDcMS2hU9KYZ9mMSMKz-uHsXpbjdcge7-6p6wGPco1bzNGYEzr2PXB3mpHi6JlCANl1AT7ee-LDIW/pubhtml?gid=967453274&amp;single=true&amp;widget=true&amp;headers=false""></iframe>"
,335,Foundations of Marketing,ENTxxx,FOM,None,Basic understanding of Economics,None,Winter,Pinaki Dasgupta,4,SSH,None,"<iframe src=""https://docs.google.com/spreadsheets/d/e/2PACX-1vRs2cWAADSL0r69MpJJcpbdFZC3XRpB5JciPrqhjLsvx6CwXEHUhv7IFQSo0xzY4A/pubhtml?widget=true&amp;headers=false""></iframe>"
,163,Environmental Sciences,ESC205,EVS,None,None,ESC207A,Monsoon,Information not available,2,OTHERS,None,"<iframe src=""https://docs.google.com/spreadsheets/d/e/2PACX-1vQ1DIpugI4ovXzsIw9OCSuHJMO9p_hWm6u5OBzaP9E6DEmAGLNmWF6uOCF0eUIVlehP_XIsJNaiPqz-/pubhtml?gid=416161924&amp;single=true&amp;widget=true&amp;headers=false""></iframe>"
,337,"Ecology, Evolution, and Environment",ESC207A,EEE,None,None,"""ESC205""",Monsoon,Swapna Purandare,2,OTHERS,None,"<iframe src=""https://docs.google.com/spreadsheets/d/e/2PACX-1vTSqpMkdSaTEwbVK8vQNmEm2whEf9T16_AGVgMDD7OICoism3VzrRBEqED0dZLRKK2qaP3OT5fqhhW6/pubhtml?gid=1660249697&amp;single=true&amp;widget=true&amp;headers=false""></iframe>"
,164,Effective Supply Chain for E Commerce,MGT310,ESCM,None,None,None,Monsoon,Sanjiva Dubey,4,SSH,None,"<iframe src=""https://docs.google.com/spreadsheets/d/e/2PACX-1vSzCVx31NOJAxA3LaWMeeHpkp7MawJQMJynwFMlPmMeaLjF1oZ7gKqKWwMFuVwbFTg2njnakhSugJdN/pubhtml?gid=1779792349&amp;single=true&amp;widget=true&amp;headers=false""></iframe>"
,339,Emerging Issues in IT Management,MGT311,EIITM,None,None,None,Winter,Information not available,4,SSH,None,"<iframe src=""https://docs.google.com/spreadsheets/d/e/2PACX-1vRA8hosHHmJ4xRq4Si12kvoGDkhvDYG8V-RjuthMSpivfoNhbDLSy5lqW2X1GToJqAN5f6Bgp4l9fgY/pubhtml?gid=1677781514&amp;single=true&amp;widget=true&amp;headers=false""></iframe>"
,,Topics in Functional Analysis: Operator Algebras,MTH 552B,,"MTH 542 (IFA), MTH 552A (TFA: Operator theory on Hilbert spaces)",None,None,Summer,Satish Kumar Pandey,2,Maths,None,"<iframe src=""https://docs.google.com/spreadsheets/d/e/2PACX-1vRk35W7SDRm25V8KhZpk94mmTT55wm8ZsNei0F6_0Zb64UnDi5SeUJiJjUmkrqn_w/pubhtml?widget=true&amp;headers=false""></iframe>"
,,Applied Multivariate Analysis ,MTH 578,AMA,Probability and Statistics,Statistical Inference,None,Monsoon,Monika Arora,4,MATHS,None,"<iframe src=""https://docs.google.com/spreadsheets/d/e/2PACX-1vRiZL8kfBfCI-2oAxm-lJhHSbTYaEfFcwlLaAl3IQPseJsKUkZXPPqoT_zP-aisvQ/pubhtml?widget=true&amp;headers=false""></iframe>"
,165,Measure Theoretic Probability,MTH 580A,,"MTH 102: Probability and Statistics, or equivalent; MTH 240: Real Analysis I or equivalent",MTH 340: Real Analysis II or equivalent,None,Winter,Rahul Roy,2,Maths,None,"<iframe src=""https://docs.google.com/spreadsheets/d/e/2PACX-1vSw3sIT3RmiyeEsXHGoMRI2jFW5Lksgow0OCMJzgnYhj_nPknFL0UQcMkVbzM7-4w/pubhtml?widget=true&amp;headers=false""></iframe>"
,343,Linear Algebra,MTH100,M-I,None,None,None,Monsoon,"Acushla Sarswat, Samaresh Chatterji",4,MTH,None,"<iframe src=""https://docs.google.com/spreadsheets/d/e/2PACX-1vSXJpYG4ZnPHLY-ed6s8RnbeF-scPE0ISX1JlyRGlxteFVhrlxg0kj8vGIcHwkaC9u9f0IFsCzw5GsH/pubhtml?gid=385230450&amp;single=true&amp;widget=true&amp;headers=false""></iframe>"
,166,Probability and Statistics,MTH201,P&S,None,None,None,Winter,"Angshul Majumdar, Sanjit Kaul",4,MTH,None,"<iframe src=""https://docs.google.com/spreadsheets/d/e/2PACX-1vQ953a41H3et60EuLVYuPm5RMdWWjWKbysxrpSoxK83UY0NUX4LnUnzH-cfxQKM88Bs0dCXdQt-JcrS/pubhtml?gid=1316538232&amp;single=true&amp;widget=true&amp;headers=false""></iframe>"
,345,Multivariate Calculus,MTH203,M-III,None,None,MTH240,Monsoon,"Sarthok Sircar, Shilpak Banerjee",4,MTH,None,"<iframe src=""https://docs.google.com/spreadsheets/d/e/2PACX-1vQl2lskqiDIxCUYKMmZL_GpmMg09CfvYNz3UADKVsikmB_inTNUGbvO8aO64ZAtWB732BfCucJknWdw/pubhtml?gid=840970708&amp;single=true&amp;widget=true&amp;headers=false""></iframe>"
,167,Mathematics IV,MTH204,M-IV,MTH203,None,None,Winter,Ashish Kumar Pandey,4,MTH,None,"<iframe src=""https://docs.google.com/spreadsheets/d/e/2PACX-1vRKSm6hXsPw-HYbXTnTH2CoAOiO-uDtyKXlpWX1wgCqd6K8zl-exszCrNWUgxtgdmYvEYdzUHhukQc_/pubhtml?widget=true&amp;headers=false""></iframe>"
,347,Discrete Structures,MTH210,DS,None,None,CSE121,Monsoon,Sankha Basu,4,MTH,None,"<iframe src=""https://docs.google.com/spreadsheets/d/e/2PACX-1vQLZHUwfsDY-tm0Xf_qpwyW6dccdTlRCqBrttBnxqNokxYH1Pe30YoAApNf_i0WIqhuiCoQSZRG8gjW/pubhtml?gid=615455436&amp;single=true&amp;widget=true&amp;headers=false""></iframe>"
,168,Number Theory,MTH211,NT,None,None,None,Monsoon,Sneha Chaubey,4,MTH,None,"<iframe src=""https://docs.google.com/spreadsheets/d/e/2PACX-1vTXrWENAQCdBbWa0JCiv7zdECS5dYGZXaiqRqblQheThxf7k2a81RcSd3YhiYEKyz6T1XWEQdntHVps/pubhtml?gid=1213084594&amp;single=true&amp;widget=true&amp;headers=false""></iframe>"
,349,Abstract Algebra I,MTH212,AA-I,None,MTH100,"""MTH302""",Winter,Anuradha Sharma,4,MTH,None,"<iframe src=""https://docs.google.com/spreadsheets/d/e/2PACX-1vSxUyktACksXPq7vD0Pft3GVn8ho8IPLnY470iCG7iQHr-cfBY6SOpFtxnZCCaE21KG2cL1uLCxYEoe/pubhtml?gid=1306831011&amp;single=true&amp;widget=true&amp;headers=false""></iframe>"
,169,Real Analysis I,MTH240,RA-I,None,"Math-I, DS",MTH203,Monsoon,Nabanita Ray,4,MTH,None,"<iframe src=""https://docs.google.com/spreadsheets/d/e/2PACX-1vQeSEH3PyApL4Vi8YP9kox6F52RVa64as59D3DLlEaVTfgDpeIYhOc7oCTTXP1ctA/pubhtml?widget=true&amp;headers=false""></iframe>"
,351,Numerical Methods,MTH270,NM,"""MTH100, MTH204""",None,None,Monsoon/Winter,Information not available,4,MTH,None,"<iframe src=""https://docs.google.com/spreadsheets/d/e/2PACX-1vTIDO1PVVIksUKrSdmensjLpI33JoaQklfH6_6UgzRZEf5rpiixLb13cPpJF8sAfQD0MwRrSbsEsbqr/pubhtml?gid=310597649&amp;single=true&amp;widget=true&amp;headers=false""></iframe>"
,170,Introduction to Mathematical Logic,MTH300,IML,None,CSE121/MTH210,None,Winter,Sankha Basu,4,MTH,None,"<iframe src=""https://docs.google.com/spreadsheets/d/e/2PACX-1vQFFTQGGebXu1AqOr2wPlEufQ2D4xeBjcqnJJ25Sf4un9VFeY87NJC2FxmTiVWNjuaZoZywLjTRlpbe/pubhtml?gid=2009805326&amp;single=true&amp;widget=true&amp;headers=false""></iframe>"
,353,Algebra,MTH302,ALG,None,None,"""MTH212""",Monsoon,Information not available,4,MTH,None,"<iframe src=""https://docs.google.com/spreadsheets/d/e/2PACX-1vTu8ph5ynTayv0iGZTB5J2fjlbpJHphRJgVzP87Z5waYpLRbmlqeZo2DYPT1gGtVxyICA6i0rhosqO1/pubhtml?gid=1402308042&amp;single=true&amp;widget=true&amp;headers=false""></iframe>"
,171,Graph Theory,MTH310 / MTH520,GT,None,"MTH100, CSE121, MTH210",None,Winter,Samaresh Chatterji,4,MTH,None,"<iframe src=""https://docs.google.com/spreadsheets/d/e/2PACX-1vRAxeg3sUsQP33DRa0qeXmXsDNW8KlDwz1-iuTAm6e53W924Rc0TQifJB4SznNoYA/pubhtml?widget=true&amp;headers=false""></iframe>"
,355,Combinatorics and its Applications,MTH311,CIA,"""MTH100 """,MTH302,None,Winter,Samrith Ram,4,MTH,None,"<iframe src=""https://docs.google.com/spreadsheets/d/e/2PACX-1vQyZe--HYUUXxCVa7Z-Lfa9P82cRjr4tDV1OsBcsVChoDfJCbNCtyOKx_QyOgNvGVTrwdZdmEHyRwSv/pubhtml?gid=1534578355&amp;single=true&amp;widget=true&amp;headers=false""></iframe>"
,172,Real Analysis-II,MTH340,RA-II,MTH240,None,None,Monsoon,Shilpak Banerjee,4,MTH,None,"<iframe src=""https://docs.google.com/spreadsheets/d/e/2PACX-1vRDDcJcVQC_YE9zd2EuH9tDg5cSi5GRiy1d1ygbgLqdV5FCXEdx2Av2hHm4xzrb2QXIvtw0KiToBbtM/pubhtml?gid=327604398&amp;single=true&amp;widget=true&amp;headers=false""></iframe>"
,357,Complex Analysis,MTH341 / MTH541,CmpA,"""MTH240""",None,None,Monsoon,Ashish Kumar Pandey,4,MTH,None,"<iframe src=""https://docs.google.com/spreadsheets/d/e/2PACX-1vSdLkgYNp4oufxnxZ7VP54XQGHgd_KPA9i6gXQUXYUdUCyYhirOLXeyzgZcjOlgiJ8ALh521Ci8PpuX/pubhtml?gid=1313229723&amp;single=true&amp;widget=true&amp;headers=false""></iframe>"
,173,Introduction to Dynamical Systems,MTH343/MTH543,IDS,"""MTH100, MTH203, MTH240""","MTH204, MTH340, MTH510",None,Winter,Shilpak Banerjee,4,MTH,None,"<iframe src=""https://docs.google.com/spreadsheets/d/e/2PACX-1vSdTVNz7Rhglhe4Vq0D8Gd6G3OoxFWaawq1ptlSotLVZdIO5uQKHKDHsdpV90XKzvab4U6ybwUaVirF/pubhtml?gid=1068783937&amp;single=true&amp;widget=true&amp;headers=false""></iframe>"
,359,Nonlinear Dynamics and Chaos (NDC),MTH359/559,NDMA,MTH100,MTH203,None,Monsoon,Sarthok Sircar,4,MTH,None,"<iframe src=""https://docs.google.com/spreadsheets/d/e/2PACX-1vTU98BZazx1xMtrlTNmrgSxFOGSFlLtWs940jeC9NFtiY9KsGpaHDeuKmolrQ8EgA/pubhtml?widget=true&amp;headers=false""></iframe>"
,174,Stochastic Processes and Applications,MTH371,SPA,MTH201,ECE501,None,Monsoon,Monika Arora,4,MTH,None,"<iframe src=""https://docs.google.com/spreadsheets/d/e/2PACX-1vQYJYsmd2owlLRQoKM2z9CazDcM6IgFyOHR5CiaELRA0Y3xQwawVmG7SyKpKsFAoV_kN7LZ-qP3jnkY/pubhtml?gid=1292337913&amp;single=true&amp;widget=true&amp;headers=false""></iframe>"
,361,Statistical Inference,MTH372,SI,MTH201,"Statistical Signal Processing (ECE452/ECE552), Econometrics I (ECO221)",CSE609,Winter,Monika Arora,4,MTH,None,"<iframe src=""https://docs.google.com/spreadsheets/d/e/2PACX-1vS2KPldd5xUHmFc_7zxphguKrDrjsfvprYvhAH04eDKAoWqZPRMd_rm0zkSrupp5wQTbzGZvzvS9CYX/pubhtml?gid=1952385363&amp;single=true&amp;widget=true&amp;headers=false""></iframe>"
,175,Scientific Computing,MTH373,SC,MTH100,"MTH204, MTH203, MTH240",MTH270,Monsoon,Kaushik Kalyanaraman,4,MTH,None,"<iframe src=""https://docs.google.com/spreadsheets/d/e/2PACX-1vQY0ok9rCa3r2GrO9znVqxjVncZ_loRM53H0kNdRIfmvMMdbdBecvqeINgTn6MCbiYZmNDJvTqYUTVp/pubhtml?gid=134385521&amp;single=true&amp;widget=true&amp;headers=false""></iframe>"
,176,Fluid Mechainics,MTH375/MTH575,FM,"""MTH204""",None,None,Monsoon,Information not available,4,MTH,None,"<iframe src=""https://docs.google.com/spreadsheets/d/e/2PACX-1vTTwjYPx0vZ9nNOqSPlxsD13SnExJ700hJopS1aWAUgMO6BlWYmjirTHnEpDnzlxT7Q_n80cWrK6TAn/pubhtml?gid=252448424&amp;single=true&amp;widget=true&amp;headers=false""></iframe>"
,364,Mechanics of Bodies,MTH376,MB,MTH100,None,None,Monsoon,Sarthok Sircar,4,MTH,None,"<iframe src=""https://docs.google.com/spreadsheets/d/e/2PACX-1vSjDEoRgz9Dif2Xv5ez-BVFrFr7IZgRlbm2cp8w6DNbGO1luvfnu_h8ieAZ9B-1ZQ/pubhtml?widget=true&amp;headers=false""></iframe>"
,177,Logic and Artificial Intelligence,MTH501,L&AI,"Discrete Mathematics (CSE121),                      Discrete Structures (MTH210) or equivalent",A course in logic such as IML (MTH300/500) could be helpful,None,Monsoon,Sankha Basu,4,MATH,None,"<iframe src=""https://docs.google.com/spreadsheets/d/e/2PACX-1vTq97Kg9ydzQW3RJE1COxCDtU9E3lhbvTAcEkjxpsa2j8rORAyha5U-Z173c-_2hA/pubhtml?widget=true&amp;headers=false""></iframe>"
,,Non-Classical Logics,MTH504,,"
MTH504__
MTH504__

100%
11
A8

Knowledge of basic set theory, including definitions and basic properties of union, intersection, complementation, power sets, relations, and functions.

IML (MTH300/500) or equivalent.
 
 
 	
Knowledge of basic set theory, including definitions and basic properties of union, intersection, complementation, power sets, relations, and functions.

IML (MTH300/500) or equivalent.
Turn on screen reader support
To enable screen reader support, press Ctrl+Alt+Z To learn about keyboard shortcuts, press Ctrl+slashBanner hidden",None,None,Monsoon, Sankha S Basu,4,MATHS,None,"<iframe src=""https://docs.google.com/spreadsheets/d/e/2PACX-1vSzYLtuXV6niy149jDvF5XNF8T73tGcw_aGl7slXHizBS3GrzF86AD-KKI2DtWBcA/pubhtml?widget=true&amp;headers=false""></iframe>"
,367,Non-Classical Logics,MTH504A,NCL,None,"MTH210 / CSE121, MTH300",None,Monsoon,Sankha Basu,2,MTH,None,"<iframe src=""https://docs.google.com/spreadsheets/d/e/2PACX-1vST4wlRwk10EhpS4AAl8Ss2htahaTa_f8AZEAbPTC3qnAtGWY58yHgIODU7PFl_aA/pubhtml?widget=true&amp;headers=false""></iframe>"
,178,Topics in Mathematical Logic,MTH506,TML,"MTH300 ""or equivalent"" / MTH212 ""or equivalent""","Some exposure to universal algebra might be beneficial, but not necessary.",None,Monsoon,Sankha Basu,4,MTH,None,"<iframe src=""https://docs.google.com/document/d/e/2PACX-1vRn4UYTwYSvNQV5oAmmlZvO-_Or4wYujUiEnA9muo5eJyjxQyS2OzIhrZI8cK-MHOyvxdBivDfN7Jkb/pub?embedded=true""></iframe>"
,369,Advanced Linear Algebra,MTH510,ALA,"""MTH100""",None,None,Winter,Debika Banerjee,4,MTH,None,"<iframe src=""https://docs.google.com/spreadsheets/d/e/2PACX-1vQo6-AU6Nrr4rRyXS4KxNSdB4acHOAZVwR5fs0tuZ7Riw-y9JPcEKov0h4IuO5bQtyP3olxf3h_X347/pubhtml?widget=true&amp;headers=false""></iframe>"
,179,Algebraic Number Theory,MTH512,ANT,None,None,None,Monsoon,Information not available,4,MTH,None,"<iframe src=""https://docs.google.com/spreadsheets/d/e/2PACX-1vR2WWJW7LFppeT5vAcjdQNY4MA3CdZe_SM0dG9aoyIRiCFqIjlV65hTMSFXxvvIIitXUQevH9mEAXm2/pubhtml?gid=1337059652&amp;single=true&amp;widget=true&amp;headers=false""></iframe>"
,371,Abstract Algebra II,MTH513,AA-II,"""MTH100, MTH212""",None,None,Winter,Anuradha Sharma,4,MTH,None,"<iframe src=""https://docs.google.com/spreadsheets/d/e/2PACX-1vSa8nMeQ9pJWThNrKtBMLifq-h_hWuyI2aFjfZxSYnIv06PVPa9uXl7662oDQlMdFeOn6miFemisDXV/pubhtml?gid=1820704458&amp;single=true&amp;widget=true&amp;headers=false""></iframe>"
,180,Coding Theory,MTH514,COT,"MTH211, MTH212",None,None,Winter,Anuradha Sharma,4,MTH,None,"<iframe src=""https://docs.google.com/spreadsheets/d/e/2PACX-1vQJ341fLyTgSb2oTfDAoto91ddrlY-HEqbX0x5azVklrLLWumF5gmHg8PBt1wjx6atYRdlIrLg6cNdm/pubhtml?gid=1825152304&amp;single=true&amp;widget=true&amp;headers=false""></iframe>"
,373,Linear Algebraic Group,MTH515,,"Linear Algebra (MTH 100), Abstract Algebra I (MTH212).","Topology, Matrix Groups, Commutative Algebra.",None,Wnter,Nabnita Ray,4,Maths,None,"<iframe src=""https://docs.google.com/spreadsheets/d/e/2PACX-1vQRFHaHS4eM3owbwV8svPVdfnQcYNYChy3yAJxliPJEhJbqL5I6uWcyfc_WL5_YSA/pubhtml?widget=true&amp;headers=false""></iframe>"
,181,Analytic Number Theory,MTH516,ANNT,MTH341,MTH211,None,Winter,Debika Banerjee,4,MTH,None,"<iframe src=""https://docs.google.com/spreadsheets/d/e/2PACX-1vTrFyUcCSzYqruIcU9SS_thftHMx4iKAwhT_vvlgpL_EFdShthNkNNdjR-RGveWcrg-upfPdbIsNAfa/pubhtml?gid=1614988500&amp;single=true&amp;widget=true&amp;headers=false""></iframe>"
,375,Combinatorial Optimization,MTH517,CMO,MTH374/MTH574,MAD,None,Winter,Rajiv Raman,4,MTH,None,"<iframe src=""https://docs.google.com/spreadsheets/d/e/2PACX-1vTm7t-vPGcd-pLCuN8KzlgmXZj9uK8tHW6iBKqaYbsNe8ThLMROpFi2sHwk0LAd5UcTfZdTe9muXzwz/pubhtml?gid=1194364106&amp;single=true&amp;widget=true&amp;headers=false""></iframe>"
,182,Topics in Number Theory,MTH518,TNT,MTH211,None,None,Monsoon,Anuradha Sharma,4,MTH,None,"<iframe src=""https://docs.google.com/spreadsheets/d/e/2PACX-1vRhTecGdH2nodaY1Ocdh62WzctS85LPGVk4woAKs5mjygf95xsuzGFfLUfhq4TgCRUIS1AWxF_DM37x/pubhtml?gid=2008458590&amp;single=true&amp;widget=true&amp;headers=false""></iframe>"
,377,Distribution of Sequences in Number Theory,MTH519A,,"MTH240: Real Analysis I or equivalent, 
MTH340: Real Analysis II or equivalent,
MTH102: Probability and Statistics,
MTH211: Number Theory",,None,Mosoon,Sneha Chaubey,2,Maths,None,"<iframe src=""https://docs.google.com/spreadsheets/d/e/2PACX-1vQ6NldX0PCPGpn01OJ-lwj8GFi1sD7N613K1AsivdTV8rZquDYU5cEHItyvv8dakw/pubhtml?widget=true&amp;headers=false""></iframe>"
,183,Probabilistic Number Theory,MTH521A,,"Probability and Statistics (2nd year), Analysis","Elemantary Number Theory, Analytic Number Theory, complex analysis",None,Winter,Sneha Chaubey,2,Maths,None,"<iframe src=""https://docs.google.com/spreadsheets/d/e/2PACX-1vTSjJX5iBWtjTSgIkZf_l3CgP9luoC0pg7ttDwn7_Ey2sObt4EM20P-4WXqG4c_mQ/pubhtml?widget=true&amp;headers=false""></iframe>"
,379,Probabilistic Methods in Combinatorics,MTH523/CSE623,PMC,"Discrete Structures / Discrete Mathematics, ADA / Graduate Algorithms","Probability and Random Processes, Randomized Algorithms, Graph Theory",None,Monsoon,Rajiv Raman,4,CSE,None,"<iframe src=""https://docs.google.com/spreadsheets/d/1m46D5IKcQiNv2xgRY5NaiSzzJLra48K1/pubhtml?widget=true&amp;headers=false""></iframe>"
,184,Measure and Probability Theory,MTH535,MPT,"""MTH240 or MTH203""","Real Analysis - II or equivalent, Complex Analysis or equivalent",None,Winter,Shilpak Banerjee,4,MTH,None,"<iframe src=""https://docs.google.com/spreadsheets/d/e/2PACX-1vQ5lfW7UaCxbsCJG1m3g3YDtmQHcJqIFAuf-yCTf4z2qwEgQ6A8O0E9yNZ29XigYl38AcVTomcJwteU/pubhtml?gid=244466626&amp;single=true&amp;widget=true&amp;headers=false""></iframe>"
,381,Random walk and Brownian motion,MTH536,,"MTH371: Stochastic Processes and Applications or equivalent, MTH535: Measure theory and Probability",None,,None,Rahul Roy,4,Maths,None,"<iframe src=""https://docs.google.com/spreadsheets/d/e/2PACX-1vTYWTToXeaFdFADV4ZFHz7k7nzu-v3UgeSuz9h9hi0OAL6Y-fq8XseTjcgVHUuBnA/pubhtml?widget=true&amp;headers=false""></iframe>"
,185,Introduction to Functional Analysis,MTH542,IFA,"""MTH100""",MTH203,None,Winter,Ashish Kumar Pandey,4,MTH,None,"<iframe src=""https://docs.google.com/spreadsheets/d/e/2PACX-1vRIbxPqkAPmJNs87ElevbdvXm5KZJRh_nNrRmtbO8zRx9o6YWnwoVRkE9ISfiWQmC0s6wAH9QW4kt6k/pubhtml?gid=961842857&amp;single=true&amp;widget=true&amp;headers=false""></iframe>"
,383,Calculus in R^N,MTH544,CRN,"""MTH100, MTH203 or MTH240""","Prior familiarity with metric spaces, point-set topology, basic differential geometry, and linear optimization may help understand topics better but will not be presumed.",None,Winter,Kaushik Kalyanaraman,4,MTH,None,"<iframe src=""https://docs.google.com/spreadsheets/d/e/2PACX-1vSO6i-H6D5pLPSZtR04e4aHzKzqmBBezOA0mfO1lPUOAzPju0KiTbUId1L8uqBjfnKnLuf1C5fkgojH/pubhtml?gid=2029258774&amp;single=true&amp;widget=true&amp;headers=false""></iframe>"
,186,Finite and Spectral Element Methods,MTH545,FSEM,"""MTH100, MTH203 or MTH240, MTH204""","Functional analysis, Programming experience with any language",None,Monsoon,Subhashree,4,MTH,None,"<iframe src=""https://docs.google.com/spreadsheets/d/e/2PACX-1vSGH5Wlc_LIrTl6GvvBBFEVdd0AmnRT1I6PJvittd6BlAv3mLm_mo-F60YVzbKKpVew9gjzUeMB0Yym/pubhtml?gid=454864760&amp;single=true&amp;widget=true&amp;headers=false""></iframe>"
,385,Analytic Foundations for Elliptic Curves and Modular Forms,MTH546,,"Real analysis, Linear Algebra","Point set topology, , Complex analysis",None,Winter,Prahllad Deb,4,Maths,None,"<iframe src=""https://docs.google.com/spreadsheets/d/e/2PACX-1vTV9tI08zepYWa8-4DX4xuXSdC1UOPHbF5h2rO6J4S2H_0F7ikbpYQxzVbYe_mxxQ/pubhtml?widget=true&amp;headers=false""></iframe>"
,187,Several Complex Variables,MTH547,SCV,"Real analysis, Complex analysis, Linear algebra, Abstract algebra",None ,None,Winter,Prahllad Deb,4,Maths,None,"<iframe src=""https://docs.google.com/spreadsheets/d/e/2PACX-1vQYjV_5W5sUT5fLCgZWuyboCnjG2HdH6mBHjk87oH3-QIpi1OUN7YCGPsCWJG8JCg/pubhtml?widget=true&amp;headers=false""></iframe>"
,387,"Advanced Topics in Partial Differential 
Equations",MTH548,ATPD,None,"MTH542: Introduction to Functional 
Analysis
MTH541: Complex Analysis",None,Winter,Ashish Kumar Pandey,4,Maths,None,"<iframe src=""https://docs.google.com/spreadsheets/d/e/2PACX-1vT_58ZcfQ6Zd1E8wa0BNn33MZupKVci6EwKcTvd1XdSfCLHThr6AWb1k1YuauxfhA/pubhtml?widget=true&amp;headers=false""></iframe>"
,188,Introduction to PDE,MTH550,IPDE,MTH204,None,None,Winter,Brijesh Eshpuniyani,4,MTH,None,"<iframe src=""https://docs.google.com/spreadsheets/d/e/2PACX-1vR_D6aOSm31rUBnoGubDpJN1_qzHdatkMrT_gLgrEag7rUImEpsulqXrz-ZCipNVwE08eye_HQBwta2/pubhtml?gid=1849759850&amp;single=true&amp;widget=true&amp;headers=false""></iframe>"
,389,Reproducing Kernel Hilbert Spaces with Applications (New),MTH550,RKHSA,"MTH100, MTH240 (or equivalent)",None,None,Winter,Prahllad Deb,4,MTH,None,"<iframe src=""https://docs.google.com/spreadsheets/d/e/2PACX-1vRd0DysZcY5nZ8wf6-5Dl0a4yfqfBpKA5K2ucql9_voPpbllUD_Jl5IvoSJKXxbKg/pubhtml?widget=true&amp;headers=false""></iframe>"
,189,An Introduction to Quantum Information Theory,MTH551,QIT,"MTH 100 (Linear Algebra), MTH 240 (Real Analysis-I) or MTH 203 (Multivariate Calculus)","ECE 634/CSE 646 (Classical Information Theory), ECE 525 (Quantum Mechanics)",None,Winter,Satish Pandey,4,MTH,None,"<iframe src=""https://docs.google.com/spreadsheets/d/e/2PACX-1vRRKvYF7JQCq86CRtYxXmfFiBuYm-qL_k6x9VEmMkdcKywVx2lr_uW32UP-xPrroQ/pubhtml?widget=true&amp;headers=false""></iframe>"
,391,Topics in Functional Analysis: Operator Theory on Hilbert spaces,MTH552A,,MTH 542 (Introduction to functional analysis),None,None,Winter,Satish Pandey,2,Maths,None,"<iframe src=""https://docs.google.com/spreadsheets/d/e/2PACX-1vSyXB-RyEU_wbZ0s0qbj9vqwdhtK07VaTQMGg2GaF2OfTwiTbarTkfmvXrqLE8g2g/pubhtml?gid=702945539&amp;single=true&amp;widget=true&amp;headers=false""></iframe>"
,392,Introduction to Algebraic Geometry with Applications,MTH561,IAGA,None,"MTH 212 (Algebra I) or equivalent, or should have familiarity with Ring theory (definition and examples of ring, ring homomorphism, ideals), Field theory (definition and examples of fields) and basic Topology (definition of open and closed sets).",None,Monsoon,Nabanita Ray,4,MTH,None,"<iframe src=""https://docs.google.com/spreadsheets/d/e/2PACX-1vRHxC6FWBPLD2sNSsdpK25jlXCMZgXYcFsEqz1pF-3W93V-zR3uy1QbaojANNQbvw/pubhtml?widget=true&amp;headers=false""></iframe>"
,190,Point Set Toplogy,MTH562,PST,Continuous functions,MTH240,None,Monsoon,Prahllad Deb,4,MTH,None,"<iframe src=""https://docs.google.com/document/d/e/2PACX-1vT3WvccRVv5DABm-ZPJZw3yhTj7xAZJcOjnAlJjtEnEo8Wt98bzUowJc7lSLE9cRuXO1bchbuSh2WiN/pub?embedded=true""></iframe>"
,394,Point Set Toplogy,MTH562A,PST-2,None,MTH240,MTH562,Monsoon,Samaresh Chatterji,2,MTH,None,"<iframe src=""https://docs.google.com/spreadsheets/d/e/2PACX-1vTn0Hu_uzQERl1fspRfMmkJnD2rbvFkTm8BxibOZ9GaQsAyjMp206Z2dAdNQm7MjSczVWo69kw2k79J/pubhtml?gid=82289611&amp;single=true&amp;widget=true&amp;headers=false""></iframe>"
,191,Differential Geometry,MTH563,DG,"MTH100, MTH240 or MTH203",MTH562,None,Winter,Kaushik Kalyanaraman,4,MTH,None,"<iframe src=""https://docs.google.com/spreadsheets/d/e/2PACX-1vTfD8ZGLEnW5l4fhWRekTzxcq98UnJRPxCESQu_PTtxtvAIz9o0GdHtJ7igyh_YBA/pubhtml?widget=true&amp;headers=false""></iframe>"
,396,Introduction to Riemannian Geometry with Some Applications,MTH564A,IRG,"""MTH100, MTH203""","MTH240 (Real Analysis 1), MTH 562 (Point Set Topology), MTH544 (Calculus on R^n)",None,Monsoon,Acushla Sarswat,2,MTH,None,"<iframe src=""https://docs.google.com/spreadsheets/d/e/2PACX-1vRg3dSqx5KKc58SG-IHlfpzeLSN7GcluGJweq5M3I_KcpzQvOWbJqoauDTVEFpF4LvlWX2QBGV0uqzP/pubhtml?gid=1298154600&amp;single=true&amp;widget=true&amp;headers=false""></iframe>"
,192,Algebraic Topology I,MTH566,,"Real Analysis I (MTH 240), Abstract Algebra I (MTH 212)",Point set topology (MTH 562),None,Winter,Sachchidanand Prasad,4,Maths,None,"<iframe src=""https://docs.google.com/spreadsheets/d/e/2PACX-1vRQJiDsjV4jWiweLAMQ5JpSlWLgbU37Pk6u7lsy7c7mcgH01ihzbP7UAbJRWVLIdw/pubhtml?gid=1085600229&amp;single=true&amp;widget=true&amp;headers=false""></iframe>"
,398,Numerical Solutions Differential Equations,MTH570,NSDE,"""MTH100, MTH203, MTH240""","MTH270, MTH204",None,Winter,Information not available,4,MTH,None,"<iframe src=""https://docs.google.com/spreadsheets/d/e/2PACX-1vRzxTFCn0sV-q_Sqvbtx6xOjde2RREu3Cmk7u0rcIGsvMZ-q1fjssdt_1TCwOq7q9SGRUf_TUyFjCun/pubhtml?widget=true&amp;headers=false""></iframe>"
,193,Integral Transforms and their Applications,MTH571,ITA,"""MTH204""",MTH341,None,Winter,Sarthok Sircar,4,MTH,None,"<iframe src=""https://docs.google.com/spreadsheets/d/e/2PACX-1vSoWHn26BfsSc2SfkvJKVzLx1Yiz2UxCMkLsD3AiXXMUHIMD-6VkRo6SGxwCctBtRoiWPozBeI7W0wF/pubhtml?gid=1821949874&amp;single=true&amp;widget=true&amp;headers=false""></iframe>"
,400,Categorical Data Analysis,MTH576,CDA,MTH201,"Statistical Inference, Econometrics I/Statistical Signal processing/Machine Learning",None,Monsoon,Monika Arora,4,MTH,None,"<iframe src=""https://docs.google.com/spreadsheets/d/e/2PACX-1vQqMIYnMuiDnhEAwd6ehJRwu7-h4Dh1w9jsH-VQBYDOEEACv72L2-eI7vvyZSPVCA/pubhtml?widget=true&amp;headers=false""></iframe>"
,194,Convex Optimization,MTH577,COO,"""MTH100""",None,None,Winter,Rakesh Chaturvedi,4,MTH,None,"<iframe src=""https://docs.google.com/spreadsheets/d/e/2PACX-1vRpFmHJ82vgVnRuKzu8g_1EVafNU6HWi8fl82vfKIg2fWUsLSlGoGlzP8AfRr-wWD-4uQk74AKzmzxZ/pubhtml?gid=1770842976&amp;single=true&amp;widget=true&amp;headers=false""></iframe>"
,402,Topics on Multivariate Analysis,MTH578A,TMA,"MTH201, 
MTH100",MTH372,None,Winter,Monika Arora,2,MTH,None,"<iframe src=""https://docs.google.com/spreadsheets/d/e/2PACX-1vTU4tlft-PFAC7S9tiBlPV6mbeCYd3epdi4G2PBbDp5FkO0gPlzCOtEDvy8pq1j1A/pubhtml?widget=true&amp;headers=false""></iframe>"
,195,Percolation Theory,MTH579,,"MTH 102 Probability and Statistics, or equivalent / MTH 371 Stochastic Processes and Applications, or equivalent.",None,None,Winter,Rahul Roy,4,Maths,None,"<iframe src=""https://docs.google.com/spreadsheets/d/e/2PACX-1vTdjafAuu3x0h8K0p3W2btlTYjYQwFYD1G136l7r8mjqHZ8baFx8sWq49tDoYWyDA/pubhtml?widget=true&amp;headers=false""></iframe>"
,404,Numerical Partial Differential Equations,MTH598,NPDE,"""MTH100, MTH203, MTH240""",None,MTH570,Winter,Kaushik Kalyanaraman,4,MTH,None,"<iframe src=""https://docs.google.com/spreadsheets/d/e/2PACX-1vRz3-e1oKwuVgrFsdhs835grpC8-WVvSaklONC0JXwCNSfZo2J78AORaRg6CpydCS9RL2QT3ut811UU/pubhtml?gid=734016398&amp;single=true&amp;widget=true&amp;headers=false""></iframe>"
,196,Variational Calculus and their Applications,MTH599,VCA,MTH203,None,None,Winter,Sarthok Sircar,4,MTH,None,"<iframe src=""https://docs.google.com/spreadsheets/d/e/2PACX-1vT-yIdOiLhad1RC-Wv5jbQjZXyDMetuKGMssgFoQZ0KmWQ-b23FiL6piRuTFtpXAGRKM-BiZJaC7xUZ/pubhtml?gid=60670379&amp;single=true&amp;widget=true&amp;headers=false""></iframe>"
,406,Introduction to Psychology,PSY201,Psy,SSH101,None,None,Monsoon,Sonia Baloni Ray,4,SSH,None,"<iframe src=""https://docs.google.com/spreadsheets/d/e/2PACX-1vSa3z6T29z1AkTMoqjXsnPYkyndy5O_CNmFF4xRFHF_hzJn-0q-wVwi0o1D-l0aJ-23iaGzhefg9meW/pubhtml?gid=176935518&amp;single=true&amp;widget=true&amp;headers=false""></iframe>"
,197,Positive Psychology,PSY202,Ppsy,None,None,None,Winter,Information not available,4,SSH,None,"<iframe src=""https://docs.google.com/spreadsheets/d/e/2PACX-1vSfiFg8yDQH7DOS3FP1W5AE9WSJSEQ4Tp9kgOyMgJ88DFWq3t-tO0zD9fYgRRyX12rr_CdP57T0rQXO/pubhtml?gid=753902238&amp;single=true&amp;widget=true&amp;headers=false""></iframe>"
,408,Cognitive Psychology,PSY301,CP,None,None,None,Winter,Venkata Ratnadeep Suri,4,SSH,None,"<iframe src=""https://docs.google.com/spreadsheets/d/e/2PACX-1vTWbDMQS_5U1F26Qll6FBpKT4Humq7kdEqaYzWaY2JtAwd8f_4eh1RbrlKd_QKu3Q/pubhtml?widget=true&amp;headers=false""></iframe>"
,198,Social Psychology,PSY302,SP,None ,None,None,Winter,Venkata Ratandeep Suri,4,SSH,None,"<iframe src=""https://docs.google.com/spreadsheets/d/e/2PACX-1vSIDWOrdb4C1VOP_oKr-0hZhmKoGDgXeUzaZhQ3sY2aDepSMnRZUEBvPd49p_9DTkKBJB6FvIOr5CSw/pubhtml?gid=1409904678&amp;single=true&amp;widget=true&amp;headers=false""></iframe>"
,410,Attention and Perception,PSY305/PSY505,ATP,None,"Introduction to Programming, Introduction to Psychology ",None,Winter,Sonia Baloni Ray,4,SSH,None,"<iframe src=""https://docs.google.com/spreadsheets/d/e/2PACX-1vTOXAxhKips2Bsmb78mJ35zG6bKeq2rLezXJLuxkY3YGlfy70ViL-34zStK_amk1Q/pubhtml?widget=true&amp;headers=false""></iframe>"
,199,Learning and Memory,PSY306/506,LM,None,None,None,Winter,Mrinmoy Charabarty,4,SSH,None,"<iframe src=""https://docs.google.com/spreadsheets/d/e/2PACX-1vQxu7SXZaaXHEQVQBYfPK-x1MkMYQA08yEFrGLitwIEwrPFjAlSSklTu_shifd1QA/pubhtml?widget=true&amp;headers=false""></iframe>"
,412,Neuroscience of Decision Making,PSY307/507,NDM,None,PSY301,None,Monsoon,Mrinmoy Charabarty,4,SSH,None,"<iframe src=""https://docs.google.com/spreadsheets/d/e/2PACX-1vQE_Ehis0pCfYFHpoObztUcfZAIHR3hH-whdKdgJRJBgMPieUuVsUhhj_DsdrtRDA/pubhtml?widget=true&amp;headers=false""></iframe>"
,200,Cognition of Motor Movement,PSY308/PSY508,CMM,None, Introduction to programming,None,Monsoon,Sonia Baloni Ray,4,SSH,None,"<iframe src=""https://docs.google.com/spreadsheets/d/e/2PACX-1vS24VVUihhd2M2uhYFnmk_J45A6qBdoBs2cvuWZMB-CBBCg2W3Xhq6XiVtECiCk9Q/pubhtml?widget=true&amp;headers=false""></iframe>"
,414,Introduction to Sociology and Anthropology,SOC101,ISA,SSH101,None,"""HSS205, HSS215""",Winter,Amrit Srinivasan,4,SSH,None,"<iframe src=""https://docs.google.com/spreadsheets/d/e/2PACX-1vR3hTXGjqUmKJA3P3XesxB0D_IN3lq_LQAbNs0kb_WzhiS5VGpPrTlzjhAqCD2_NEzWF4CYALz96pq4/pubhtml?widget=true&amp;headers=false""></iframe>"
,201,Contemporary India: Sociological Perspective,SOC202,CISP,None,None,None,Monsoon,Paro Mishra,4,SSH,None,"<iframe src=""https://docs.google.com/spreadsheets/d/e/2PACX-1vS0PvTPK8-0hqsXzn-IryZh3DR-AjSzgiMy6Bb6Ifcerq5ENS2hwqRW3FKBFIH2kZr0RGQceTZ6aBZ_/pubhtml?gid=97578766&amp;single=true&amp;widget=true&amp;headers=false""></iframe>"
,416,Sociology of New Media,SOC204,SNM,None,None,None,Monsoon,Aasim Khan,4,SSH,None,"<iframe src=""https://docs.google.com/spreadsheets/d/e/2PACX-1vS4ZPKhoazKIGTSRs1a0vvbhtgxyo8RXc3BoSwoyhQQ9-SNWS7ZrDESJ_VyqQsKnFjSB8IoYZkq-2Eg/pubhtml?gid=734522967&amp;single=true&amp;widget=true&amp;headers=false""></iframe>"
,202,Anthropology and Social Media,SOC205,ASM,None,None,None ,Winter,Swati Mantri,4,SSH,None,"<iframe src=""https://docs.google.com/spreadsheets/d/e/2PACX-1vSPzKxHvptGN1WlwhAG3RPJCFEk0q0G_n62E1E44mzyVNsiQ_37RbAr80BY3SCK1mkT6RWXBkUX_HFp/pubhtml?gid=857213929&amp;single=true&amp;widget=true&amp;headers=false""></iframe>"
,418,Business Anthropology,SOC206,BA,None,None,None,Monsoon,Shriram Venktraman,4,SSH,None,"<iframe src=""https://docs.google.com/spreadsheets/d/e/2PACX-1vR9sc8Ru1aP6yOhqjeyjVySUAkmp3sK1QxsC6WV-xw5bjKLJnF7oY1-Muohy5zrni0C4YHd6YthM7wA/pubhtml?gid=1107823224&amp;single=true&amp;widget=true&amp;headers=false""></iframe>"
,203,Information Technology And Society,SOC207,ITS,None,SOC201,"""HSS212, HSS101""",Winter,Amrit Srinivasan,4,SSH,None,"<iframe src=""https://docs.google.com/spreadsheets/d/e/2PACX-1vRCkdF1vYV46MU91WIwvNLILP4TvqOVLnKGyfegcjbHj3_i6VgcP05kePHZQH9_SbhAuEAql7XNJNVR/pubhtml?gid=487985119&amp;single=true&amp;widget=true&amp;headers=false""></iframe>"
,420,Organizations An Anthropological Perspective,SOC208,OAP,None,None,None,Winter,Information not available,4,SSH,None,"<iframe src=""https://docs.google.com/spreadsheets/d/e/2PACX-1vQR_91ie0z-HpL4AV76CRVaEPwPWsVyyIzurAOzZFsE-qEy6RZSnRby68rcsLMubKvsxpG_qGMLL2eM/pubhtml?gid=194821497&amp;single=true&amp;widget=true&amp;headers=false""></iframe>"
,204,Consumer Culture and Society,SOC209,CCS,None,None,None ,Monsoon,Amrit Srinivasan,4,SSH,None,"<iframe src=""https://docs.google.com/spreadsheets/d/e/2PACX-1vRyr6sAiPrPvzcn6O7F2zqoUZNIH_ZA32twacofxdCu1z15fxb49vWhWiNzHR8lCd9fBfQnnh6-I0fV/pubhtml?gid=772752932&amp;single=true&amp;widget=true&amp;headers=false""></iframe>"
,422,Sociological Theory,SOC210,ST1,None,SOC101,None ,Winter,Gayatri Nair,4,SSH,None,"<iframe src=""https://docs.google.com/spreadsheets/d/e/2PACX-1vQYcI6tn4L6P_Yo6PlM9UIa5Ekb8SN_fXSI1ySeNm-PFhe7gmVqvVo-UHA0hQOGR-dnokREo7AG1kMS/pubhtml?widget=true&amp;headers=false""></iframe>"
,205,"Science, Technology and Society",SOC211,STS,None,None,None ,Monsoon,Deepak Prince,4,SSH,None,"<iframe src=""https://docs.google.com/spreadsheets/d/e/2PACX-1vT-DxwVRIDx9j0ObPD5Ml2LaHDph9_39c7tW5WNFyxFh1AitueFsa9ac-7_UMhKaw/pubhtml?widget=true&amp;headers=false""></iframe>"
,424,Key Concepts in Economic Sociology,SOC212,KCES,None,None,None,Monsoon,Gayatri Nair,4,SSH,None,"<iframe src=""https://docs.google.com/spreadsheets/d/e/2PACX-1vS1oyu6M6s08ucNp24rjhT_83MWDZHGofZrQG-AKhDxPDn0qXBQUc50VNPdgqtBgQMJkb1tBz3xWwj_/pubhtml?gid=321729943&amp;single=true&amp;widget=true&amp;headers=false""></iframe>"
,206,Introduction to Digital Ethnography,SOC213,IDE,None,None,None,Winter,Soibam Haripriya,4,SSH,None,"<iframe src=""https://docs.google.com/spreadsheets/d/e/2PACX-1vT63W3yytSOMqS-Cb551Om0ItW07Aun_gxOgCjv4m689DAh2_faxRUcxDbDFjGoEw/pubhtml?widget=true&amp;headers=false""></iframe>"
,426,Sociology of Inequality,SOC214,,None,Social Inequality,None,Monsoon,Gayatri Nair ,4,SSH,None,"<iframe src=""https://docs.google.com/spreadsheets/d/e/2PACX-1vRGc3uagEvS3RIAkoMnrQZJhMYTvewe-0pSzNfyZHOgDte5Uoh9svUgUjLVyxZweg/pubhtml?widget=true&amp;headers=false""></iframe>"
,207,"Political Anthropology: State, Subject, Power",SOC216,PASSP,None,1 SSH/SOC class,None,Monsoon,Deepak Prince,4,SSH,None,"<iframe src=""https://docs.google.com/spreadsheets/d/e/2PACX-1vRr9C6VQ5skxOaw3a91pbmwT9afP1RiM_ykDLkxE1LPNREllKsIAIsCrgC60YHdmQ/pubhtml?widget=true&amp;headers=false""></iframe>"
,428,Urban Sociology,SOC302/SOC507,US,None,None,None ,Monsoon,Smriti Singh,4,SSH,None,"<iframe src=""https://docs.google.com/spreadsheets/d/e/2PACX-1vQjA-EPOZmKYeTiFblkLKNFBGf7PyEyv-UK4xGrJTtjbLFIzYmYc0K4xxUnTSRLtw/pubhtml?widget=true&amp;headers=false""></iframe>"
,208,Anthropology of Violence – I ,SOC306/SOC506,,None,SOC216,None,Monsoon,Deepak Prince,4,SSH,None,"<iframe src=""https://docs.google.com/spreadsheets/d/e/2PACX-1vRScT2LgL76CVvXcg1A2bV8EcRfm2HsJegsysCPs9RRbJDAIrCteCmsj3Es18z-0A/pubhtml?widget=true&amp;headers=false""></iframe>"
,430,Digital Social Research,SOC307,DSR,None,None,None,Monsoon,Swati Mantri,4,SSH,None,"<iframe src=""https://docs.google.com/spreadsheets/d/e/2PACX-1vSyfU8Rqovx3KZQu87xwTaOEhtaPngLPCQhKBY3kU_wr-iiih7nwFEuY45YYKMNUK9zQLh36I0NN4_J/pubhtml?gid=1505315556&amp;single=true&amp;widget=true&amp;headers=false""></iframe>"
,209,Gender and Media,SOC308/SOC514,GM,None,None,None,Monsoon,Smriti Singh,4,SSH,None,"<iframe src=""https://docs.google.com/spreadsheets/d/e/2PACX-1vRx-5xdvXaB4m89Og_ZVpK4lAT4C-SN2ai8ZxL0WJMFMACUOmKDUqgGHG-O3w1u0g/pubhtml?widget=true&amp;headers=false""></iframe>"
,210,Digital Ethnography Research Methods,SOC310/SOC510,DERM,None,RMSSD,None,Winter,Soibam Haripriya,4,SSH,None,"<iframe src=""https://docs.google.com/spreadsheets/d/e/2PACX-1vRaRLOc_ENl8rz1fflv3FBfud6ktVLBG1OM0zwBlkUxe5T5lbw6oyuIapXtmt5hmg/pubhtml?gid=237311939&amp;single=true&amp;widget=true&amp;headers=false""></iframe>"
,433,Advance Ethnographic Research Methods,SOC311/SOC501,AERM,SSH201,PhD-Prior sociology course,None,Monsoon,Soibam Haripriya,4,SSH,None,"<iframe src=""https://docs.google.com/spreadsheets/d/e/2PACX-1vRrdmv0jho70xll2Y6BOi25oQmaZivobchqp0vMfoHFh1UXD-OWXHgERhDsN7jyNg/pubhtml?widget=true&amp;headers=false""></iframe>"
,211,Sociology of India: Themes and Perspectives,SOC313/SOC503,SoI,None,None,None,Winter,Smriti Singh,4,SSH,None,"<iframe src=""https://docs.google.com/spreadsheets/d/e/2PACX-1vTeDHkFPkKI529cwd75L_6wU5qRt523EiDFsFAF7-tVcP1QkeCoDZVA7X1aWLWbIY-44bM5T69zZ54i/pubhtml?gid=277905017&amp;single=true&amp;widget=true&amp;headers=false""></iframe>"
,435,Technology and the Future of Work,SOC314/SOC512,TFM,None,"SOC211, SOC101, SOC210",None,Monsoon,Gayatri Nair,4,SSH,None,"<iframe src=""https://docs.google.com/spreadsheets/d/e/2PACX-1vSv6xxiXIsuFlU8g_-hvoLibdtTwSycP6PqVUjUXCYnwDOtupn34PXkxV_AsAHxXQ/pubhtml?widget=true&amp;headers=false""></iframe>"
,212,Intersectionality Studies,SOC315/SOC511,INST,None,SOC202,None,Monsoon,Smriti Singh,4,SSH,None,"<iframe src=""https://docs.google.com/spreadsheets/d/e/2PACX-1vTlUh4gbiUHxfKyNWNWbUC0GYr3JrQHSoqx0TmBbhOpW_i7oVzmc_3ckKakHCgrGg/pubhtml?widget=true&amp;headers=false""></iframe>"
,437,Advanced Sociological Theory,SOC502,AST,None,Sociological Theory (SOC 210) for B Tech students,SOC312,Winter,Gayatri Nair,4,SSH,None,"<iframe src=""https://docs.google.com/spreadsheets/d/e/2PACX-1vSfgE4QhI0KtSBedDmbrIfQq1SAoFKyenSB2w7w3qhJsp6-ZvPBjOsOgjOR5h6vqA/pubhtml?widget=true&amp;headers=false""></iframe>"
,213,On the making of anthropological objects,SOC504/SOC701,AO,One SOC course (For UG and M.Tech students),SOC Courses at level 3 or higher (For UG and M.Tech students),None,Winter,Deepak Prince,4,SSH,None,"<iframe src=""https://docs.google.com/spreadsheets/d/e/2PACX-1vRNsbbrEsSYMt5kKl0Qm9Cd_xzyIrA1D2Iaf6KTJHFK8OwuDOIgEVk0RLmS-Vattw/pubhtml?widget=true&amp;headers=false""></iframe>"
,439,Enhancement Technologies and the Body: Beyond the Human Form,SOC513,ETB,SOC101,SOC211 / SOC210 / SOC312 / SOC502,None,Monsoon,Paro Mishra,4,SSH,None,"<iframe src=""https://docs.google.com/spreadsheets/d/e/2PACX-1vSLvh7HFyn1XyieEV4CfPWC5ovVfrFK9xzu03sxpwZyTKuwLGIqMTmnBzTpPFbwfA/pubhtml?widget=true&amp;headers=false""></iframe>"
,214,Enhancement Technologies and the Body: Beyond the Human Form,SOC513,,SOC101,SOC 211/ SOC210/SOC312/SOC502),None,Monsoon,Paro Mishra,4,SSH,None,"<iframe src=""https://docs.google.com/spreadsheets/d/e/2PACX-1vT5U7Pn2xg2tlrBrUGo7EJoGAsMTqJZzfhgVxJp4AnjTZcOJDfCT_zCWn8FjAiNug/pubhtml?widget=true&amp;headers=false""></iframe>"
,,Contemporary Studies in Kinship,SOC515,,Introduction to Sociology and Anthropology (SOC101)  OR Sociological Theory (SOC210), Advanced Sociological Theory (SOC312/SOC502),None,Monsoon,Paro Mishra,4,SSH,None,"<iframe src=""https://docs.google.com/spreadsheets/d/e/2PACX-1vTrks-cun5FIsMJS2yPVi_zaQN8wjLIHLNSHWubZji2rAR4Hl-XVATR79G4KvnLhw/pubhtml?widget=true&amp;headers=false""></iframe>"
,442,State and Subject: Advanced topics in political anthropology,SOC702/SOC505,APA,1 SOC class,None,None,Monsoon,Deepak Prince,4,SSH,None,"<iframe src=""https://docs.google.com/spreadsheets/d/e/2PACX-1vSbJlOG6EWb0inXV37UcytAbLV1QQcpqpjN0ycWv1FvOuiwbc10VnC211cjENlE1A/pubhtml?widget=true&amp;headers=false""></iframe>"
,215,Urban Space and Gender,SOC719A,USG,SOC308 (Gender and Media),SOC514 (Gender and Media),None,Winter,Smriti Singh,2,SSH,None,"<iframe src=""https://docs.google.com/spreadsheets/d/e/2PACX-1vQrPlXm-b5M3GbLqDNn8DCkTQOK2taTuUfUCmt0HW5QpT7YajHSbUYVRVJzJ7u3kQ/pubhtml?widget=true&amp;headers=false""></iframe>"
,444,Critical Thinking and Readings in Social Science ,SSH101,CTRSS,None,None,None,Winter,Aasim Khan,4,SSH,None,"<iframe src=""https://docs.google.com/spreadsheets/d/e/2PACX-1vR3F5-5AvA6HXcwyar8TmroyDPQIn4mMQOOiucuSXdNb4zY8JJaR4CJwGa-WPSTGE-DzF9D-jMwL4gw/pubhtml?gid=1915266532&amp;single=true&amp;widget=true&amp;headers=false""></iframe>"
,216,Introduction to Philosophy,SSH121,IPHI,None,None,None,Monsoon,Shweta Singh,4,SSH,None,"<iframe src=""https://docs.google.com/spreadsheets/d/e/2PACX-1vRCHNDHngjOL-m6GrWfQ51XAFVlOYcnzRubwOymL_oq1qTPCv8if4x2GkCbKgJdxxFtPOYAWI5QAFh7/pubhtml?widget=true&amp;headers=false""></iframe>"
,446,Critical Thinking,SSH124,CT,None,None,"""SSH101""",Winter,Raj Ayyar,4,SSH,None,"<iframe src=""https://docs.google.com/spreadsheets/d/e/2PACX-1vQphJKna4qpsvhOxIhxAy0IXV7PoIuix5ovUEVDbjmGe377fOMlvgRXiPoWb-cwQhzGnNg87uHe04qS/pubhtml?gid=335883213&amp;single=true&amp;widget=true&amp;headers=false""></iframe>"
,217,Research Methods in Social Science and Design,SSH201,RMSSD,SSH101,None,None,Monsoon,Venkata Ratandeep Suri,4,SSH,None,"<iframe src=""https://docs.google.com/spreadsheets/d/e/2PACX-1vTPbBsUuAuf6WHmCSSMV0tYVlqmdFW_WPSKh7CmcPfUsK362af8bnCgYVXa7e5Oxx2YfKRcKnB38y-c/pubhtml?gid=244237486&amp;single=true&amp;widget=true&amp;headers=false""></iframe>"
,448,Theatre Appreciation,SSH211,TA,None,None,HSS211,Monsoon,Manohar Khushalani,4,SSH,None,"<iframe src=""https://docs.google.com/spreadsheets/d/e/2PACX-1vRxtoci9dmJ-UH20DgYqwAKe6NXubwsGVP2UxSkfbBNYvP7tSd865cFhcENK8PS8L0xRvt7iZ4Mxagp/pubhtml?gid=803259975&amp;single=true&amp;widget=true&amp;headers=false""></iframe>"
,218,Introduction To The Study Of Literature,SSH214,Lit,None,None,None,Winter,Information not available,4,SSH,None,"<iframe src=""https://docs.google.com/spreadsheets/d/e/2PACX-1vSq3vMrJwmMz2XU4l1rzC-EWEMV7bbWU_PWrxGzKyUwyjMoXrkCMcE4wPl9MgpQaWoEKlFSMfMONzdY/pubhtml?gid=1533237447&amp;single=true&amp;widget=true&amp;headers=false""></iframe>"
,450,Nation and her Narratives,SSH215,NN,None,None,None,Winter,Payel C Mukherjee,4,SSH,None,"<iframe src=""https://docs.google.com/spreadsheets/d/e/2PACX-1vQ8vkS0ShNKUGuJqY8LX2f-9Z17mkZa1AVyZ3cdSdwa4Tsl1uw4RhRIY_ddOvYKr4lMFDWUPDRRNqS-/pubhtml?gid=1090751117&amp;single=true&amp;widget=true&amp;headers=false""></iframe>"
,219,Introduction to Indian Mythology,SSH216,IIM,None,None,"""HSS219""",Monsoon,Saumya Kulshreshtha,2,SSH,None,"<iframe src=""https://docs.google.com/spreadsheets/d/e/2PACX-1vRE5pT90AdqllhO6vzhmvSZ1xQQprHTrgmX1Glehg0A0s2KKyQ2m-_Dh3w0wupsB2zAgVRMMc0jQgQI/pubhtml?gid=1643734671&amp;single=true&amp;widget=true&amp;headers=false""></iframe>"
,452,Indian Poetry Through the Ages,SSH217,IPA,None,None,None,Winter,Saumya Kulshreshtha,2,SSH,None,"<iframe src=""https://docs.google.com/spreadsheets/d/e/2PACX-1vS1yCWvXxckzzw8_quvJsR2AHGnuN5_P6IeO3ms0puFNhO_w8G1acJw4lp8fGhFfPOb0IkId-prRmM9/pubhtml?gid=122724049&amp;single=true&amp;widget=true&amp;headers=false""></iframe>"
,220,Social and Political Philosophy,SSH221,SPP,None,None,None,Monsoon,Manohar Kumar,4,SSH,None,"<iframe src=""https://docs.google.com/spreadsheets/d/e/2PACX-1vSyReHPpcrb5oZs-ykBUwOhWjcZxpwLUjzdx5q-z5m9hA38FzSyM1UYDdsWVQUT_OrVFJ8Zo7LCyY9S/pubhtml?gid=1556679691&amp;single=true&amp;widget=true&amp;headers=false""></iframe>"
,454,Theory and Practice of Engineering Ethics,SSH222,TPEE,None,None,None,Winter,Shweta Singh,4,SSH,None,"<iframe src=""https://docs.google.com/spreadsheets/d/e/2PACX-1vQcLLfEu6DeFrdKuFhCFYtVb4UNqSY99CAfm1p0f5G0owsG9WZGjecQUJIV-td7wt947ZMLqQSJoYRV/pubhtml?gid=1327390996&amp;single=true&amp;widget=true&amp;headers=false""></iframe>"
,221,Perspectives of Knowledge,SSH223,PoK,None,None,None,Monsoon,Shweta Singh,4,SSH,None,"<iframe src=""https://docs.google.com/spreadsheets/d/e/2PACX-1vScV__Pc8ygslMGzahzu23pUZsKlORoJgcP3FRwYa4Uxo0fnynJxTxUhdrrREXoe8MSTPoI8jUU9_XX/pubhtml?gid=1912230749&amp;single=true&amp;widget=true&amp;headers=false""></iframe>"
,456,"Computer, Information Ethics and Society",SSH224,CIES,None,None,None,Winter,Shweta Singh,4,SSH,None,"<iframe src=""https://docs.google.com/spreadsheets/d/e/2PACX-1vSBNPSAqu2w5btRKEE8P2JVjl6TI7vcNpkfCQo5oEV9o8EJcxQfMDKvvRz4KxtVfX55zuXzWvKbE3RM/pubhtml?gid=1635537190&amp;single=true&amp;widget=true&amp;headers=false""></iframe>"
,222,Comprehensive Gender Sensitization,SSH225A,CGS,None,None,None,Monsoon,Smriti Singh,2,SSH,None,"<iframe src=""https://docs.google.com/spreadsheets/d/e/2PACX-1vRmK0v-U2CG_yJeLNQDPFlF4ZR_ygnJ4z4Q60gPT_aw_1VyhMAqVjQmyWqNF1cEiQ/pubhtml?widget=true&amp;headers=false""></iframe>"
,458,Politics in Digital Era,SSH240,PDE,None,Social and Political Philosophy,None,Monsoon,Aasim Khan,4,SSH,None,"<iframe src=""https://docs.google.com/spreadsheets/d/e/2PACX-1vRctvmiOzn_LiYxmTL8pIJ19HEhhM3V-mpQryYwn3JYODf9T3bbblQxln_86vbmvQ/pubhtml?widget=true&amp;headers=false""></iframe>"
,223,Democracy in India: Principles and Practices,SSH261,DIPP,None,None,None,Winter,Praveen Priyadarshi,4,SSH,None,"<iframe src=""https://docs.google.com/spreadsheets/d/e/2PACX-1vTw3PaGeVjlFXjn5AwiU6wtPFOSjgFJDCvomJPh9G84dcxaqUd0e9lhVAJKZiolcVWT7chzXxUaR21b/pubhtml?gid=1085880294&amp;single=true&amp;widget=true&amp;headers=false""></iframe>"
,460,Theories of Ethics,SSH300,TE,None,Introduction to Philosophy,None,Monsoon,Nishad Patnaik,4,SSH,None,"<iframe src=""https://docs.google.com/spreadsheets/d/e/2PACX-1vT2YIaciZkckMskk15jEdQ0l91xFKwB73rIwqr6CSr1rYldDjlfV2EvgjDI9mxhFw/pubhtml?widget=true&amp;headers=false""></iframe>"
,224,Advanced Writing,SSH311,AW,None,None,None,Winter,Payel C Mukherjee,4,SSH,None,"<iframe src=""https://docs.google.com/spreadsheets/d/e/2PACX-1vRJMDuXZTue99dcqeBnM-4YLv4KNQhZfQ5mksiCvNVLGcBBhiCc5dT0UAvztpQH64MqW6jx8r080XXC/pubhtml?widget=true&amp;headers=false""></iframe>"
,462,Applied Ethics,SSH321/SSH521,AE,None,None,None,Winter,Manohar Kumar,4,SSH,None,"<iframe src=""https://docs.google.com/spreadsheets/d/e/2PACX-1vQiKLNgH-kY2EESiuPgOPR2VZyfA7QwSH2az45Esueu6JR-GVRlijCyKmL9pVqEOA/pubhtml?gid=1100688841&amp;single=true&amp;widget=true&amp;headers=false""></iframe>"
,225,New Media and Politics,SSH323,NMP,None,Social and Political Philosophy,None,Monsoon,Aasim Khan,4,SSH,None,"<iframe src=""https://docs.google.com/spreadsheets/d/e/2PACX-1vRbfXH-UgMo_9XCX5vIH01UcvUsamQZRzdNSkPpKy7YybIO4-N_-57dIRVc8k8w6kbTPntqvOBEHvX7/pubhtml?gid=690055581&amp;single=true&amp;widget=true&amp;headers=false""></iframe>"
,464,Philosophy of Mind,SSH324,PoM,SSH121,None,None,Winter,Nishad Patnaik,4,SSH,None,"<iframe src=""https://docs.google.com/spreadsheets/d/e/2PACX-1vTgfh0_HrwRObXSNfej-pPyaIiQh92MRn08LSC_au6pFqFJXhfDBNqDE1Iv_IjPcQAIeCqt0fJTt6Vz/pubhtml?gid=1109152343&amp;single=true&amp;widget=true&amp;headers=false""></iframe>"
,226,Ethics in AI,SSH325/SSH525,EI,None,"SSH321, SSH300, CSE342, CSE343",None,Winter,Manohar Kumar,4,SSH,None,"<iframe src=""https://docs.google.com/spreadsheets/d/e/2PACX-1vRdJ72zd6CbJT67Ez4G31nBUHx3Wtz_7hUWZRarzTFX2PAJ__rcaaH2tny88v0YAA/pubhtml?widget=true&amp;headers=false""></iframe>"
,466,Japanese Language,SSH326,JALang,None,None,None,Winter,Guest Faculty,4,SSH,None,"<iframe src=""https://docs.google.com/document/d/e/2PACX-1vRsVhtxPgknSlsnxUgGjFVSsIdyoeGZvf8hpWPA0WrMmThHEFdr4pRciEygzIU9xA/pub?embedded=true""></iframe>"
,227,Concepts and Methods in Social Movement Research,SSH327A/SSH527A,CMSMR,Introduction level course in any of the major social sciences including critical thihking,Introduction to Sociology/New Media and Politics,None,Monsoon,Aasim Khan,2,SSH,None,"<iframe src=""https://docs.google.com/spreadsheets/d/e/2PACX-1vT0CnW9RWh0nybYMTJRR-HyzE52kUc8oDVA8HAMLTzwuRUKwqXkY5sj2HVzye-3Eg/pubhtml?widget=true&amp;headers=false""></iframe>"
,468,"Governing AI: History, Theory, Policy (New)",SSH341/SSH541,GAI,None,None,None,Monsoon,Praveen Priyadarshi,4,SSH,None,"<iframe src=""https://docs.google.com/spreadsheets/d/e/2PACX-1vROx60_lUGvUruUsSpF1E1iesZBjpNu7qnT0iTpwN1e1L0xK8_yyGJGp7213o4jdA/pubhtml?widget=true&amp;headers=false""></iframe>"
,228,Political Concepts in Contemporary India,SSH342/SSH542,,None,"SSH221: Social and Political Philosophy, SOC101: Introduction to Sociology and Anthropology",None,Winter,Neera Chandhoke,4,SSH,None,"<iframe src=""https://docs.google.com/spreadsheets/d/e/2PACX-1vSVlFp8iHoGtqkRuPSSBsVcsZnYJ8QfcQdBEJ0k_svDJzIBTdRj95yhPdh0SphyqQ/pubhtml?widget=true&amp;headers=false""></iframe>"
,470,Comparative Politics in Digital Era,SSH361,CPDE,None,None,None,Winter,Aasim Khan,4,SSH,None,"<iframe src=""https://docs.google.com/spreadsheets/d/e/2PACX-1vQ4H_s1jVDWdh_o-AuQGxtU8OHqD6YqWQvzRut3HXMhbPj3hdfhjLF8hoi2Xmf_Th92Zvn2wqMedUAO/pubhtml?gid=1157862776&amp;single=true&amp;widget=true&amp;headers=false""></iframe>"
,229,Urban Space and Political Power,SSH362/SSH562,USPP,None,SOC101,None,Monsoon/Winter,Praveen Priyadarshi,4,SSH,None,"<iframe src=""https://docs.google.com/spreadsheets/d/e/2PACX-1vRmh84GNcfP-v3VfYTuOQDmsTwei4G0L7E1b7h3w-s0pNKPBCUrurZzTuxfPTg1yd91SD2M1IT1zP5A/pubhtml?gid=1214203233&amp;single=true&amp;widget=true&amp;headers=false""></iframe>"
,472,Philosophy of Technology,SSH3PT,PT,None,None,None,Winter,Nishad Patnaik,4,SSH,None,"<iframe src=""https://docs.google.com/spreadsheets/d/e/2PACX-1vSj4lL-heaytDKpq5jdKLmnBaNGG2rYmgvdtjemCQlQ6CpTBY4xSUfRpAzDjHX7bMCwufAijGeQNOwX/pubhtml?gid=876819508&amp;single=true&amp;widget=true&amp;headers=false""></iframe>"
,230,Reading Hegel's Phenomenology of Spiri,SSH526/SSH726,RHPS,None,Familiarity with Kantian philosophy,None,Monsoon,Nishad Patnaik,4,SSH,None,"<iframe src=""https://docs.google.com/spreadsheets/d/e/2PACX-1vR82G2hYugxet8xlGf7VUnRvbBSvIJamd6oT4XVGKO3N5adBKk_owul1nnIJiTELg/pubhtml?widget=true&amp;headers=false""></iframe>"
,,Contemporary Continental Political Theory ,SSH544/744,,None,Some familiarity with the basic philosophical approachs/systems in political theory.   ,None,Monsoon,Nishad Patnaik,4,SSH,None,"<iframe src=""https://docs.google.com/spreadsheets/d/e/2PACX-1vTcl-U7acM0t8fbDKfVGVyrfkA3WXD7dBNigf3Jetr1cB7bFIVr4zwPTicBcDY8wQ/pubhtml?widget=true&amp;headers=false""></iframe>"
,475,Key Concepts in Political Theory,SSH5743,,None,None,None,Monsoon,Neera Chandhoke,4,SSH,None,"<iframe src=""https://docs.google.com/spreadsheets/d/e/2PACX-1vTGDeq_LjtkmzjCqP9BwcBxE_RzSqXlwyRELy7yh74dZamRmWbvBxLDDHVL7t4mlQ/pubhtml?widget=true&amp;headers=false""></iframe>"
,231,"Knowledge Production, Concepts and Context",SSH700,KPCC,None,None,None,Monsoon,"Aasim Khan, Praveen Priyadarshi, Nishad Patnaik, Manohar Kumar",4,SSH,None,"<iframe src=""https://docs.google.com/spreadsheets/d/e/2PACX-1vRzhYxZ0EURrzlczJZftHMKBMZ69Lgn7fkMi5GD0aAEa4cR1H-0zVcBNHmUhTx1PQ/pubhtml?widget=true&amp;headers=false""></iframe>"
,477,Data and Society,SSH711,D&S,None,None,None,Monsoon,Ratan Suri,4,SSH,None,"<iframe src=""https://docs.google.com/spreadsheets/d/e/2PACX-1vSGzDrz0bUtSDCbQiA1dST5tZw3jh2kt8cdkPLNMqw5c8GG_CFK1oHgvdmHPpVKeQ/pubhtml?widget=true&amp;headers=false""></iframe>"
,232,Advanced Readings in Moral and Political Philosophy,SSH721,,None,Theories of Ethics ,None,Winter,"Praveen Priyadarshi, Manohar Kumar",4,SSH,None,"<iframe src=""https://docs.google.com/spreadsheets/d/e/2PACX-1vSp0BSD1yYzTO2uncF1cgEXwLrt_Rvz2aMV0efFua3XrkRy89n4KpMH_jNJNoBYlg/pubhtml?widget=true&amp;headers=false""></iframe>"
,479,Kant's Critique of Pure Reason,SSH728,,"Knowledge Production, Concepts and Context (KPCC)",Some familiarity with the basic philosophical approach/system  of the philosopher in question  ,None,Monsoon,Nishad Patnaik,4,SSH,None,"<iframe src=""https://docs.google.com/spreadsheets/d/e/2PACX-1vR2sn5Fb0VSyA5BcUMjpw6OeanVSvpKfLZKW4jYoUKwkj8aw-sPYD931ybp-m9obA/pubhtml?widget=true&amp;headers=false""></iframe>"