-------------------------------------------------------------------------------
>Log Session: Saturday, August 22, 2026, 6:21:42 PM India Standard Time
>System Info: 
  Product Version         = vsc dev-546664922821e98aa6bf735bf9102e5bbac48236
  Operating System        = Linux version 7.0.0-30-generic running on amd64
  Java; VM; Vendor        = 21.0.11; OpenJDK 64-Bit Server VM 21.0.11+10-1-24.04.2-Ubuntu; Ubuntu
  Runtime                 = OpenJDK Runtime Environment 21.0.11+10-1-24.04.2-Ubuntu
  Java Home               = /usr/lib/jvm/java-21-openjdk-amd64
  System Locale; Encoding = en (nbcode); UTF-8
  Home Directory          = /home/kairav
  Current Directory       = /home/kairav/.config/Code/User/workspaceStorage/59f86e0b71126db690f90f24dcfb5b8e/Oracle.oracle-java/userdir
  User Directory          = /home/kairav/.config/Code/User/workspaceStorage/59f86e0b71126db690f90f24dcfb5b8e/Oracle.oracle-java/userdir
  Cache Directory         = /home/kairav/.config/Code/User/workspaceStorage/59f86e0b71126db690f90f24dcfb5b8e/Oracle.oracle-java/userdir/var/cache
  Installation            = /home/kairav/.vscode/extensions/oracle.oracle-java-26.0.2/nbcode/ide
                            /home/kairav/.vscode/extensions/oracle.oracle-java-26.0.2/nbcode/extide
                            /home/kairav/.vscode/extensions/oracle.oracle-java-26.0.2/nbcode/webcommon
                            /home/kairav/.vscode/extensions/oracle.oracle-java-26.0.2/nbcode/java
                            /home/kairav/.vscode/extensions/oracle.oracle-java-26.0.2/nbcode/extra
                            /home/kairav/.vscode/extensions/oracle.oracle-java-26.0.2/nbcode/nbcode
                            /home/kairav/.vscode/extensions/oracle.oracle-java-26.0.2/nbcode/platform
  Boot & Ext. Classpath   = 
  Application Classpath   = /home/kairav/.vscode/extensions/oracle.oracle-java-26.0.2/nbcode/platform/lib/boot.jar:/home/kairav/.vscode/extensions/oracle.oracle-java-26.0.2/nbcode/platform/lib/org-openide-modules.jar:/home/kairav/.vscode/extensions/oracle.oracle-java-26.0.2/nbcode/platform/lib/org-openide-util.jar:/home/kairav/.vscode/extensions/oracle.oracle-java-26.0.2/nbcode/platform/lib/org-openide-util-lookup.jar:/home/kairav/.vscode/extensions/oracle.oracle-java-26.0.2/nbcode/platform/lib/org-openide-util-ui.jar
  Startup Classpath       = /home/kairav/.vscode/extensions/oracle.oracle-java-26.0.2/nbcode/platform/core/asm-9.9.jar:/home/kairav/.vscode/extensions/oracle.oracle-java-26.0.2/nbcode/platform/core/core.jar:/home/kairav/.vscode/extensions/oracle.oracle-java-26.0.2/nbcode/platform/core/core-base.jar:/home/kairav/.vscode/extensions/oracle.oracle-java-26.0.2/nbcode/platform/core/org-netbeans-libs-asm.jar:/home/kairav/.vscode/extensions/oracle.oracle-java-26.0.2/nbcode/platform/core/asm-commons-9.9.jar:/home/kairav/.vscode/extensions/oracle.oracle-java-26.0.2/nbcode/platform/core/asm-tree-9.9.jar:/home/kairav/.vscode/extensions/oracle.oracle-java-26.0.2/nbcode/platform/core/org-openide-filesystems.jar:/home/kairav/.vscode/extensions/oracle.oracle-java-26.0.2/nbcode/platform/core/org-openide-filesystems-compat8.jar:/home/kairav/.vscode/extensions/oracle.oracle-java-26.0.2/nbcode/nbcode/core/locale/core_nbcode.jar
  Java Boot Modules       = [java.base, java.compiler, java.datatransfer, java.desktop, java.instrument, java.logging, java.management, java.management.rmi, java.naming, java.net.http, java.prefs, java.rmi, java.scripting, java.security.jgss, java.security.sasl, java.smartcardio, java.sql, java.sql.rowset, java.transaction.xa, java.xml, java.xml.crypto, jdk.accessibility, jdk.attach, jdk.charsets, jdk.compiler, jdk.crypto.cryptoki, jdk.crypto.ec, jdk.dynalink, jdk.editpad, jdk.httpserver, jdk.internal.ed, jdk.internal.jvmstat, jdk.internal.le, jdk.internal.opt, jdk.jartool, jdk.javadoc, jdk.jconsole, jdk.jdeps, jdk.jdi, jdk.jdwp.agent, jdk.jfr, jdk.jlink, jdk.jpackage, jdk.jshell, jdk.jsobject, jdk.jstatd, jdk.localedata, jdk.management, jdk.management.agent, jdk.management.jfr, jdk.naming.dns, jdk.naming.rmi, jdk.net, jdk.nio.mapmode, jdk.random, jdk.sctp, jdk.security.auth, jdk.security.jgss, jdk.unsupported, jdk.unsupported.desktop, jdk.xml.dom, jdk.zipfs]
-------------------------------------------------------------------------------
Warning - could not install some modules:
	org.netbeans.modules.javascript2.vue - The module named org.netbeans.modules.html.lexer/1 was needed and not found.
	org.netbeans.modules.javascript2.vue - The module named org.netbeans.modules.javascript2.lexer/1 was needed and not found.
	org.netbeans.modules.javascript2.vue - The module named org.netbeans.modules.javascript2.jade/1 was needed and not found.
	org.netbeans.modules.javascript2.vue - The module named org.netbeans.modules.css.lib/2 was needed and not found.
	org.netbeans.modules.j2ee.persistence - The module named org.netbeans.modules.dbapi was needed and not found.
	org.netbeans.modules.j2ee.persistence - The module named org.netbeans.modules.dbschema/1 was needed and not found.
	org.netbeans.modules.texttools - No module providing the capability org.openide.windows.WindowManager could be found.
	org.netbeans.modules.javadoc - The module named org.netbeans.modules.html.editor.lib/3 was needed and not found.
	org.netbeans.modules.javadoc - The module named org.netbeans.modules.html.parser/1 was needed and not found.
	org.netbeans.modules.svg - The module named org.netbeans.modules.xml was needed and not found.
Warning - could not install some modules:
	Javascript2 Vue - The module named org.netbeans.modules.html.lexer/1 was needed and not found.
	Javascript2 Vue - The module named org.netbeans.modules.javascript2.lexer/1 was needed and not found.
	Javascript2 Vue - The module named org.netbeans.modules.javascript2.jade/1 was needed and not found.
	Javascript2 Vue - The module named org.netbeans.modules.css.lib/2 was needed and not found.
	Java Persistence API Support - The module named org.netbeans.modules.dbapi was needed and not found.
	Java Persistence API Support - The module named org.netbeans.modules.dbschema/1 was needed and not found.
	Texttools - No module providing the capability org.openide.windows.WindowManager could be found.
	Javadoc - The module named org.netbeans.modules.html.editor.lib/3 was needed and not found.
	Javadoc - The module named org.netbeans.modules.html.parser/1 was needed and not found.
	SVG Support - The module named org.netbeans.modules.xml was needed and not found.
INFO [org.netbeans.modules.netbinox]: Install area set to file:/home/kairav/.vscode/extensions/oracle.oracle-java-26.0.2/nbcode/
WARNING [org.netbeans.core.modules]: the modules [org.netbeans.modules.xml.text] use org.netbeans.modules.editor.deprecated.pre65formatting which is deprecated.
WARNING [org.netbeans.core.modules]: the modules [org.netbeans.modules.xml.text] use org.netbeans.modules.editor.structure which is deprecated.
WARNING [org.netbeans.core.modules]: the modules [org.netbeans.modules.java.hints, org.netbeans.modules.java.lsp.server, org.netbeans.modules.maven.hints] use org.netbeans.modules.java.hints.legacy.spi which is deprecated: Use Java Hints SPI (org.netbeans.spi.java.hints) instead.
INFO [org.netbeans.modules.nbcode.integration.UIDefaultsIconMetadata]: Icon not used: MSG_WaitScan
INFO [org.netbeans.modules.nbcode.integration.UIDefaultsIconMetadata]: Icon not used: Table.columnSelection
INFO [org.netbeans.modules.nbcode.integration.UIDefaultsIconMetadata]: Lazy-replacing icon: Tree.closedIcon
INFO [org.netbeans.modules.nbcode.integration.UIDefaultsIconMetadata]: Icon not used: nb.multitabs.button.dropdown.icon
INFO [org.netbeans.modules.nbcode.integration.UIDefaultsIconMetadata]: Icon not used: nb.close.tab.icon.enabled.icon
INFO [org.netbeans.modules.nbcode.integration.UIDefaultsIconMetadata]: Icon not used: nb.bigclose.tab.icon.pressed.icon
INFO [org.netbeans.modules.nbcode.integration.UIDefaultsIconMetadata]: Icon not used: Tree.gtk_expandedIcon
INFO [org.netbeans.modules.nbcode.integration.UIDefaultsIconMetadata]: Lazy-replacing icon: FileChooser.upFolderIcon
INFO [org.netbeans.modules.nbcode.integration.UIDefaultsIconMetadata]: Lazy-replacing icon: RadioButton.icon
INFO [org.netbeans.modules.nbcode.integration.UIDefaultsIconMetadata]: Icon not used: nb.close.tab.icon.pressed.icon
INFO [org.netbeans.modules.nbcode.integration.UIDefaultsIconMetadata]: Icon not used: nb.close.tab.icon.rollover.icon
INFO [org.netbeans.modules.nbcode.integration.UIDefaultsIconMetadata]: Icon not used: ComboBox.icon
INFO [org.netbeans.modules.nbcode.integration.UIDefaultsIconMetadata]: Icon not used: nb.bigclose.tab.icon.rollover.icon
INFO [org.netbeans.modules.nbcode.integration.UIDefaultsIconMetadata]: Icon not used: ETableHeader.ascendingIcon
INFO [org.netbeans.modules.nbcode.integration.UIDefaultsIconMetadata]: Lazy-replacing icon: Tree.leafIcon
INFO [org.netbeans.modules.nbcode.integration.UIDefaultsIconMetadata]: Lazy-replacing icon: Tree.openIcon
INFO [org.netbeans.modules.nbcode.integration.UIDefaultsIconMetadata]: Icon not used: nb.multitabs.button.left.icon
INFO [org.netbeans.modules.nbcode.integration.UIDefaultsIconMetadata]: Lazy-replacing icon: CheckBox.icon
INFO [org.netbeans.modules.nbcode.integration.UIDefaultsIconMetadata]: Lazy-replacing icon: OptionPane.informationIcon
INFO [org.netbeans.modules.nbcode.integration.UIDefaultsIconMetadata]: Lazy-replacing icon: Tree.expandedIcon
INFO [org.netbeans.modules.nbcode.integration.UIDefaultsIconMetadata]: Icon not used: ToolBar.handleIcon
INFO [org.netbeans.modules.nbcode.integration.UIDefaultsIconMetadata]: Lazy-replacing icon: FileChooser.homeFolderIcon
INFO [org.netbeans.modules.nbcode.integration.UIDefaultsIconMetadata]: Icon not used: nb.popupswitcher.closebutton.rolloverIcon
INFO [org.netbeans.modules.nbcode.integration.UIDefaultsIconMetadata]: Icon not used: nb.multitabs.button.right.icon
INFO [org.netbeans.modules.nbcode.integration.UIDefaultsIconMetadata]: Icon not used: Tree.gtk_collapsedIcon
INFO [org.netbeans.modules.nbcode.integration.UIDefaultsIconMetadata]: Icon not used: ETableHeader.descendingIcon
INFO [org.netbeans.modules.nbcode.integration.UIDefaultsIconMetadata]: Lazy-replacing icon: FileChooser.newFolderIcon
INFO [org.netbeans.modules.nbcode.integration.UIDefaultsIconMetadata]: Icon not used: nb.multitabs.button.maximize.icon
INFO [org.netbeans.modules.nbcode.integration.UIDefaultsIconMetadata]: Icon not used: Nb.Explorer.Folder.icon
INFO [org.netbeans.modules.nbcode.integration.UIDefaultsIconMetadata]: Icon not used: PropSheet.customButtonIcon
INFO [org.netbeans.modules.nbcode.integration.UIDefaultsIconMetadata]: Lazy-replacing icon: OptionPane.warningIcon
INFO [org.netbeans.modules.nbcode.integration.UIDefaultsIconMetadata]: Icon not used: Nb.Explorer.Folder.openedIcon
INFO [org.netbeans.modules.nbcode.integration.UIDefaultsIconMetadata]: Icon not used: nb.bigclose.tab.icon.enabled.icon
INFO [org.netbeans.modules.nbcode.integration.UIDefaultsIconMetadata]: Icon not used: nb.tabcontrol.busy.icon.selected
INFO [org.netbeans.modules.nbcode.integration.UIDefaultsIconMetadata]: Icon not used: nb.popupswitcher.closebutton.defaultIcon
INFO [org.netbeans.modules.nbcode.integration.UIDefaultsIconMetadata]: Lazy-replacing icon: Menu.arrowIcon
INFO [org.netbeans.modules.nbcode.integration.UIDefaultsIconMetadata]: Icon not used: nb.tabcontrol.busy.icon.normal
INFO [org.netbeans.modules.nbcode.integration.UIDefaultsIconMetadata]: Lazy-replacing icon: Tree.collapsedIcon
INFO [org.netbeans.core.startup.NbEvents]: Turning on modules:
	slf4j.jdk14 [1.7.36 1.7.36]
	slf4j.api [1.7.36 1.7.36]
	org.openide.util.lookup [8.65 dev-546664922821e98aa6bf735bf9102e5bbac48236]
	org.openide.util [9.39 dev-546664922821e98aa6bf735bf9102e5bbac48236]
	org.openide.util.ui [9.40 dev-546664922821e98aa6bf735bf9102e5bbac48236]
	org.openide.modules [7.79 dev-546664922821e98aa6bf735bf9102e5bbac48236]
	org.netbeans.api.annotations.common/1 [1.59 dev-546664922821e98aa6bf735bf9102e5bbac48236]
	org.openide.filesystems [9.44 dev-546664922821e98aa6bf735bf9102e5bbac48236]
	org.openide.awt [7.99 dev-546664922821e98aa6bf735bf9102e5bbac48236]
	org.netbeans.api.progress/1 [1.79 dev-546664922821e98aa6bf735bf9102e5bbac48236]
	org.netbeans.api.progress.nb [1.79 dev-546664922821e98aa6bf735bf9102e5bbac48236]
	org.openide.dialogs [7.78 dev-546664922821e98aa6bf735bf9102e5bbac48236]
	org.openide.nodes [7.76 dev-546664922821e98aa6bf735bf9102e5bbac48236]
	org.openide.windows [6.108 dev-546664922821e98aa6bf735bf9102e5bbac48236]
	org.netbeans.libs.jsvg/2 [2.3 1.7.1 dev-546664922821e98aa6bf735bf9102e5bbac48236]
	org.openide.util.ui.svg [1.25 dev-546664922821e98aa6bf735bf9102e5bbac48236]
	org.netbeans.modules.editor.mimelookup/1 [1.71 dev-546664922821e98aa6bf735bf9102e5bbac48236]
	org.openide.text [6.100 dev-546664922821e98aa6bf735bf9102e5bbac48236]
	org.netbeans.api.scripting [1.28 dev-546664922821e98aa6bf735bf9102e5bbac48236]
	org.netbeans.swing.tabcontrol [1.88 dev-546664922821e98aa6bf735bf9102e5bbac48236]
	org.netbeans.swing.outline [1.65 dev-546664922821e98aa6bf735bf9102e5bbac48236]
	org.openide.explorer [6.93 dev-546664922821e98aa6bf735bf9102e5bbac48236]
	org.openide.actions [6.70 dev-546664922821e98aa6bf735bf9102e5bbac48236]
	org.netbeans.modules.queries/1 [1.74 dev-546664922821e98aa6bf735bf9102e5bbac48236]
	org.netbeans.api.templates [1.39 dev-546664922821e98aa6bf735bf9102e5bbac48236]
	org.openide.filesystems.nb [9.41 dev-546664922821e98aa6bf735bf9102e5bbac48236]
	org.openide.loaders [7.101 dev-546664922821e98aa6bf735bf9102e5bbac48236]
	org.netbeans.api.intent [1.33 dev-546664922821e98aa6bf735bf9102e5bbac48236]
	org.netbeans.api.io [1.34 dev-546664922821e98aa6bf735bf9102e5bbac48236]
	org.openide.io [1.80 dev-546664922821e98aa6bf735bf9102e5bbac48236]
	org.openide.filesystems.compat8 [9.40 dev-546664922821e98aa6bf735bf9102e5bbac48236]
	org.openide.execution [9.34 dev-546664922821e98aa6bf735bf9102e5bbac48236]
	org.netbeans.swing.plaf [1.73 dev-546664922821e98aa6bf735bf9102e5bbac48236]
	org.netbeans.modules.keyring [1.55 dev-546664922821e98aa6bf735bf9102e5bbac48236]
	org.netbeans.libs.asm [5.34 dev-546664922821e98aa6bf735bf9102e5bbac48236]
	org.netbeans.bootstrap/1 [2.110 dev-546664922821e98aa6bf735bf9102e5bbac48236]
	org.netbeans.core.startup.base [1.93.0.1 1 dev-546664922821e98aa6bf735bf9102e5bbac48236]
	org.netbeans.core.startup/1 [1.94.0.1 dev-546664922821e98aa6bf735bf9102e5bbac48236]
	org.netbeans.modules.sampler [1.45 dev-546664922821e98aa6bf735bf9102e5bbac48236]
	org.netbeans.core/2 [3.82 dev-546664922821e98aa6bf735bf9102e5bbac48236]
	org.netbeans.spi.quicksearch [1.58 dev-546664922821e98aa6bf735bf9102e5bbac48236]
	org.netbeans.modules.options.api/1 [1.76 dev-546664922821e98aa6bf735bf9102e5bbac48236]
	org.netbeans.libs.flatlaf/1 [1.25 3.6.2 dev-546664922821e98aa6bf735bf9102e5bbac48236]
	org.netbeans.swing.laf.flatlaf [1.24 dev-546664922821e98aa6bf735bf9102e5bbac48236]
	org.netbeans.spi.viewmodel/2 [1.82 dev-546664922821e98aa6bf735bf9102e5bbac48236]
	org.netbeans.spi.tasklist/1 [1.66.0.1 1 dev-546664922821e98aa6bf735bf9102e5bbac48236]
	org.netbeans.spi.navigator/1 [1.69 dev-546664922821e98aa6bf735bf9102e5bbac48236]
	org.netbeans.modules.editor.util/1 [1.96 dev-546664922821e98aa6bf735bf9102e5bbac48236]
	org.netbeans.modules.editor.settings.lib [1.82.0.1 1 dev-546664922821e98aa6bf735bf9102e5bbac48236]
	org.netbeans.modules.editor.settings/1 [1.88 dev-546664922821e98aa6bf735bf9102e5bbac48236]
	org.netbeans.modules.lexer/2 [1.94.0.1 1 dev-546664922821e98aa6bf735bf9102e5bbac48236]
	org.netbeans.modules.editor.fold/1 [1.76 dev-546664922821e98aa6bf735bf9102e5bbac48236]
	org.netbeans.modules.editor.document [1.40.0.3 3 dev-546664922821e98aa6bf735bf9102e5bbac48236]
	org.netbeans.modules.editor.lib2/1 [2.51.0.55.3 55 dev-546664922821e98aa6bf735bf9102e5bbac48236]
	org.netbeans.modules.editor.guards/1 [1.64 dev-546664922821e98aa6bf735bf9102e5bbac48236]
	org.netbeans.api.lsp/1 [1.37 dev-546664922821e98aa6bf735bf9102e5bbac48236]
	org.netbeans.modules.editor.indent/2 [1.74 dev-546664922821e98aa6bf735bf9102e5bbac48236]
	org.netbeans.modules.editor.lib/3 [4.38.0.23.3.55 23 dev-546664922821e98aa6bf735bf9102e5bbac48236]
	org.netbeans.modules.options.keymap [1.68 dev-546664922821e98aa6bf735bf9102e5bbac48236]
	org.netbeans.modules.editor.settings.storage/1 [1.83.0.1 dev-546664922821e98aa6bf735bf9102e5bbac48236]
	org.netbeans.modules.editor.fold.nbui [1.43.0.55 dev-546664922821e98aa6bf735bf9102e5bbac48236]
	org.netbeans.modules.editor/3 [1.118.0.6.3.23.55 6 dev-546664922821e98aa6bf735bf9102e5bbac48236]
	org.netbeans.libs.javacapi [8.55.0.3 3 dev-546664922821e98aa6bf735bf9102e5bbac48236]
	org.netbeans.lib.nbjavac [1.47.0.4.3 4 dev-546664922821e98aa6bf735bf9102e5bbac48236]
	org.netbeans.modules.editor.errorstripe.api/1 [2.63.0.1 1 dev-546664922821e98aa6bf735bf9102e5bbac48236]
	org.netbeans.api.java.classpath/1 [1.85 dev-546664922821e98aa6bf735bf9102e5bbac48236]
	org.netbeans.api.java/1 [1.98 dev-546664922821e98aa6bf735bf9102e5bbac48236]
	org.netbeans.modules.java.platform/1 [1.73 dev-546664922821e98aa6bf735bf9102e5bbac48236]
	org.netbeans.modules.options.editor/1 [1.92 dev-546664922821e98aa6bf735bf9102e5bbac48236]
	org.netbeans.modules.editor.errorstripe/2 [2.65.0.1.1 1 dev-546664922821e98aa6bf735bf9102e5bbac48236]
	org.netbeans.modules.projectapi/1 [1.103 dev-546664922821e98aa6bf735bf9102e5bbac48236]
	org.netbeans.modules.diff/1 [1.82.0.42.1 42 dev-546664922821e98aa6bf735bf9102e5bbac48236]
	org.netbeans.libs.lucene/3 [3.50 dev-546664922821e98aa6bf735bf9102e5bbac48236]
	org.netbeans.modules.masterfs/2 [2.86.0.2 2 dev-546664922821e98aa6bf735bf9102e5bbac48236]
	org.netbeans.modules.parsing.lucene/2 [2.67.0.1 1 dev-546664922821e98aa6bf735bf9102e5bbac48236]
	org.netbeans.modules.parsing.api/1 [9.38.0.8 8 dev-546664922821e98aa6bf735bf9102e5bbac48236]
	org.netbeans.modules.projectuiapi.base/1 [1.117.0.9 9 dev-546664922821e98aa6bf735bf9102e5bbac48236]
	org.netbeans.modules.project.indexingbridge [1.48 dev-546664922821e98aa6bf735bf9102e5bbac48236]
	org.netbeans.modules.parsing.indexing [9.43.0.1.3.8 1 dev-546664922821e98aa6bf735bf9102e5bbac48236]
	org.netbeans.modules.refactoring.api [1.78.0.1 1 dev-546664922821e98aa6bf735bf9102e5bbac48236]
	org.netbeans.modules.classfile/1 [1.83 dev-546664922821e98aa6bf735bf9102e5bbac48236]
	org.netbeans.modules.editor.indent.support [1.73 dev-546664922821e98aa6bf735bf9102e5bbac48236]
	org.netbeans.modules.projectuiapi/1 [1.120.0.8 8 dev-546664922821e98aa6bf735bf9102e5bbac48236]
	org.netbeans.modules.editor.indent.project/0 [1.53 dev-546664922821e98aa6bf735bf9102e5bbac48236]
	org.netbeans.core.multiview/1 [1.75 dev-546664922821e98aa6bf735bf9102e5bbac48236]
	org.netbeans.modules.java.lexer/1 [1.67 dev-546664922821e98aa6bf735bf9102e5bbac48236]
	org.netbeans.modules.java.preprocessorbridge [1.80.0.1 1 dev-546664922821e98aa6bf735bf9102e5bbac48236]
	org.netbeans.modules.java.source.base [2.82.0.6.4.3.8.1 6 dev-546664922821e98aa6bf735bf9102e5bbac48236]
	org.netbeans.modules.autoupdate.services [1.87 dev-546664922821e98aa6bf735bf9102e5bbac48236]
	org.netbeans.modules.java.source [0.196.0.32.4.3.6.1 32 dev-546664922821e98aa6bf735bf9102e5bbac48236]
	org.netbeans.modules.project.spi.intern [1.34 dev-546664922821e98aa6bf735bf9102e5bbac48236]
	org.netbeans.modules.project.libraries/1 [1.84 dev-546664922821e98aa6bf735bf9102e5bbac48236]
	org.apache.xml.resolver [1.62.0.12 12 dev-546664922821e98aa6bf735bf9102e5bbac48236]
	org.netbeans.api.xml/1 [1.75 dev-546664922821e98aa6bf735bf9102e5bbac48236]
	org.netbeans.modules.xml.catalog/2 [3.35.0.4 4 dev-546664922821e98aa6bf735bf9102e5bbac48236]
	org.netbeans.modules.project.ant/1 [1.98 dev-546664922821e98aa6bf735bf9102e5bbac48236]
	org.netbeans.modules.java.project/1 [1.103 dev-546664922821e98aa6bf735bf9102e5bbac48236]
	org.netbeans.modules.settings/1 [1.80 dev-546664922821e98aa6bf735bf9102e5bbac48236]
	org.netbeans.spi.editor.hints/0 [1.73.0.8.55 8 dev-546664922821e98aa6bf735bf9102e5bbac48236]
	org.netbeans.modules.code.analysis/0 [1.57 dev-546664922821e98aa6bf735bf9102e5bbac48236]
	org.netbeans.spi.java.hints [1.65.0.13.4.3.32.6.8 13 dev-546664922821e98aa6bf735bf9102e5bbac48236]
	org.netbeans.api.debugger/1 [1.86 dev-546664922821e98aa6bf735bf9102e5bbac48236]
	org.netbeans.spi.debugger.ui/1 [2.90 dev-546664922821e98aa6bf735bf9102e5bbac48236]
	org.netbeans.api.debugger.jpda/2 [3.41 dev-546664922821e98aa6bf735bf9102e5bbac48236]
	org.netbeans.spi.debugger.jpda.ui [3.34 dev-546664922821e98aa6bf735bf9102e5bbac48236]
	org.netbeans.modules.xml.core/2 [1.74.0.4 4 dev-546664922821e98aa6bf735bf9102e5bbac48236]
	org.netbeans.modules.xml.xam/1 [1.63.0.1 1 dev-546664922821e98aa6bf735bf9102e5bbac48236]
	org.netbeans.modules.xml.lexer [1.61 dev-546664922821e98aa6bf735bf9102e5bbac48236]
	org.netbeans.modules.xml.xdm/1 [1.65.0.1 1 dev-546664922821e98aa6bf735bf9102e5bbac48236]
	org.netbeans.modules.editor.breadcrumbs/0 [1.48 dev-546664922821e98aa6bf735bf9102e5bbac48236]
	org.netbeans.modules.editor.bracesmatching/0 [1.70.0.55 dev-546664922821e98aa6bf735bf9102e5bbac48236]
	org.netbeans.modules.editor.deprecated.pre65formatting/0 [1.62.0.1.6.23.55 1 dev-546664922821e98aa6bf735bf9102e5bbac48236]
	org.netbeans.modules.editor.completion/1 [1.76.0.2 2 dev-546664922821e98aa6bf735bf9102e5bbac48236]
	org.netbeans.modules.editor.codetemplates/1 [1.75.0.1 1 dev-546664922821e98aa6bf735bf9102e5bbac48236]
	org.netbeans.modules.editor.actions/1 [1.62.0.55 dev-546664922821e98aa6bf735bf9102e5bbac48236]
	org.netbeans.modules.csl.types/1 [1.31 dev-546664922821e98aa6bf735bf9102e5bbac48236]
	org.netbeans.core.ui/1 [1.76 dev-546664922821e98aa6bf735bf9102e5bbac48236]
	org.netbeans.api.search [1.52 dev-546664922821e98aa6bf735bf9102e5bbac48236]
	org.netbeans.modules.jumpto/1 [1.86.0.1 1 dev-546664922821e98aa6bf735bf9102e5bbac48236]
	org.netbeans.modules.csl.api/2 [2.89.0.2.1.1.8.1 2 dev-546664922821e98aa6bf735bf9102e5bbac48236]
	org.netbeans.modules.editor.structure/1 [1.78.0.1 1 dev-546664922821e98aa6bf735bf9102e5bbac48236]
	org.netbeans.modules.xml.text/2 [1.90.0.1 1 dev-546664922821e98aa6bf735bf9102e5bbac48236]
	org.netbeans.modules.libs.corba.omgapi [1.26 dev-546664922821e98aa6bf735bf9102e5bbac48236]
	org.netbeans.modules.whitelist [1.54 dev-546664922821e98aa6bf735bf9102e5bbac48236]
	org.netbeans.libs.json_simple/1 [0.43 dev-546664922821e98aa6bf735bf9102e5bbac48236]
	org.netbeans.modules.web.common [1.130 dev-546664922821e98aa6bf735bf9102e5bbac48236]
	org.netbeans.modules.updatecenters/1 [1.71 dev-546664922821e98aa6bf735bf9102e5bbac48236]
	org.netbeans.libs.flexmark [1.24 dev-546664922821e98aa6bf735bf9102e5bbac48236]
	org.netbeans.modules.java.sourceui/1 [1.79.0.2.4.3.32.6 2 dev-546664922821e98aa6bf735bf9102e5bbac48236]
	org.netbeans.modules.project.libraries.ui/1 [1.83 dev-546664922821e98aa6bf735bf9102e5bbac48236]
	org.netbeans.modules.project.ant.ui/1 [1.96 dev-546664922821e98aa6bf735bf9102e5bbac48236]
	org.netbeans.api.xml.ui/1 [1.75 dev-546664922821e98aa6bf735bf9102e5bbac48236]
	org.netbeans.modules.options.java [1.45 dev-546664922821e98aa6bf735bf9102e5bbac48236]
	org.apache.tools.ant.module/3 [3.115.0.2 2 dev-546664922821e98aa6bf735bf9102e5bbac48236]
	org.netbeans.modules.java.platform.ui/1 [1.73 dev-546664922821e98aa6bf735bf9102e5bbac48236]
	org.netbeans.modules.java.project.ui/1 [1.106 dev-546664922821e98aa6bf735bf9102e5bbac48236]
	org.netbeans.modules.extexecution.base/2 [1.37 dev-546664922821e98aa6bf735bf9102e5bbac48236]
	org.netbeans.modules.extexecution/2 [1.80 dev-546664922821e98aa6bf735bf9102e5bbac48236]
	org.netbeans.modules.gsf.testrunner/2 [2.43 dev-546664922821e98aa6bf735bf9102e5bbac48236]
	org.netbeans.modules.gsf.testrunner.ui [1.46.0.1 dev-546664922821e98aa6bf735bf9102e5bbac48236]
	org.netbeans.modules.java.testrunner [1.51 dev-546664922821e98aa6bf735bf9102e5bbac48236]
	org.netbeans.modules.java.testrunner.ui [1.35 dev-546664922821e98aa6bf735bf9102e5bbac48236]
	org.netbeans.modules.gototest/1 [1.64 dev-546664922821e98aa6bf735bf9102e5bbac48236]
	org.netbeans.libs.testng/1 [1.46 dev-546664922821e98aa6bf735bf9102e5bbac48236]
	org.netbeans.modules.testng [2.51 dev-546664922821e98aa6bf735bf9102e5bbac48236]
	org.netbeans.modules.testng.ui [1.40 dev-546664922821e98aa6bf735bf9102e5bbac48236]
	org.netbeans.modules.templates/1 [1.38 dev-546664922821e98aa6bf735bf9102e5bbac48236]
	org.netbeans.modules.swing.validation/2 [1.63 dev-546664922821e98aa6bf735bf9102e5bbac48236]
	org.netbeans.modules.sendopts/2 [2.67 dev-546664922821e98aa6bf735bf9102e5bbac48236]
	org.netbeans.modules.javahelp/1 [2.72 dev-546664922821e98aa6bf735bf9102e5bbac48236]
	org.netbeans.modules.java.file.launcher [1.8 dev-546664922821e98aa6bf735bf9102e5bbac48236]
	org.netbeans.modules.refactoring.java/1 [1.93.0.1.3 1 dev-546664922821e98aa6bf735bf9102e5bbac48236]
	org.netbeans.modules.properties/1 [1.86 dev-546664922821e98aa6bf735bf9102e5bbac48236]
	org.netbeans.modules.properties.syntax/1 [1.81 dev-546664922821e98aa6bf735bf9102e5bbac48236]
	org.netbeans.api.dashboard/0 [0.8 dev-546664922821e98aa6bf735bf9102e5bbac48236]
	org.netbeans.core.execution/1 [1.73 dev-546664922821e98aa6bf735bf9102e5bbac48236]
	org.netbeans.modules.favorites/1 [1.77 dev-546664922821e98aa6bf735bf9102e5bbac48236]
	org.netbeans.modules.projectui [1.90.0.8.9 dev-546664922821e98aa6bf735bf9102e5bbac48236]
	org.netbeans.modules.projectapi.nb [1.35 dev-546664922821e98aa6bf735bf9102e5bbac48236]
	org.netbeans.modules.project.dependency [1.16.0.1 1 dev-546664922821e98aa6bf735bf9102e5bbac48236]
	org.netbeans.modules.progress.ui [1.64 dev-546664922821e98aa6bf735bf9102e5bbac48236]
	org.netbeans.modules.print [7.57 dev-546664922821e98aa6bf735bf9102e5bbac48236]
	org.netbeans.modules.parsing.nb [1.35.0.8.1 dev-546664922821e98aa6bf735bf9102e5bbac48236]
	org.netbeans.libs.osgi [1.53 dev-546664922821e98aa6bf735bf9102e5bbac48236]
	org.netbeans.core.netigso [1.62 dev-546664922821e98aa6bf735bf9102e5bbac48236]
	org.netbeans.modules.netbinox [1.72 dev-546664922821e98aa6bf735bf9102e5bbac48236]
	org.netbeans.html.xhr4j [1.8.2 1.8.2]
	net.java.html.json [1.8.2 1.8.2]
	net.java.html [1.8.2 1.8.2]
	net.java.html.boot [1.8.2 1.8.2]
	org.netbeans.html.ko4j [1.8.2 1.8.2]
	org.netbeans.api.htmlui [1.39 dev-546664922821e98aa6bf735bf9102e5bbac48236]
	org.netbeans.modules.java.hints.legacy.spi/1 [1.48.0.1.13 1 dev-546664922821e98aa6bf735bf9102e5bbac48236]
	com.google.gson [2.13.2 2.13.2]
	org.netbeans.modules.java.completion [2.17.0.2 2 dev-546664922821e98aa6bf735bf9102e5bbac48236]
	org.netbeans.modules.nativeimage.api/0 [0.23 dev-546664922821e98aa6bf735bf9102e5bbac48236]
	org.apache.commons.lang3 [3.19.0 3.19.0]
	org.netbeans.modules.java.editor.base [2.96.0.1 1 dev-546664922821e98aa6bf735bf9102e5bbac48236]
	org.apache.commons.codec [1.18.0 1.18.0]
	org.apache.commons.logging [1.3.5 1.3.5]
	org.apache.commons.commons_io [2.22 dev-546664922821e98aa6bf735bf9102e5bbac48236]
	org.netbeans.modules.java.nativeimage.debugger/0 [0.21 dev-546664922821e98aa6bf735bf9102e5bbac48236]
	org.netbeans.modules.java.editor/1 [2.99.0.12.1.1.1 12 dev-546664922821e98aa6bf735bf9102e5bbac48236]
	org.netbeans.core.ide/1 [1.72 dev-546664922821e98aa6bf735bf9102e5bbac48236]
	org.netbeans.modules.db.metadata.model/1 [1.42 dev-546664922821e98aa6bf735bf9102e5bbac48236]
	org.netbeans.modules.db/1 [1.100.0.30 30 dev-546664922821e98aa6bf735bf9102e5bbac48236]
	org.netbeans.modules.javascript2.debug/1 [1.49 dev-546664922821e98aa6bf735bf9102e5bbac48236]
	org.netbeans.libs.graalsdk [1.32 dev-546664922821e98aa6bf735bf9102e5bbac48236]
	org.netbeans.libs.truffleapi [1.32 dev-546664922821e98aa6bf735bf9102e5bbac48236]
	org.netbeans.modules.debugger.jpda.projects [1.71 dev-546664922821e98aa6bf735bf9102e5bbac48236]
	org.netbeans.modules.debugger.jpda.projectsui [1.34 dev-546664922821e98aa6bf735bf9102e5bbac48236]
	org.netbeans.modules.debugger.jpda/2 [1.140.0.80 80 dev-546664922821e98aa6bf735bf9102e5bbac48236]
	org.netbeans.modules.debugger.jpda.ui/1 [1.85 dev-546664922821e98aa6bf735bf9102e5bbac48236]
	org.netbeans.modules.debugger.jpda.truffle/1 [1.28 dev-546664922821e98aa6bf735bf9102e5bbac48236]
	org.netbeans.html.presenters.spi [1.8.2 1.8.2]
	org.netbeans.modules.editor.tools.storage [1.39 dev-546664922821e98aa6bf735bf9102e5bbac48236]
	org.netbeans.modules.java.hints/1 [1.114.0.17.3.12.1.1.32.6.1.1.13 17 dev-546664922821e98aa6bf735bf9102e5bbac48236]
	org.netbeans.modules.java.lsp.server/2 [2.15.0.1.2.12.1.17.32.6.2.8.1.8.1.1.13 1 dev-546664922821e98aa6bf735bf9102e5bbac48236]
	org.netbeans.modules.nbcode.java.notebook [1.0.1.1.6 1 260819]
	org.netbeans.modules.nbcode.java.lsp.server.telemetry [1.0.1.3.1 1 260819]
	org.netbeans.modules.nbcode.integration [1.0 260819]
	org.netbeans.libs.javax.inject/2 [2.66 dev-546664922821e98aa6bf735bf9102e5bbac48236]
	org.netbeans.modules.maven.embedder/2 [2.86 dev-546664922821e98aa6bf735bf9102e5bbac48236]
	org.netbeans.modules.maven.indexer/2 [2.71 dev-546664922821e98aa6bf735bf9102e5bbac48236]
	org.netbeans.modules.maven.model/1 [1.75 dev-546664922821e98aa6bf735bf9102e5bbac48236]
	org.netbeans.libs.antlr3.runtime [1.52.0.1 1 dev-546664922821e98aa6bf735bf9102e5bbac48236]
	org.netbeans.modules.java.api.common/0 [1.154 dev-546664922821e98aa6bf735bf9102e5bbac48236]
	org.netbeans.modules.maven.indexer.ui/2 [2.65 dev-546664922821e98aa6bf735bf9102e5bbac48236]
	org.netbeans.modules.maven/2 [2.171.0.1.1 1 dev-546664922821e98aa6bf735bf9102e5bbac48236]
	org.netbeans.modules.maven.refactoring [1.52.0.1 dev-546664922821e98aa6bf735bf9102e5bbac48236]
	org.netbeans.modules.j2ee.metadata/0 [1.63 dev-546664922821e98aa6bf735bf9102e5bbac48236]
	org.netbeans.modules.j2ee.metadata.model.support/1 [1.62 dev-546664922821e98aa6bf735bf9102e5bbac48236]
	org.netbeans.modules.j2ee.persistenceapi/1 [1.67.0.1 1 dev-546664922821e98aa6bf735bf9102e5bbac48236]
	org.netbeans.modules.maven.persistence/1 [1.60 dev-546664922821e98aa6bf735bf9102e5bbac48236]
	org.netbeans.libs.junit4 [1.49 dev-546664922821e98aa6bf735bf9102e5bbac48236]
	org.netbeans.modules.junitlib [1.36 dev-546664922821e98aa6bf735bf9102e5bbac48236]
	org.netbeans.modules.junit/2 [2.105 dev-546664922821e98aa6bf735bf9102e5bbac48236]
	org.netbeans.modules.junit.ui [1.38 dev-546664922821e98aa6bf735bf9102e5bbac48236]
	org.netbeans.modules.maven.junit.ui [1.36 dev-546664922821e98aa6bf735bf9102e5bbac48236]
	org.netbeans.modules.maven.junit/1 [1.66 dev-546664922821e98aa6bf735bf9102e5bbac48236]
	org.netbeans.modules.maven.hints/1 [1.71 dev-546664922821e98aa6bf735bf9102e5bbac48236]
	org.netbeans.modules.masterfs.ui [2.34.0.2 dev-546664922821e98aa6bf735bf9102e5bbac48236]
	org.netbeans.modules.masterfs.nio2 [1.46 dev-546664922821e98aa6bf735bf9102e5bbac48236]
	org.netbeans.modules.libs.gradle/9 [9.3 dev-546664922821e98aa6bf735bf9102e5bbac48236]
	org.netbeans.modules.lexer.nbbridge/1 [1.63.0.1 dev-546664922821e98aa6bf735bf9102e5bbac48236]
	org.netbeans.libs.antlr4.runtime/2 [1.32.0.1 1 dev-546664922821e98aa6bf735bf9102e5bbac48236]
	org.netbeans.modules.lexer.antlr4 [1.13.0.1 1 dev-546664922821e98aa6bf735bf9102e5bbac48236]
	org.netbeans.modules.languages.jflex [0.1 dev-546664922821e98aa6bf735bf9102e5bbac48236]
	org.netbeans.modules.languages.env [0.1 dev-546664922821e98aa6bf735bf9102e5bbac48236]
	org.netbeans.modules.languages.antlr [1.13 dev-546664922821e98aa6bf735bf9102e5bbac48236]
	org.netbeans.libs.jna/2 [2.26 dev-546664922821e98aa6bf735bf9102e5bbac48236]
	org.netbeans.modules.keyring.fallback [1.39 dev-546664922821e98aa6bf735bf9102e5bbac48236]
	org.netbeans.modules.keyring.impl [1.55 dev-546664922821e98aa6bf735bf9102e5bbac48236]
	org.netbeans.modules.javaee.injection [1.37 dev-546664922821e98aa6bf735bf9102e5bbac48236]
	org.netbeans.modules.java.source.ant [1.62.0.1.6 1 dev-546664922821e98aa6bf735bf9102e5bbac48236]
	org.netbeans.modules.java.j2seplatform/1 [1.74 dev-546664922821e98aa6bf735bf9102e5bbac48236]
	org.netbeans.modules.java.openjdk.project/1 [1.28 dev-546664922821e98aa6bf735bf9102e5bbac48236]
	org.netbeans.modules.java.mx.project [1.20 dev-546664922821e98aa6bf735bf9102e5bbac48236]
	org.netbeans.modules.java.hints.declarative/1 [1.51.0.1.17.13 1 dev-546664922821e98aa6bf735bf9102e5bbac48236]
	org.netbeans.libs.commons_compress/0 [0.37.0.181 181 dev-546664922821e98aa6bf735bf9102e5bbac48236]
	org.netbeans.modules.java.disco [2.15 dev-546664922821e98aa6bf735bf9102e5bbac48236]
	org.netbeans.modules.java.debug [1.69.0.1.3.6 1 dev-546664922821e98aa6bf735bf9102e5bbac48236]
	org.netbeans.modules.j2ee.eclipselinkmodelgen/1 [1.63 dev-546664922821e98aa6bf735bf9102e5bbac48236]
	org.netbeans.modules.ide.dashboard/0 [0.8 dev-546664922821e98aa6bf735bf9102e5bbac48236]
	org.netbeans.modules.gradle/2 [2.49.0.1 1 dev-546664922821e98aa6bf735bf9102e5bbac48236]
	org.netbeans.modules.gradle.java [1.34.0.1.1 1 dev-546664922821e98aa6bf735bf9102e5bbac48236]
	org.netbeans.modules.gradle.test [1.28 dev-546664922821e98aa6bf735bf9102e5bbac48236]
	org.netbeans.modules.gradle.persistence [1.27 dev-546664922821e98aa6bf735bf9102e5bbac48236]
	org.netbeans.modules.gradle.editor [1.13 dev-546664922821e98aa6bf735bf9102e5bbac48236]
	org.netbeans.modules.gradle.dists [1.19 dev-546664922821e98aa6bf735bf9102e5bbac48236]
	org.netbeans.modules.gradle.dependencies [1.8.0.1.1.1 dev-546664922821e98aa6bf735bf9102e5bbac48236]
	org.netbeans.modules.extexecution.process [1.59 dev-546664922821e98aa6bf735bf9102e5bbac48236]
	org.netbeans.modules.editor.mimelookup.impl/1 [1.63 dev-546664922821e98aa6bf735bf9102e5bbac48236]
	org.netbeans.modules.defaults/1 [1.62 dev-546664922821e98aa6bf735bf9102e5bbac48236]
	org.netbeans.modules.autoupdate.cli [1.45 dev-546664922821e98aa6bf735bf9102e5bbac48236]
	org.netbeans.libs.nbjavacapi [21.9 dev-546664922821e98aa6bf735bf9102e5bbac48236]
	org.netbeans.libs.jna.platform/2 [2.26 dev-546664922821e98aa6bf735bf9102e5bbac48236]
	org.netbeans.libs.graaljs/2 [1.32 dev-546664922821e98aa6bf735bf9102e5bbac48236]
	org.netbeans.libs.freemarker/1 [2.65.0.239 239 dev-546664922821e98aa6bf735bf9102e5bbac48236]
	org.netbeans.core.network [1.43 dev-546664922821e98aa6bf735bf9102e5bbac48236]
	org.netbeans.core.io.ui/1 [1.61 dev-546664922821e98aa6bf735bf9102e5bbac48236]
	org.netbeans.agent [1.3 dev-546664922821e98aa6bf735bf9102e5bbac48236]
	org.apache.netbeans.l10n.zh_CN [0.0.1 260819]
	org.apache.netbeans.l10n.ja [0.0.1 260819]
INFO [org.netbeans.core.netigso.Netigso]: bundle com.google.guava@33.4.6.jre resolved
INFO [org.netbeans.core.netigso.Netigso]: bundle com.googlecode.javaewah.JavaEWAH@1.2.3 resolved
INFO [org.netbeans.core.netigso.Netigso]: bundle com.google.guava.failureaccess@1.0.3 resolved
INFO [org.netbeans.core.netigso.Netigso]: bundle net.java.html.boot.script@1.8.2 resolved
INFO [org.netbeans.core.netigso.Netigso]: bundle org.eclipse.osgi@3.9.1.v20140110-1610 started
INFO [org.netbeans.core.network.proxy.NetworkProxyReloader]: System network proxy resolver: no suitable found, using fallback.
INFO [org.netbeans.core.network.proxy.fallback.FallbackNetworkProxy]: Fallback system proxy resolver: no http_proxy variable found
INFO [org.netbeans.core.network.proxy.NetworkProxyReloader]: System network proxy reloading succeeded.
INFO [org.netbeans.core.network.proxy.NetworkProxyReloader]: System network proxy - mode: direct
INFO [org.netbeans.core.network.proxy.NetworkProxyReloader]: System network proxy: fell to default (correct if direct mode went before)
INFO [org.netbeans.modules.java.lsp.server.protocol.WorkspaceServiceImpl]: Project /home/kairav@61a91084:c11753d: 0 test roots opened in 1ms
WARNING [org.openide.filesystems.Ordering]: Not all children in / marked with the position attribute: [org-netbeans-modules-refactoring-java-plugins-InstantRefactoringPerformer$UndoableWrapper.instance, org-netbeans-modules-testng-ui-actions-TestClassInfoTask$TestNGComputeTestMethodsImpl.instance, org-netbeans-modules-debugger-jpda-ui-values-InlineValueProviderImpl.instance, org-netbeans-modules-java-hints-spiimpl-hints-HintsTask$SuggestionsPositionRefresherHelper.instance, org-netbeans-modules-java-hints-spiimpl-options-HintsSettings$GlobalSettingsProvider.instance, org-netbeans-modules-editor-java-JavaKit$JavaTypedTextInterceptor$Factory.instance, org-netbeans-modules-java-hints-declarative-debugging-EvaluationSpanTask$FactoryImpl.instance, org-netbeans-modules-refactoring-java-ui-HighlightsLayerFactory.instance, org-netbeans-modules-java-editor-codegen-RemoveSurroundingCodePanel$UnwrapCodeHighlightsLayerFactory.instance, EditorKit.instance, org-netbeans-modules-java-hints-infrastructure-JavaErrorProvider.instance, org-netbeans-modules-java-hints-infrastructure-ErrorHintsFactory.instance, org-netbeans-modules-junit-ui-actions-TestClassInfoTask$JUnitComputeTestMethodsImpl.instance, org-netbeans-modules-java-editor-semantic-SemanticHighlighterFactory.instance, org-netbeans-modules-java-hints-infrastructure-EmbeddedLazyHintComputation$FactoryImpl.instance, Reformatter.instance, org-netbeans-modules-java-source-indexing-JavaCustomIndexer$Factory-register.instance, org-netbeans-modules-java-hints-infrastructure-ErrorPositionRefresherHelper.instance, org-netbeans-modules-java-hints-introduce-IntroduceHint$HLFImpl.instance, org-netbeans-modules-editor-java-CamelCaseOperations$JavaCamelCaseInterceptor$JavaFactory.instance, org-netbeans-modules-java-editor-whitelist-WhiteListCheckTask$Factory.instance, org-netbeans-modules-gsf-codecoverage-CoverageHighlightsLayerFactory.instance, SourcePathCheck.instance, org-netbeans-modules-editor-java-JavaKit$JavaDeletedTextInterceptor$Factory.instance, org-netbeans-modules-java-editor-fold-ResourceStringFoldProvider.instance, AutoIndenter.instance, org-netbeans-modules-whitelist-index-WhiteListIndexerPlugin$Factory.instance, org-netbeans-modules-java-debug-HighlightsLayerFactoryImpl.instance, org-netbeans-modules-debugger-jpda-ui-models-InlineValueComputerImpl-createHighlightsLayerFactory.instance, org-netbeans-modules-refactoring-java-plugins-InstantRefactoringPerformer$RenameDeletedTextInterceptor$Factory.instance, org-netbeans-modules-java-source-parsing-JavacParserFactory.instance, org-netbeans-modules-java-editor-semantic-HighlightsLayerFactoryImpl.instance, org-netbeans-modules-java-editor-rename-InstantRenamePerformer$RenameDeletedTextInterceptor$Factory.instance, org-netbeans-modules-java-editor-overridden-ComputeAnnotations$FactoryImpl.instance, org.netbeans.spi.editor.highlighting.HighlightsLayerFactory.instance, org-netbeans-modules-nbcode-java-lsp-server-telemetry-JavaLangFeaturesTelemetryProvider.instance, Reindenter.instance, org-netbeans-modules-java-editor-semantic-MarkOccurrencesHighlighterFactory.instance, org-netbeans-modules-debugger-jpda-projectsui-HighlightsLayerFactoryImpl.instance, org-netbeans-modules-java-source-parsing-VanillaPartialReparser$VerifyPartialReparse$FactoryImpl.instance, org-netbeans-modules-java-hints-spiimpl-hints-HintsTask$HintPositionRefresherHelper.instance, org-netbeans-modules-refactoring-java-callhierarchy-LspCallHierarchyProvider.instance, language.instance, org-netbeans-modules-editor-java-JavaKit$JavaTypedBreakInterceptor$JavaFactory.instance, org-netbeans-modules-java-hints-introduce-PositionRefresherHelperImpl.instance, org-netbeans-modules-java-hints-spiimpl-JavaHintsPositionRefresher.instance, org-netbeans-modules-editor-fold-ui-FoldingEditorSupport$F.instance, org-netbeans-modules-java-source-indexing-JavaBinaryIndexer$Factory-register.instance, org-netbeans-lib-editor-codetemplates-textsync-TextRegionManager$Highlighting$HLFactory.instance, org-netbeans-modules-merge-builtin-visualizer-MergeHighlightsLayerFactory.instance, org-netbeans-modules-csl-hints-infrastructure-SelectionHintsTaskFactory.instance, org-netbeans-modules-editor-hints-lsp-HintsDiagnosticsProvider.instance, org-netbeans-modules-java-hints-infrastructure-EmbeddedHintsCollector$Factory.instance, org-netbeans-modules-csl-core-CslCamelCaseInterceptor$Factory.instance, org-netbeans-modules-csl-editor-overridden-ComputeAnnotations$FactoryImpl.instance, org-netbeans-modules-editor-impl-DocumentFactoryImpl.instance, org-netbeans-modules-diff-builtin-visualizer-editable-DiffHighlightsLayerFactory.instance, org-netbeans-modules-csl-editor-fold-GsfFoldManagerTaskFactory.instance, org-netbeans-modules-editor-impl-highlighting-HLFactory.instance, org-netbeans-modules-editor-hints-HighlightsLayerFactoryImpl.instance, org-netbeans-modules-editor-bracesmatching-BracesMatchHighlighting$Factory.instance, org-netbeans-lib-editor-hyperlink-HyperlinkOperation$HighlightFactoryImpl.instance, org-netbeans-modules-csl-editor-semantic-MarkOccurrencesHighlighterFactory.instance, org-netbeans-modules-editor-lib2-highlighting-Factory.instance, org-netbeans-modules-csl-hints-infrastructure-HintsTaskFactory.instance, org-netbeans-modules-refactoring-spi-impl-UndoableWrapper.instance, COSSynchronizingIndexer.instance, org-netbeans-modules-gsf-testrunner-ui-TestMethodFinderImpl$Factory.instance, org-netbeans-modules-csl-hints-GsfHintsFactory.instance, org-netbeans-modules-csl-navigation-BreadCrumbsTask$TaskFactoryImpl.instance, org-netbeans-modules-editor-url-HighlightURLs$FactoryImpl.instance, org-netbeans-modules-csl-hints-infrastructure-SuggestionsTaskFactory.instance, org-netbeans-modules-java-lsp-server-protocol-Server$CustomIndexerTelemetryFactory-getDefault.instance, org-netbeans-modules-jumpto-file-FileIndexer$Factory.instance, org-netbeans-modules-csl-navigation-CaretListeningFactory.instance, org-netbeans-modules-csl-navigation-ClassMemberNavigatorSourceFactory.instance, org-netbeans-modules-csl-editor-semantic-SemanticHighlighterFactory.instance], but some are: [org-netbeans-modules-editor-java-JavaStructureProvider.instance@100, org-netbeans-modules-java-file-launcher-indexer-CompilerOptionsIndexer$FactoryImpl.instance@1100]
INFO [org.netbeans.modules.java.lsp.server.explorer.NodeLookupContextValues]: Service class org.netbeans.modules.cloud.oracle.devops.BuildPipelineItem not found.
INFO [org.netbeans.modules.java.lsp.server.explorer.NodeLookupContextValues]: Service class org.netbeans.modules.cloud.oracle.devops.BuildRunFolderItem not found.
INFO [org.netbeans.modules.gsf.testrunner.ui.TestMethodFinderImpl]: Listener added: org.netbeans.modules.java.lsp.server.protocol.WorkspaceServiceImpl$$Lambda/0x00007923a2409448@1814bd3f
INFO [org.netbeans.modules.gradle.loaders.GradleProjectLoaderImpl]: Load aiming EVALUATED for Unloaded Gradle Project: GradleFiles[projectDir=/home/kairav/.vscode/extensions/oracle.oracle-java-26.0.2/nbcode/extide/modules/gradle/daemon-loader, rootDir=/home/kairav/.vscode/extensions/oracle.oracle-java-26.0.2/nbcode/extide/modules/gradle/daemon-loader]
INFO [org.netbeans.modules.gradle.loaders.GradleProjectLoaderImpl]: Load aiming EVALUATED for Unloaded Gradle Project: GradleFiles[projectDir=/home/kairav/.vscode/extensions/.f89ff702-f929-4e49-9212-3d153886753f/nbcode/extide/modules/gradle/daemon-loader, rootDir=/home/kairav/.vscode/extensions/.f89ff702-f929-4e49-9212-3d153886753f/nbcode/extide/modules/gradle/daemon-loader]
INFO [org.netbeans.modules.maven.modelcache.MavenProjectCache]: Runtime exception thrown while loading maven project at /home/kairav/.vscode/extensions/vscjava.vscode-maven-0.45.3/resources/projectTemplate/pom.xml
org.apache.maven.artifact.InvalidArtifactRTException: For artifact {null:null:1.0-SNAPSHOT:jar}: The groupId cannot be empty.
	at org.apache.maven.artifact.DefaultArtifact.validateIdentity(DefaultArtifact.java:148)
	at org.apache.maven.artifact.DefaultArtifact.<init>(DefaultArtifact.java:142)
	at org.apache.maven.bridge.MavenRepositorySystem.createArtifactX(MavenRepositorySystem.java:551)
	at org.apache.maven.bridge.MavenRepositorySystem.createArtifactX(MavenRepositorySystem.java:512)
	at org.apache.maven.bridge.MavenRepositorySystem.createArtifactX(MavenRepositorySystem.java:501)
	at org.apache.maven.bridge.MavenRepositorySystem.createArtifactX(MavenRepositorySystem.java:455)
	at org.apache.maven.bridge.MavenRepositorySystem.createArtifact(MavenRepositorySystem.java:91)
	at org.apache.maven.project.DefaultProjectBuilder.initProject(DefaultProjectBuilder.java:676)
	at org.apache.maven.project.DefaultProjectBuilder.build(DefaultProjectBuilder.java:188)
	at org.apache.maven.project.DefaultProjectBuilder.build(DefaultProjectBuilder.java:123)
	at org.netbeans.modules.maven.embedder.MavenEmbedder.readProjectWithDependencies(MavenEmbedder.java:258)
	at org.netbeans.modules.maven.modelcache.MavenProjectCache.lambda$loadOriginalMavenProjectInternal$0(MavenProjectCache.java:238)
	at org.netbeans.modules.maven.NbArtifactFixer.collectPlaceholderArtifacts(NbArtifactFixer.java:217)
[catch] at org.netbeans.modules.maven.modelcache.MavenProjectCache.loadOriginalMavenProjectInternal(MavenProjectCache.java:238)
	at org.netbeans.modules.maven.modelcache.MavenProjectCache.loadOriginalMavenProject(MavenProjectCache.java:436)
	at org.netbeans.modules.maven.modelcache.MavenProjectCache.loadOriginalMavenProject(MavenProjectCache.java:220)
	at org.netbeans.modules.maven.modelcache.MavenProjectCache$2.run(MavenProjectCache.java:154)
	at org.netbeans.modules.maven.modelcache.MavenProjectCache$2.run(MavenProjectCache.java:138)
	at org.netbeans.modules.openide.util.DefaultMutexImplementation.writeAccess(DefaultMutexImplementation.java:229)
	at org.openide.util.Mutex.writeAccess(Mutex.java:253)
	at org.netbeans.modules.maven.modelcache.MavenProjectCache.getMavenProject(MavenProjectCache.java:138)
	at org.netbeans.modules.maven.modelcache.MavenProjectCache.getMavenProject(MavenProjectCache.java:133)
	at org.netbeans.modules.maven.NbMavenProjectImpl.loadOriginalMavenProject(NbMavenProjectImpl.java:591)
	at org.netbeans.modules.maven.NbMavenProjectImpl.getOriginalMavenProject(NbMavenProjectImpl.java:464)
	at org.netbeans.modules.maven.MavenProjectPropsImpl.lambda$get$0(MavenProjectPropsImpl.java:107)
	at org.netbeans.modules.openide.util.DefaultMutexImplementation.readAccess(DefaultMutexImplementation.java:188)
	at org.openide.util.Mutex.readAccess(Mutex.java:199)
	at org.netbeans.modules.maven.MavenProjectPropsImpl.get(MavenProjectPropsImpl.java:78)
	at org.netbeans.modules.maven.MavenProjectPropsImpl.get(MavenProjectPropsImpl.java:74)
	at org.netbeans.modules.maven.MavenProjectPropsImpl$PackagingProviderImpl.packaging(MavenProjectPropsImpl.java:306)
	at org.netbeans.modules.maven.api.NbMavenProject.getPackagingType(NbMavenProject.java:399)
	at org.netbeans.modules.maven.NbMavenProjectImpl$PackagingTypeDependentLookup.check(NbMavenProjectImpl.java:1253)
	at org.netbeans.modules.maven.NbMavenProjectImpl$PackagingTypeDependentLookup.<init>(NbMavenProjectImpl.java:1195)
	at org.netbeans.modules.maven.NbMavenProjectImpl.<init>(NbMavenProjectImpl.java:282)
	at org.netbeans.modules.maven.NbMavenProjectFactory.loadProject(NbMavenProjectFactory.java:98)
	at org.netbeans.modules.projectapi.nb.NbProjectManager.createProject(NbProjectManager.java:375)
	at org.netbeans.modules.projectapi.nb.NbProjectManager.access$300(NbProjectManager.java:68)
	at org.netbeans.modules.projectapi.nb.NbProjectManager$2.run(NbProjectManager.java:288)
	at org.netbeans.modules.projectapi.nb.NbProjectManager$2.run(NbProjectManager.java:217)
	at org.netbeans.modules.openide.util.DefaultMutexImplementation.readAccess(DefaultMutexImplementation.java:188)
	at org.openide.util.Mutex.readAccess(Mutex.java:232)
	at org.netbeans.modules.projectapi.nb.NbProjectManager.findProject(NbProjectManager.java:217)
	at org.netbeans.api.project.ProjectManager.findProject(ProjectManager.java:142)
	at org.netbeans.modules.projectapi.SimpleFileOwnerQueryImplementation.getOwner(SimpleFileOwnerQueryImplementation.java:142)
	at org.netbeans.api.project.FileOwnerQuery.getOwner(FileOwnerQuery.java:91)
	at org.netbeans.modules.java.lsp.server.protocol.Server$LanguageServerImpl.collectProjectCandidates(Server.java:1047)
	at org.netbeans.modules.java.lsp.server.protocol.Server$LanguageServerImpl.collectProjectCandidates(Server.java:1051)
	at org.netbeans.modules.java.lsp.server.protocol.Server$LanguageServerImpl.collectProjectCandidates(Server.java:1051)
	at org.netbeans.modules.java.lsp.server.protocol.Server$LanguageServerImpl.collectProjectCandidates(Server.java:1051)
	at org.netbeans.modules.java.lsp.server.protocol.Server$LanguageServerImpl.collectProjectCandidates(Server.java:1051)
	at org.netbeans.modules.java.lsp.server.protocol.Server$LanguageServerImpl.lambda$initialize$18(Server.java:1008)
	at org.openide.util.RequestProcessor$Task.run(RequestProcessor.java:1403)
	at org.netbeans.modules.openide.util.GlobalLookup.execute(GlobalLookup.java:45)
	at org.openide.util.lookup.Lookups.executeWith(Lookups.java:287)
	at org.openide.util.RequestProcessor$Processor.run(RequestProcessor.java:2012)
WARNING [org.openide.filesystems.Ordering]: Found same position 10,000 for both Projects/org-netbeans-modules-maven/Lookup/maven-actions-override.instance and Projects/org-netbeans-modules-maven/Lookup/org-netbeans-modules-maven-queries-MavenReloadImplementation.instance
INFO [org.netbeans.core.startup.layers.BinaryFS]: value = org.netbeans.api.maven.MavenActions.forProjectLayer from Projects/org-netbeans-modules-maven/Lookup/maven-actions-override.instance
java.lang.ClassNotFoundException: org.netbeans.api.maven.MavenActions
	at java.base/jdk.internal.loader.BuiltinClassLoader.loadClass(BuiltinClassLoader.java:641)
	at java.base/jdk.internal.loader.ClassLoaders$AppClassLoader.loadClass(ClassLoaders.java:188)
	at java.base/java.lang.ClassLoader.loadClass(ClassLoader.java:526)
	at org.netbeans.ProxyClassLoader.doFindClass(ProxyClassLoader.java:224)
Caused: java.lang.ClassNotFoundException: org.netbeans.api.maven.MavenActions starting from SystemClassLoader[264 modules] with possible defining loaders null and declared parents [org.netbeans.MainImpl$BootClassLoader@46fbb2c1, Netigso[reference:file:ide/modules/slf4j-jdk14.jar], Netigso[reference:file:ide/modules/slf4j-api.jar], org.netbeans.JarClassLoader@349b331c, ModuleCL@2d9799a[org.netbeans.api.annotations.common], ModuleCL@6ec64940[org.openide.awt], ModuleCL@a6f178a[org.netbeans.api.progress], ModuleCL@7f7308b5[org.netbeans.api.progress.nb], ModuleCL@7d7d7d66[org.openide.dialogs], ModuleCL@27fc0898[org.openide.nodes], ...245 more]
	at org.netbeans.ProxyClassLoader.doFindClass(ProxyClassLoader.java:226)
	at org.netbeans.ProxyClassLoader.loadClass(ProxyClassLoader.java:140)
	at org.netbeans.ModuleManager$SystemClassLoader.loadClass(ModuleManager.java:778)
	at java.base/java.lang.ClassLoader.loadClass(ClassLoader.java:526)
	at java.base/java.lang.Class.forName0(Native Method)
	at java.base/java.lang.Class.forName(Class.java:536)
	at java.base/java.lang.Class.forName(Class.java:515)
	at org.netbeans.core.startup.layers.BinaryFS$AttrImpl.findClass(BinaryFS.java:805)
	at org.netbeans.core.startup.layers.BinaryFS$AttrImpl.methodValue(BinaryFS.java:745)
[catch] at org.netbeans.core.startup.layers.BinaryFS$AttrImpl.getValue(BinaryFS.java:660)
	at org.netbeans.core.startup.layers.BinaryFS$BFSBase.getAttribute(BinaryFS.java:506)
	at org.openide.filesystems.MultiFileObject.getAttribute(MultiFileObject.java:918)
	at org.openide.filesystems.MultiFileObject.getAttribute(MultiFileObject.java:851)
	at org.openide.filesystems.MultiFileObject.getAttribute(MultiFileObject.java:914)
	at org.openide.filesystems.MultiFileObject.getAttribute(MultiFileObject.java:851)
	at org.openide.filesystems.MultiFileObject.getAttribute(MultiFileObject.java:772)
	at org.openide.loaders.InstanceDataObject$Ser.instanceCreate(InstanceDataObject.java:1408)
	at org.openide.loaders.InstanceDataObject.instanceCreate(InstanceDataObject.java:822)
	at org.openide.loaders.FolderLookup$ICItem.getInstance(FolderLookup.java:572)
	at org.openide.util.lookup.AbstractLookup$R.allInstances(AbstractLookup.java:1033)
	at org.openide.util.lookup.AbstractLookup$R.allInstances(AbstractLookup.java:1013)
	at org.openide.util.lookup.ProxyLookup$LazyCollection.computeSingleResult(ProxyLookup.java:1348)
	at org.openide.util.lookup.ProxyLookup$LazyCollection.computeDelegate(ProxyLookup.java:1186)
	at org.openide.util.lookup.ProxyLookup$LazyCollection.delegate(ProxyLookup.java:1153)
	at org.openide.util.lookup.ProxyLookup$LazyCollection.delegate(ProxyLookup.java:1136)
	at org.openide.util.lookup.ProxyLookup$LazyCollection.toArray(ProxyLookup.java:1242)
	at java.base/java.util.ArrayList.addAll(ArrayList.java:752)
	at org.openide.util.lookup.ProxyLookup$LazyCollection.computeDelegate(ProxyLookup.java:1206)
	at org.openide.util.lookup.ProxyLookup$LazyCollection.delegate(ProxyLookup.java:1153)
	at org.openide.util.lookup.ProxyLookup$LazyCollection.delegate(ProxyLookup.java:1136)
	at org.openide.util.lookup.ProxyLookup$LazyCollection.isEmpty(ProxyLookup.java:1226)
	at org.openide.util.lookup.ProxyLookup$LazyCollection.computeDelegate(ProxyLookup.java:1197)
	at org.openide.util.lookup.ProxyLookup$LazyCollection$1.hasNext(ProxyLookup.java:1314)
	at org.netbeans.spi.project.support.DelegatingLookupImpl.doDelegate(DelegatingLookupImpl.java:137)
	at org.netbeans.spi.project.support.DelegatingLookupImpl.<init>(DelegatingLookupImpl.java:76)
	at org.netbeans.spi.project.support.LookupProviderSupport.createCompositeLookup(LookupProviderSupport.java:86)
	at org.netbeans.modules.maven.NbMavenProjectImpl.<init>(NbMavenProjectImpl.java:282)
	at org.netbeans.modules.maven.NbMavenProjectFactory.loadProject(NbMavenProjectFactory.java:98)
	at org.netbeans.modules.projectapi.nb.NbProjectManager.createProject(NbProjectManager.java:375)
	at org.netbeans.modules.projectapi.nb.NbProjectManager.access$300(NbProjectManager.java:68)
	at org.netbeans.modules.projectapi.nb.NbProjectManager$2.run(NbProjectManager.java:288)
	at org.netbeans.modules.projectapi.nb.NbProjectManager$2.run(NbProjectManager.java:217)
	at org.netbeans.modules.openide.util.DefaultMutexImplementation.readAccess(DefaultMutexImplementation.java:188)
	at org.openide.util.Mutex.readAccess(Mutex.java:232)
	at org.netbeans.modules.projectapi.nb.NbProjectManager.findProject(NbProjectManager.java:217)
	at org.netbeans.api.project.ProjectManager.findProject(ProjectManager.java:142)
	at org.netbeans.modules.projectapi.SimpleFileOwnerQueryImplementation.getOwner(SimpleFileOwnerQueryImplementation.java:142)
	at org.netbeans.api.project.FileOwnerQuery.getOwner(FileOwnerQuery.java:91)
	at org.netbeans.modules.java.lsp.server.protocol.Server$LanguageServerImpl.collectProjectCandidates(Server.java:1047)
	at org.netbeans.modules.java.lsp.server.protocol.Server$LanguageServerImpl.collectProjectCandidates(Server.java:1051)
	at org.netbeans.modules.java.lsp.server.protocol.Server$LanguageServerImpl.collectProjectCandidates(Server.java:1051)
	at org.netbeans.modules.java.lsp.server.protocol.Server$LanguageServerImpl.collectProjectCandidates(Server.java:1051)
	at org.netbeans.modules.java.lsp.server.protocol.Server$LanguageServerImpl.collectProjectCandidates(Server.java:1051)
	at org.netbeans.modules.java.lsp.server.protocol.Server$LanguageServerImpl.lambda$initialize$18(Server.java:1008)
	at org.openide.util.RequestProcessor$Task.run(RequestProcessor.java:1403)
	at org.netbeans.modules.openide.util.GlobalLookup.execute(GlobalLookup.java:45)
	at org.openide.util.lookup.Lookups.executeWith(Lookups.java:287)
	at org.openide.util.RequestProcessor$Processor.run(RequestProcessor.java:2012)
INFO [org.openide.loaders.FolderLookup]: Bad file: MultiFileObject@6b8be9cc[Projects/org-netbeans-modules-maven/Lookup/maven-actions-override.instance]
java.lang.ClassNotFoundException: maven.actions.override
	at java.base/jdk.internal.loader.BuiltinClassLoader.loadClass(BuiltinClassLoader.java:641)
	at java.base/jdk.internal.loader.ClassLoaders$AppClassLoader.loadClass(ClassLoaders.java:188)
	at java.base/java.lang.ClassLoader.loadClass(ClassLoader.java:526)
	at org.netbeans.ProxyClassLoader.doFindClass(ProxyClassLoader.java:224)
Caused: java.lang.ClassNotFoundException: maven.actions.override starting from SystemClassLoader[264 modules] with possible defining loaders null and declared parents [org.netbeans.MainImpl$BootClassLoader@46fbb2c1, Netigso[reference:file:ide/modules/slf4j-jdk14.jar], Netigso[reference:file:ide/modules/slf4j-api.jar], org.netbeans.JarClassLoader@349b331c, ModuleCL@2d9799a[org.netbeans.api.annotations.common], ModuleCL@6ec64940[org.openide.awt], ModuleCL@a6f178a[org.netbeans.api.progress], ModuleCL@7f7308b5[org.netbeans.api.progress.nb], ModuleCL@7d7d7d66[org.openide.dialogs], ModuleCL@27fc0898[org.openide.nodes], ...245 more]
	at org.netbeans.ProxyClassLoader.doFindClass(ProxyClassLoader.java:226)
	at org.netbeans.ProxyClassLoader.loadClass(ProxyClassLoader.java:140)
	at org.netbeans.ModuleManager$SystemClassLoader.loadClass(ModuleManager.java:778)
	at java.base/java.lang.ClassLoader.loadClass(ClassLoader.java:526)
	at org.openide.loaders.InstanceSupport.findClass(InstanceSupport.java:451)
	at org.openide.loaders.InstanceSupport.instanceClass(InstanceSupport.java:117)
	at org.openide.loaders.InstanceDataObject$Ser.instanceClass(InstanceDataObject.java:1348)
	at org.openide.loaders.InstanceSupport.instanceCreate(InstanceSupport.java:175)
	at org.openide.loaders.InstanceDataObject$Ser.instanceCreate(InstanceDataObject.java:1418)
	at org.openide.loaders.InstanceDataObject.instanceCreate(InstanceDataObject.java:822)
[catch] at org.openide.loaders.FolderLookup$ICItem.getInstance(FolderLookup.java:572)
	at org.openide.util.lookup.AbstractLookup$R.allInstances(AbstractLookup.java:1033)
	at org.openide.util.lookup.AbstractLookup$R.allInstances(AbstractLookup.java:1013)
	at org.openide.util.lookup.ProxyLookup$LazyCollection.computeSingleResult(ProxyLookup.java:1348)
	at org.openide.util.lookup.ProxyLookup$LazyCollection.computeDelegate(ProxyLookup.java:1186)
	at org.openide.util.lookup.ProxyLookup$LazyCollection.delegate(ProxyLookup.java:1153)
	at org.openide.util.lookup.ProxyLookup$LazyCollection.delegate(ProxyLookup.java:1136)
	at org.openide.util.lookup.ProxyLookup$LazyCollection.toArray(ProxyLookup.java:1242)
	at java.base/java.util.ArrayList.addAll(ArrayList.java:752)
	at org.openide.util.lookup.ProxyLookup$LazyCollection.computeDelegate(ProxyLookup.java:1206)
	at org.openide.util.lookup.ProxyLookup$LazyCollection.delegate(ProxyLookup.java:1153)
	at org.openide.util.lookup.ProxyLookup$LazyCollection.delegate(ProxyLookup.java:1136)
	at org.openide.util.lookup.ProxyLookup$LazyCollection.isEmpty(ProxyLookup.java:1226)
	at org.openide.util.lookup.ProxyLookup$LazyCollection.computeDelegate(ProxyLookup.java:1197)
	at org.openide.util.lookup.ProxyLookup$LazyCollection$1.hasNext(ProxyLookup.java:1314)
	at org.netbeans.spi.project.support.DelegatingLookupImpl.doDelegate(DelegatingLookupImpl.java:137)
	at org.netbeans.spi.project.support.DelegatingLookupImpl.<init>(DelegatingLookupImpl.java:76)
	at org.netbeans.spi.project.support.LookupProviderSupport.createCompositeLookup(LookupProviderSupport.java:86)
	at org.netbeans.modules.maven.NbMavenProjectImpl.<init>(NbMavenProjectImpl.java:282)
	at org.netbeans.modules.maven.NbMavenProjectFactory.loadProject(NbMavenProjectFactory.java:98)
	at org.netbeans.modules.projectapi.nb.NbProjectManager.createProject(NbProjectManager.java:375)
	at org.netbeans.modules.projectapi.nb.NbProjectManager.access$300(NbProjectManager.java:68)
	at org.netbeans.modules.projectapi.nb.NbProjectManager$2.run(NbProjectManager.java:288)
	at org.netbeans.modules.projectapi.nb.NbProjectManager$2.run(NbProjectManager.java:217)
	at org.netbeans.modules.openide.util.DefaultMutexImplementation.readAccess(DefaultMutexImplementation.java:188)
	at org.openide.util.Mutex.readAccess(Mutex.java:232)
	at org.netbeans.modules.projectapi.nb.NbProjectManager.findProject(NbProjectManager.java:217)
	at org.netbeans.api.project.ProjectManager.findProject(ProjectManager.java:142)
	at org.netbeans.modules.projectapi.SimpleFileOwnerQueryImplementation.getOwner(SimpleFileOwnerQueryImplementation.java:142)
	at org.netbeans.api.project.FileOwnerQuery.getOwner(FileOwnerQuery.java:91)
	at org.netbeans.modules.java.lsp.server.protocol.Server$LanguageServerImpl.collectProjectCandidates(Server.java:1047)
	at org.netbeans.modules.java.lsp.server.protocol.Server$LanguageServerImpl.collectProjectCandidates(Server.java:1051)
	at org.netbeans.modules.java.lsp.server.protocol.Server$LanguageServerImpl.collectProjectCandidates(Server.java:1051)
	at org.netbeans.modules.java.lsp.server.protocol.Server$LanguageServerImpl.collectProjectCandidates(Server.java:1051)
	at org.netbeans.modules.java.lsp.server.protocol.Server$LanguageServerImpl.collectProjectCandidates(Server.java:1051)
	at org.netbeans.modules.java.lsp.server.protocol.Server$LanguageServerImpl.lambda$initialize$18(Server.java:1008)
	at org.openide.util.RequestProcessor$Task.run(RequestProcessor.java:1403)
	at org.netbeans.modules.openide.util.GlobalLookup.execute(GlobalLookup.java:45)
	at org.openide.util.lookup.Lookups.executeWith(Lookups.java:287)
	at org.openide.util.RequestProcessor$Processor.run(RequestProcessor.java:2012)
INFO [org.netbeans.modules.gradle.loaders.GradleProjectLoaderImpl]: Load aiming EVALUATED for Unloaded Gradle Project: GradleFiles[projectDir=/home/kairav/dev/lazycmake/build_directory2/_deps/fmt-src/support, rootDir=/home/kairav/dev/lazycmake/build_directory2/_deps/fmt-src/support]
[org.netbeans.modules.java.lsp.server.protocol.Server$LanguageServerImpl] WARNING org.apache.maven.repository.internal.DefaultArtifactDescriptorReader - 6 problems were encountered while building the effective model for org.openjfx:javafx-controls:jar:21.0.2 during dependency collection step for project (use -X to see details)
INFO [org.netbeans.modules.gradle.loaders.GradleProjectLoaderImpl]: Load aiming EVALUATED for Unloaded Gradle Project: GradleFiles[projectDir=/home/kairav/dev/byld/main_game/external/imgui/examples/example_android_opengl3/android, rootDir=/home/kairav/dev/byld/main_game/external/imgui/examples/example_android_opengl3/android]
INFO [org.netbeans.modules.gradle.loaders.GradleProjectLoaderImpl]: Load aiming FULL_ONLINE for Gradle: daemon-loader[FALLBACK]
INFO [null]: Last record repeated again.
INFO [org.netbeans.modules.maven.problems.MavenModelProblemsProvider]: Exception thrown while loading maven project at /home/kairav/.vscode/extensions/vscjava.vscode-maven-0.45.3/resources/projectTemplate@2ea61d42:d16e3cb
org.apache.maven.artifact.InvalidArtifactRTException: For artifact {null:null:1.0-SNAPSHOT:jar}: The groupId cannot be empty.
	at org.apache.maven.artifact.DefaultArtifact.validateIdentity(DefaultArtifact.java:148)
	at org.apache.maven.artifact.DefaultArtifact.<init>(DefaultArtifact.java:142)
	at org.apache.maven.bridge.MavenRepositorySystem.createArtifactX(MavenRepositorySystem.java:551)
	at org.apache.maven.bridge.MavenRepositorySystem.createArtifactX(MavenRepositorySystem.java:512)
	at org.apache.maven.bridge.MavenRepositorySystem.createArtifactX(MavenRepositorySystem.java:501)
	at org.apache.maven.bridge.MavenRepositorySystem.createArtifactX(MavenRepositorySystem.java:455)
	at org.apache.maven.bridge.MavenRepositorySystem.createArtifact(MavenRepositorySystem.java:91)
	at org.apache.maven.project.DefaultProjectBuilder.initProject(DefaultProjectBuilder.java:676)
	at org.apache.maven.project.DefaultProjectBuilder.build(DefaultProjectBuilder.java:188)
	at org.apache.maven.project.DefaultProjectBuilder.build(DefaultProjectBuilder.java:123)
	at org.netbeans.modules.maven.embedder.MavenEmbedder.readProjectWithDependencies(MavenEmbedder.java:258)
	at org.netbeans.modules.maven.modelcache.MavenProjectCache.lambda$loadOriginalMavenProjectInternal$0(MavenProjectCache.java:238)
	at org.netbeans.modules.maven.NbArtifactFixer.collectPlaceholderArtifacts(NbArtifactFixer.java:217)
	at org.netbeans.modules.maven.modelcache.MavenProjectCache.loadOriginalMavenProjectInternal(MavenProjectCache.java:238)
	at org.netbeans.modules.maven.modelcache.MavenProjectCache.loadOriginalMavenProject(MavenProjectCache.java:436)
	at org.netbeans.modules.maven.modelcache.MavenProjectCache.loadOriginalMavenProject(MavenProjectCache.java:220)
	at org.netbeans.modules.maven.modelcache.MavenProjectCache$2.run(MavenProjectCache.java:154)
	at org.netbeans.modules.maven.modelcache.MavenProjectCache$2.run(MavenProjectCache.java:138)
	at org.netbeans.modules.openide.util.DefaultMutexImplementation.writeAccess(DefaultMutexImplementation.java:229)
	at org.openide.util.Mutex.writeAccess(Mutex.java:253)
	at org.netbeans.modules.maven.modelcache.MavenProjectCache.getMavenProject(MavenProjectCache.java:138)
	at org.netbeans.modules.maven.modelcache.MavenProjectCache.getMavenProject(MavenProjectCache.java:133)
	at org.netbeans.modules.maven.NbMavenProjectImpl.loadOriginalMavenProject(NbMavenProjectImpl.java:591)
	at org.netbeans.modules.maven.NbMavenProjectImpl.getOriginalMavenProject(NbMavenProjectImpl.java:464)
	at org.netbeans.modules.maven.MavenProjectPropsImpl.lambda$get$0(MavenProjectPropsImpl.java:107)
	at org.netbeans.modules.openide.util.DefaultMutexImplementation.readAccess(DefaultMutexImplementation.java:188)
	at org.openide.util.Mutex.readAccess(Mutex.java:199)
	at org.netbeans.modules.maven.MavenProjectPropsImpl.get(MavenProjectPropsImpl.java:78)
	at org.netbeans.modules.maven.MavenProjectPropsImpl.get(MavenProjectPropsImpl.java:74)
	at org.netbeans.modules.maven.MavenProjectPropsImpl$PackagingProviderImpl.packaging(MavenProjectPropsImpl.java:306)
	at org.netbeans.modules.maven.api.NbMavenProject.getPackagingType(NbMavenProject.java:399)
	at org.netbeans.modules.maven.NbMavenProjectImpl$PackagingTypeDependentLookup.check(NbMavenProjectImpl.java:1253)
	at org.netbeans.modules.maven.NbMavenProjectImpl$PackagingTypeDependentLookup.<init>(NbMavenProjectImpl.java:1195)
	at org.netbeans.modules.maven.NbMavenProjectImpl.<init>(NbMavenProjectImpl.java:282)
	at org.netbeans.modules.maven.NbMavenProjectFactory.loadProject(NbMavenProjectFactory.java:98)
	at org.netbeans.modules.projectapi.nb.NbProjectManager.createProject(NbProjectManager.java:375)
	at org.netbeans.modules.projectapi.nb.NbProjectManager.access$300(NbProjectManager.java:68)
	at org.netbeans.modules.projectapi.nb.NbProjectManager$2.run(NbProjectManager.java:288)
	at org.netbeans.modules.projectapi.nb.NbProjectManager$2.run(NbProjectManager.java:217)
	at org.netbeans.modules.openide.util.DefaultMutexImplementation.readAccess(DefaultMutexImplementation.java:188)
	at org.openide.util.Mutex.readAccess(Mutex.java:232)
	at org.netbeans.modules.projectapi.nb.NbProjectManager.findProject(NbProjectManager.java:217)
	at org.netbeans.api.project.ProjectManager.findProject(ProjectManager.java:142)
	at org.netbeans.modules.projectapi.SimpleFileOwnerQueryImplementation.getOwner(SimpleFileOwnerQueryImplementation.java:142)
	at org.netbeans.api.project.FileOwnerQuery.getOwner(FileOwnerQuery.java:91)
	at org.netbeans.modules.java.lsp.server.protocol.Server$LanguageServerImpl.collectProjectCandidates(Server.java:1047)
	at org.netbeans.modules.java.lsp.server.protocol.Server$LanguageServerImpl.collectProjectCandidates(Server.java:1051)
	at org.netbeans.modules.java.lsp.server.protocol.Server$LanguageServerImpl.collectProjectCandidates(Server.java:1051)
	at org.netbeans.modules.java.lsp.server.protocol.Server$LanguageServerImpl.collectProjectCandidates(Server.java:1051)
	at org.netbeans.modules.java.lsp.server.protocol.Server$LanguageServerImpl.collectProjectCandidates(Server.java:1051)
[catch] at org.netbeans.modules.java.lsp.server.protocol.Server$LanguageServerImpl.lambda$initialize$18(Server.java:1008)
	at org.openide.util.RequestProcessor$Task.run(RequestProcessor.java:1403)
	at org.netbeans.modules.openide.util.GlobalLookup.execute(GlobalLookup.java:45)
	at org.openide.util.lookup.Lookups.executeWith(Lookups.java:287)
	at org.openide.util.RequestProcessor$Processor.run(RequestProcessor.java:2012)
INFO [null]: Last record repeated again.
INFO [org.netbeans.modules.gradle.loaders.GradleProjectLoaderImpl]: Load aiming FULL_ONLINE for Gradle: support[FALLBACK]
INFO [org.netbeans.modules.gradle.loaders.GradleProjectLoaderImpl]: Load aiming FULL_ONLINE for Gradle: android[FALLBACK]
INFO [org.netbeans.modules.gradle.execute.GradleDistributionProviderImpl]: Cannot evaulate Gradle Wrapper
java.io.FileNotFoundException: Gradle Wrapper properties not found at: /home/kairav/.vscode/extensions/oracle.oracle-java-26.0.2/nbcode/extide/modules/gradle/daemon-loader/gradle/wrapper/gradle-wrapper.properties
	at org.netbeans.modules.gradle.api.execute.GradleDistributionManager.getWrapperDistributionURI(GradleDistributionManager.java:262)
	at org.netbeans.modules.gradle.api.execute.GradleDistributionManager.distributionFromWrapper(GradleDistributionManager.java:220)
[catch] at org.netbeans.modules.gradle.execute.GradleDistributionProviderImpl.getGradleDistribution(GradleDistributionProviderImpl.java:103)
	at org.netbeans.modules.gradle.api.execute.RunUtils.getCompatibleGradleDistribution(RunUtils.java:319)
	at org.netbeans.modules.gradle.loaders.LegacyProjectLoader.loadGradleProject(LegacyProjectLoader.java:148)
	at org.netbeans.modules.gradle.loaders.LegacyProjectLoader$ProjectLoaderTask.call(LegacyProjectLoader.java:692)
	at org.netbeans.modules.gradle.loaders.LegacyProjectLoader$ProjectLoaderTask.call(LegacyProjectLoader.java:661)
	at java.base/java.util.concurrent.FutureTask.run(FutureTask.java:317)
	at org.openide.util.RequestProcessor$Task.run(RequestProcessor.java:1403)
	at org.netbeans.modules.openide.util.GlobalLookup.execute(GlobalLookup.java:45)
	at org.openide.util.lookup.Lookups.executeWith(Lookups.java:287)
	at org.openide.util.RequestProcessor$Processor.run(RequestProcessor.java:2012)
INFO [org.netbeans.modules.gradle.execute.GradleDistributionProviderImpl]: Gradle Distribution for Gradle: daemon-loader[FALLBACK] is GradleDistribution{gradleUserHome=/home/kairav/.gradle, distributionDir=/home/kairav/.gradle/wrapper/dists/gradle-9.3.0-bin/79n14ral3mx1ozqr3csh2u872/gradle-9.3.0, distributionURI=https://services.gradle.org/distributions/gradle-9.3.0-bin.zip, version=Gradle 9.3.0}
INFO [org.netbeans.modules.gradle.execute.GradleDistributionProviderImpl]: Cannot evaulate Gradle Wrapper
java.io.FileNotFoundException: Gradle Wrapper properties not found at: /home/kairav/.vscode/extensions/.f89ff702-f929-4e49-9212-3d153886753f/nbcode/extide/modules/gradle/daemon-loader/gradle/wrapper/gradle-wrapper.properties
	at org.netbeans.modules.gradle.api.execute.GradleDistributionManager.getWrapperDistributionURI(GradleDistributionManager.java:262)
	at org.netbeans.modules.gradle.api.execute.GradleDistributionManager.distributionFromWrapper(GradleDistributionManager.java:220)
[catch] at org.netbeans.modules.gradle.execute.GradleDistributionProviderImpl.getGradleDistribution(GradleDistributionProviderImpl.java:103)
	at org.netbeans.modules.gradle.api.execute.RunUtils.getCompatibleGradleDistribution(RunUtils.java:319)
	at org.netbeans.modules.gradle.loaders.LegacyProjectLoader.loadGradleProject(LegacyProjectLoader.java:148)
	at org.netbeans.modules.gradle.loaders.LegacyProjectLoader$ProjectLoaderTask.call(LegacyProjectLoader.java:692)
	at org.netbeans.modules.gradle.loaders.LegacyProjectLoader$ProjectLoaderTask.call(LegacyProjectLoader.java:661)
	at java.base/java.util.concurrent.FutureTask.run(FutureTask.java:317)
	at org.openide.util.RequestProcessor$Task.run(RequestProcessor.java:1403)
	at org.netbeans.modules.openide.util.GlobalLookup.execute(GlobalLookup.java:45)
	at org.openide.util.lookup.Lookups.executeWith(Lookups.java:287)
	at org.openide.util.RequestProcessor$Processor.run(RequestProcessor.java:2012)
INFO [org.netbeans.modules.gradle.execute.GradleDistributionProviderImpl]: Gradle Distribution for Gradle: daemon-loader[FULL_ONLINE] is GradleDistribution{gradleUserHome=/home/kairav/.gradle, distributionDir=/home/kairav/.gradle/wrapper/dists/gradle-9.3.0-bin/79n14ral3mx1ozqr3csh2u872/gradle-9.3.0, distributionURI=https://services.gradle.org/distributions/gradle-9.3.0-bin.zip, version=Gradle 9.3.0}
INFO [org.netbeans.modules.gradle.execute.GradleDistributionProviderImpl]: Cannot evaulate Gradle Wrapper
java.io.FileNotFoundException: Gradle Wrapper properties not found at: /home/kairav/dev/lazycmake/build_directory2/_deps/fmt-src/support/gradle/wrapper/gradle-wrapper.properties
	at org.netbeans.modules.gradle.api.execute.GradleDistributionManager.getWrapperDistributionURI(GradleDistributionManager.java:262)
	at org.netbeans.modules.gradle.api.execute.GradleDistributionManager.distributionFromWrapper(GradleDistributionManager.java:220)
[catch] at org.netbeans.modules.gradle.execute.GradleDistributionProviderImpl.getGradleDistribution(GradleDistributionProviderImpl.java:103)
	at org.netbeans.modules.gradle.api.execute.RunUtils.getCompatibleGradleDistribution(RunUtils.java:319)
	at org.netbeans.modules.gradle.loaders.LegacyProjectLoader.loadGradleProject(LegacyProjectLoader.java:148)
	at org.netbeans.modules.gradle.loaders.LegacyProjectLoader$ProjectLoaderTask.call(LegacyProjectLoader.java:692)
	at org.netbeans.modules.gradle.loaders.LegacyProjectLoader$ProjectLoaderTask.call(LegacyProjectLoader.java:661)
	at java.base/java.util.concurrent.FutureTask.run(FutureTask.java:317)
	at org.openide.util.RequestProcessor$Task.run(RequestProcessor.java:1403)
	at org.netbeans.modules.openide.util.GlobalLookup.execute(GlobalLookup.java:45)
	at org.openide.util.lookup.Lookups.executeWith(Lookups.java:287)
	at org.openide.util.RequestProcessor$Processor.run(RequestProcessor.java:2012)
INFO [org.netbeans.modules.gradle.execute.GradleDistributionProviderImpl]: Gradle Distribution for Gradle: support[FALLBACK] is GradleDistribution{gradleUserHome=/home/kairav/.gradle, distributionDir=/home/kairav/.gradle/wrapper/dists/gradle-9.3.0-bin/79n14ral3mx1ozqr3csh2u872/gradle-9.3.0, distributionURI=https://services.gradle.org/distributions/gradle-9.3.0-bin.zip, version=Gradle 9.3.0}
WARNING [org.netbeans.modules.gradle.loaders.LegacyProjectLoader]: Loading of script /home/kairav/dev/lazycmake/build_directory2/_deps/fmt-src/support/build.gradle threw an exception {2}
INFO [org.netbeans.modules.gradle.loaders.LegacyProjectLoader]: Stacktrace from gradle daemon:
org.gradle.api.ProjectConfigurationException: A problem occurred configuring root project 'support'.
	at org.gradle.configuration.project.LifecycleProjectEvaluator.wrapException(LifecycleProjectEvaluator.java:84)
	at org.gradle.configuration.project.LifecycleProjectEvaluator.addConfigurationFailure(LifecycleProjectEvaluator.java:77)
	at org.gradle.configuration.project.LifecycleProjectEvaluator.access$500(LifecycleProjectEvaluator.java:55)
	at org.gradle.configuration.project.LifecycleProjectEvaluator$EvaluateProject.lambda$run$0(LifecycleProjectEvaluator.java:111)
	at org.gradle.api.internal.project.DefaultProjectStateRegistry$ProjectStateImpl.lambda$applyToMutableState$0(DefaultProjectStateRegistry.java:443)
	at org.gradle.api.internal.project.DefaultProjectStateRegistry$ProjectStateImpl.lambda$fromMutableState$1(DefaultProjectStateRegistry.java:450)
	at org.gradle.internal.work.DefaultWorkerLeaseService.lambda$withLocksAcquired$0(DefaultWorkerLeaseService.java:269)
	at org.gradle.internal.work.ResourceLockStatistics$1.measure(ResourceLockStatistics.java:42)
	at org.gradle.internal.work.DefaultWorkerLeaseService.withLocksAcquired(DefaultWorkerLeaseService.java:267)
	at org.gradle.internal.work.DefaultWorkerLeaseService.lambda$withReplacedLocks$3(DefaultWorkerLeaseService.java:365)
	at org.gradle.internal.work.DefaultWorkerLeaseService.withoutLocks(DefaultWorkerLeaseService.java:337)
	at org.gradle.internal.work.DefaultWorkerLeaseService.withReplacedLocks(DefaultWorkerLeaseService.java:364)
	at org.gradle.api.internal.project.DefaultProjectStateRegistry$ProjectStateImpl.runWithModelLock(DefaultProjectStateRegistry.java:471)
	at org.gradle.api.internal.project.DefaultProjectStateRegistry$ProjectStateImpl.fromMutableState(DefaultProjectStateRegistry.java:450)
	at org.gradle.api.internal.project.DefaultProjectStateRegistry$ProjectStateImpl.applyToMutableState(DefaultProjectStateRegistry.java:442)
	at org.gradle.configuration.project.LifecycleProjectEvaluator$EvaluateProject.run(LifecycleProjectEvaluator.java:100)
	at org.gradle.internal.operations.DefaultBuildOperationRunner$1.execute(DefaultBuildOperationRunner.java:29)
	at org.gradle.internal.operations.DefaultBuildOperationRunner$1.execute(DefaultBuildOperationRunner.java:26)
	at org.gradle.internal.operations.DefaultBuildOperationRunner$2.execute(DefaultBuildOperationRunner.java:66)
	at org.gradle.internal.operations.DefaultBuildOperationRunner$2.execute(DefaultBuildOperationRunner.java:59)
	at org.gradle.internal.operations.DefaultBuildOperationRunner.execute(DefaultBuildOperationRunner.java:166)
	at org.gradle.internal.operations.DefaultBuildOperationRunner.execute(DefaultBuildOperationRunner.java:59)
	at org.gradle.internal.operations.DefaultBuildOperationRunner.run(DefaultBuildOperationRunner.java:47)
	at org.gradle.configuration.project.LifecycleProjectEvaluator.evaluate(LifecycleProjectEvaluator.java:72)
	at org.gradle.api.internal.project.DefaultProject.evaluateUnchecked(DefaultProject.java:796)
	at org.gradle.api.internal.project.ProjectLifecycleController.lambda$ensureSelfConfigured$2(ProjectLifecycleController.java:93)
	at org.gradle.internal.model.StateTransitionController.lambda$doTransition$14(StateTransitionController.java:265)
	at org.gradle.internal.model.StateTransitionController.doTransition(StateTransitionController.java:276)
	at org.gradle.internal.model.StateTransitionController.doTransition(StateTransitionController.java:264)
	at org.gradle.internal.model.StateTransitionController.lambda$maybeTransitionIfNotCurrentlyTransitioning$10(StateTransitionController.java:209)
	at org.gradle.internal.work.DefaultSynchronizer.withLock(DefaultSynchronizer.java:35)
	at org.gradle.internal.model.StateTransitionController.maybeTransitionIfNotCurrentlyTransitioning(StateTransitionController.java:205)
	at org.gradle.api.internal.project.ProjectLifecycleController.ensureSelfConfigured(ProjectLifecycleController.java:93)
	at org.gradle.api.internal.project.DefaultProjectStateRegistry$ProjectStateImpl.ensureConfigured(DefaultProjectStateRegistry.java:408)
	at org.gradle.execution.TaskPathProjectEvaluator.configure(TaskPathProjectEvaluator.java:71)
	at org.gradle.execution.TaskPathProjectEvaluator.configureHierarchy(TaskPathProjectEvaluator.java:85)
	at org.gradle.configuration.DefaultProjectsPreparer.prepareProjects(DefaultProjectsPreparer.java:50)
	at org.gradle.configuration.BuildTreePreparingProjectsPreparer.prepareProjects(BuildTreePreparingProjectsPreparer.java:65)
	at org.gradle.configuration.BuildOperationFiringProjectsPreparer$ConfigureBuild.run(BuildOperationFiringProjectsPreparer.java:52)
	at org.gradle.internal.operations.DefaultBuildOperationRunner$1.execute(DefaultBuildOperationRunner.java:29)
	at org.gradle.internal.operations.DefaultBuildOperationRunner$1.execute(DefaultBuildOperationRunner.java:26)
	at org.gradle.internal.operations.DefaultBuildOperationRunner$2.execute(DefaultBuildOperationRunner.java:66)
	at org.gradle.internal.operations.DefaultBuildOperationRunner$2.execute(DefaultBuildOperationRunner.java:59)
	at org.gradle.internal.operations.DefaultBuildOperationRunner.execute(DefaultBuildOperationRunner.java:166)
	at org.gradle.internal.operations.DefaultBuildOperationRunner.execute(DefaultBuildOperationRunner.java:59)
	at org.gradle.internal.operations.DefaultBuildOperationRunner.run(DefaultBuildOperationRunner.java:47)
	at org.gradle.configuration.BuildOperationFiringProjectsPreparer.prepareProjects(BuildOperationFiringProjectsPreparer.java:40)
	at org.gradle.initialization.VintageBuildModelController.lambda$prepareProjects$2(VintageBuildModelController.java:83)
	at org.gradle.internal.model.StateTransitionController.lambda$doTransition$14(StateTransitionController.java:265)
	at org.gradle.internal.model.StateTransitionController.doTransition(StateTransitionController.java:276)
	at org.gradle.internal.model.StateTransitionController.doTransition(StateTransitionController.java:264)
	at org.gradle.internal.model.StateTransitionController.lambda$transitionIfNotPreviously$11(StateTransitionController.java:223)
	at org.gradle.internal.work.DefaultSynchronizer.withLock(DefaultSynchronizer.java:35)
	at org.gradle.internal.model.StateTransitionController.transitionIfNotPreviously(StateTransitionController.java:219)
	at org.gradle.initialization.VintageBuildModelController.prepareProjects(VintageBuildModelController.java:83)
	at org.gradle.initialization.VintageBuildModelController.getConfiguredModel(VintageBuildModelController.java:63)
	at org.gradle.internal.build.DefaultBuildLifecycleController.lambda$withProjectsConfigured$1(DefaultBuildLifecycleController.java:133)
	at org.gradle.internal.model.StateTransitionController.lambda$notInState$3(StateTransitionController.java:142)
	at org.gradle.internal.work.DefaultSynchronizer.withLock(DefaultSynchronizer.java:45)
	at org.gradle.internal.model.StateTransitionController.notInState(StateTransitionController.java:138)
	at org.gradle.internal.build.DefaultBuildLifecycleController.withProjectsConfigured(DefaultBuildLifecycleController.java:133)
	at org.gradle.internal.build.DefaultBuildToolingModelController.locateBuilderForTarget(DefaultBuildToolingModelController.java:59)
	at org.gradle.internal.buildtree.DefaultBuildTreeModelCreator$DefaultBuildTreeModelController.lambda$locateBuilderForBuildTarget$0(DefaultBuildTreeModelCreator.java:146)
	at org.gradle.internal.build.DefaultBuildLifecycleController.withToolingModels(DefaultBuildLifecycleController.java:327)
	at org.gradle.internal.build.AbstractBuildState.withToolingModels(AbstractBuildState.java:169)
	at org.gradle.internal.buildtree.DefaultBuildTreeModelCreator$DefaultBuildTreeModelController.locateBuilderForBuildTarget(DefaultBuildTreeModelCreator.java:146)
	at org.gradle.internal.buildtree.DefaultBuildTreeModelCreator$DefaultBuildTreeModelController.locateBuilderForDefaultTarget(DefaultBuildTreeModelCreator.java:131)
	at org.gradle.internal.buildtree.DefaultBuildTreeModelCreator$DefaultBuildTreeModelController.locateBuilderForTarget(DefaultBuildTreeModelCreator.java:120)
	at org.gradle.internal.buildtree.DefaultBuildTreeModelCreator$DefaultBuildTreeModelController.access$200(DefaultBuildTreeModelCreator.java:69)
	at org.gradle.internal.buildtree.DefaultBuildTreeModelCreator$DefaultBuildTreeModelController$1.call(DefaultBuildTreeModelCreator.java:84)
	at org.gradle.internal.operations.DefaultBuildOperationRunner$CallableBuildOperationWorker.execute(DefaultBuildOperationRunner.java:209)
	at org.gradle.internal.operations.DefaultBuildOperationRunner$CallableBuildOperationWorker.execute(DefaultBuildOperationRunner.java:204)
	at org.gradle.internal.operations.DefaultBuildOperationRunner$2.execute(DefaultBuildOperationRunner.java:66)
	at org.gradle.internal.operations.DefaultBuildOperationRunner$2.execute(DefaultBuildOperationRunner.java:59)
	at org.gradle.internal.operations.DefaultBuildOperationRunner.execute(DefaultBuildOperationRunner.java:166)
	at org.gradle.internal.operations.DefaultBuildOperationRunner.execute(DefaultBuildOperationRunner.java:59)
	at org.gradle.internal.operations.DefaultBuildOperationRunner.call(DefaultBuildOperationRunner.java:53)
	at org.gradle.internal.buildtree.DefaultBuildTreeModelCreator$DefaultBuildTreeModelController.getModel(DefaultBuildTreeModelCreator.java:80)
	at org.gradle.tooling.internal.provider.runner.DefaultBuildController.doGetModel(DefaultBuildController.java:126)
	at org.gradle.tooling.internal.provider.runner.DefaultBuildController.getModel(DefaultBuildController.java:113)
	at org.gradle.tooling.internal.consumer.connection.ParameterAwareBuildControllerAdapter.getModel(ParameterAwareBuildControllerAdapter.java:40)
	at org.gradle.tooling.internal.consumer.connection.UnparameterizedBuildController.getModel(UnparameterizedBuildController.java:119)
	at org.gradle.tooling.internal.consumer.connection.NestedActionAwareBuildControllerAdapter.getModel(NestedActionAwareBuildControllerAdapter.java:32)
	at org.gradle.tooling.internal.consumer.connection.UnparameterizedBuildController.getModel(UnparameterizedBuildController.java:83)
	at org.gradle.tooling.internal.consumer.connection.NestedActionAwareBuildControllerAdapter.getModel(NestedActionAwareBuildControllerAdapter.java:32)
	at org.gradle.tooling.internal.consumer.connection.UnparameterizedBuildController.getModel(UnparameterizedBuildController.java:68)
	at org.gradle.tooling.internal.consumer.connection.NestedActionAwareBuildControllerAdapter.getModel(NestedActionAwareBuildControllerAdapter.java:32)
	at org.netbeans.modules.gradle.tooling.internal.NbProjectInfoAction.execute(NbProjectInfoAction.java:33)
	at org.netbeans.modules.gradle.tooling.internal.NbProjectInfoAction.execute(NbProjectInfoAction.java:29)
	at org.gradle.tooling.internal.consumer.connection.InternalBuildActionAdapter.execute(InternalBuildActionAdapter.java:66)
	at org.gradle.tooling.internal.provider.runner.AbstractClientProvidedBuildActionRunner$ActionAdapter.executeAction(AbstractClientProvidedBuildActionRunner.java:108)
	at org.gradle.tooling.internal.provider.runner.AbstractClientProvidedBuildActionRunner$ActionAdapter.runAction(AbstractClientProvidedBuildActionRunner.java:96)
	at org.gradle.tooling.internal.provider.runner.AbstractClientProvidedBuildActionRunner$ActionAdapter.fromBuildModel(AbstractClientProvidedBuildActionRunner.java:85)
	at org.gradle.tooling.internal.provider.runner.AbstractClientProvidedBuildActionRunner$ActionAdapter.fromBuildModel(AbstractClientProvidedBuildActionRunner.java:68)
	at org.gradle.internal.buildtree.DefaultBuildTreeModelCreator.fromBuildModel(DefaultBuildTreeModelCreator.java:66)
	at org.gradle.internal.cc.impl.barrier.BarrierAwareBuildTreeModelCreator.fromBuildModel$lambda$0(BarrierAwareBuildTreeModelCreator.kt:36)
	at org.gradle.internal.cc.impl.barrier.VintageConfigurationTimeActionRunner.runConfigurationTimeAction(VintageConfigurationTimeActionRunner.kt:48)
	at org.gradle.internal.cc.impl.barrier.BarrierAwareBuildTreeModelCreator.fromBuildModel(BarrierAwareBuildTreeModelCreator.kt:35)
	at org.gradle.internal.buildtree.DefaultBuildTreeLifecycleController.lambda$fromBuildModel$2(DefaultBuildTreeLifecycleController.java:90)
	at org.gradle.internal.buildtree.DefaultBuildTreeLifecycleController.lambda$runBuild$4(DefaultBuildTreeLifecycleController.java:120)
	at org.gradle.internal.model.StateTransitionController.lambda$transition$6(StateTransitionController.java:179)
	at org.gradle.internal.model.StateTransitionController.doTransition(StateTransitionController.java:276)
	at org.gradle.internal.model.StateTransitionController.lambda$transition$7(StateTransitionController.java:179)
	at org.gradle.internal.work.DefaultSynchronizer.withLock(DefaultSynchronizer.java:45)
	at org.gradle.internal.model.StateTransitionController.transition(StateTransitionController.java:179)
	at org.gradle.internal.buildtree.DefaultBuildTreeLifecycleController.runBuild(DefaultBuildTreeLifecycleController.java:117)
	at org.gradle.internal.buildtree.DefaultBuildTreeLifecycleController.fromBuildModel(DefaultBuildTreeLifecycleController.java:82)
	at org.gradle.tooling.internal.provider.runner.AbstractClientProvidedBuildActionRunner.runClientAction(AbstractClientProvidedBuildActionRunner.java:42)
	at org.gradle.tooling.internal.provider.runner.ClientProvidedBuildActionRunner.run(ClientProvidedBuildActionRunner.java:47)
	at org.gradle.launcher.exec.ChainingBuildActionRunner.run(ChainingBuildActionRunner.java:35)
	at org.gradle.internal.buildtree.ProblemReportingBuildActionRunner.run(ProblemReportingBuildActionRunner.java:54)
	at org.gradle.launcher.exec.BuildOutcomeReportingBuildActionRunner.run(BuildOutcomeReportingBuildActionRunner.java:83)
	at org.gradle.tooling.internal.provider.FileSystemWatchingBuildActionRunner.run(FileSystemWatchingBuildActionRunner.java:135)
	at org.gradle.launcher.exec.BuildCompletionNotifyingBuildActionRunner.run(BuildCompletionNotifyingBuildActionRunner.java:54)
	at org.gradle.launcher.exec.RootBuildLifecycleBuildActionExecutor.lambda$execute$0(RootBuildLifecycleBuildActionExecutor.java:101)
	at org.gradle.composite.internal.DefaultRootBuildState.run(DefaultRootBuildState.java:126)
	at org.gradle.launcher.exec.RootBuildLifecycleBuildActionExecutor.execute(RootBuildLifecycleBuildActionExecutor.java:101)
	at org.gradle.launcher.exec.BuildTreeLifecycleBuildActionExecutor.runRootBuildAction(BuildTreeLifecycleBuildActionExecutor.java:98)
	at org.gradle.launcher.exec.BuildTreeLifecycleBuildActionExecutor.execute(BuildTreeLifecycleBuildActionExecutor.java:69)
	at org.gradle.launcher.exec.RunAsBuildOperationBuildActionExecutor$2.call(RunAsBuildOperationBuildActionExecutor.java:65)
	at org.gradle.launcher.exec.RunAsBuildOperationBuildActionExecutor$2.call(RunAsBuildOperationBuildActionExecutor.java:61)
	at org.gradle.internal.operations.DefaultBuildOperationRunner$CallableBuildOperationWorker.execute(DefaultBuildOperationRunner.java:209)
	at org.gradle.internal.operations.DefaultBuildOperationRunner$CallableBuildOperationWorker.execute(DefaultBuildOperationRunner.java:204)
	at org.gradle.internal.operations.DefaultBuildOperationRunner$2.execute(DefaultBuildOperationRunner.java:66)
	at org.gradle.internal.operations.DefaultBuildOperationRunner$2.execute(DefaultBuildOperationRunner.java:59)
	at org.gradle.internal.operations.DefaultBuildOperationRunner.execute(DefaultBuildOperationRunner.java:166)
	at org.gradle.internal.operations.DefaultBuildOperationRunner.execute(DefaultBuildOperationRunner.java:59)
	at org.gradle.internal.operations.DefaultBuildOperationRunner.call(DefaultBuildOperationRunner.java:53)
	at org.gradle.launcher.exec.RunAsBuildOperationBuildActionExecutor.execute(RunAsBuildOperationBuildActionExecutor.java:61)
	at org.gradle.launcher.exec.RunAsWorkerThreadBuildActionExecutor.lambda$execute$0(RunAsWorkerThreadBuildActionExecutor.java:36)
	at org.gradle.internal.work.DefaultWorkerLeaseService.lambda$withLocksAcquired$0(DefaultWorkerLeaseService.java:269)
	at org.gradle.internal.work.ResourceLockStatistics$1.measure(ResourceLockStatistics.java:42)
	at org.gradle.internal.work.DefaultWorkerLeaseService.withLocksAcquired(DefaultWorkerLeaseService.java:267)
	at org.gradle.internal.work.DefaultWorkerLeaseService.withLocks(DefaultWorkerLeaseService.java:259)
	at org.gradle.internal.work.DefaultWorkerLeaseService.runAsWorkerThread(DefaultWorkerLeaseService.java:127)
	at org.gradle.launcher.exec.RunAsWorkerThreadBuildActionExecutor.execute(RunAsWorkerThreadBuildActionExecutor.java:36)
	at org.gradle.tooling.internal.provider.continuous.ContinuousBuildActionExecutor.execute(ContinuousBuildActionExecutor.java:110)
	at org.gradle.tooling.internal.provider.SubscribableBuildActionExecutor.execute(SubscribableBuildActionExecutor.java:64)
	at org.gradle.internal.session.DefaultBuildSessionContext.execute(DefaultBuildSessionContext.java:46)
	at org.gradle.internal.buildprocess.execution.BuildSessionLifecycleBuildActionExecutor$ActionImpl.apply(BuildSessionLifecycleBuildActionExecutor.java:106)
	at org.gradle.internal.buildprocess.execution.BuildSessionLifecycleBuildActionExecutor$ActionImpl.apply(BuildSessionLifecycleBuildActionExecutor.java:94)
	at org.gradle.internal.session.BuildSessionState.run(BuildSessionState.java:73)
	at org.gradle.internal.buildprocess.execution.BuildSessionLifecycleBuildActionExecutor.execute(BuildSessionLifecycleBuildActionExecutor.java:67)
	at org.gradle.internal.buildprocess.execution.BuildSessionLifecycleBuildActionExecutor.execute(BuildSessionLifecycleBuildActionExecutor.java:45)
	at org.gradle.internal.buildprocess.execution.StartParamsValidatingActionExecutor.execute(StartParamsValidatingActionExecutor.java:57)
	at org.gradle.internal.buildprocess.execution.StartParamsValidatingActionExecutor.execute(StartParamsValidatingActionExecutor.java:32)
	at org.gradle.internal.buildprocess.execution.SessionFailureReportingActionExecutor.execute(SessionFailureReportingActionExecutor.java:51)
	at org.gradle.internal.buildprocess.execution.SessionFailureReportingActionExecutor.execute(SessionFailureReportingActionExecutor.java:39)
	at org.gradle.internal.buildprocess.execution.SetupLoggingActionExecutor.execute(SetupLoggingActionExecutor.java:47)
	at org.gradle.internal.buildprocess.execution.SetupLoggingActionExecutor.execute(SetupLoggingActionExecutor.java:31)
	at org.gradle.launcher.daemon.server.exec.ExecuteBuild.doBuild(ExecuteBuild.java:70)
	at org.gradle.launcher.daemon.server.exec.BuildCommandOnly.execute(BuildCommandOnly.java:37)
	at org.gradle.launcher.daemon.server.api.DaemonCommandExecution.proceed(DaemonCommandExecution.java:104)
	at org.gradle.launcher.daemon.server.exec.WatchForDisconnection.execute(WatchForDisconnection.java:39)
	at org.gradle.launcher.daemon.server.api.DaemonCommandExecution.proceed(DaemonCommandExecution.java:104)
	at org.gradle.launcher.daemon.server.exec.ResetDeprecationLogger.execute(ResetDeprecationLogger.java:29)
	at org.gradle.launcher.daemon.server.api.DaemonCommandExecution.proceed(DaemonCommandExecution.java:104)
	at org.gradle.launcher.daemon.server.exec.RequestStopIfSingleUsedDaemon.execute(RequestStopIfSingleUsedDaemon.java:35)
	at org.gradle.launcher.daemon.server.api.DaemonCommandExecution.proceed(DaemonCommandExecution.java:104)
	at org.gradle.launcher.daemon.server.exec.ForwardClientInput.lambda$execute$0(ForwardClientInput.java:40)
	at org.gradle.internal.daemon.clientinput.ClientInputForwarder.forwardInput(ClientInputForwarder.java:80)
	at org.gradle.launcher.daemon.server.exec.ForwardClientInput.execute(ForwardClientInput.java:37)
	at org.gradle.launcher.daemon.server.api.DaemonCommandExecution.proceed(DaemonCommandExecution.java:104)
	at org.gradle.launcher.daemon.server.exec.LogAndCheckHealth.execute(LogAndCheckHealth.java:64)
	at org.gradle.launcher.daemon.server.api.DaemonCommandExecution.proceed(DaemonCommandExecution.java:104)
	at org.gradle.launcher.daemon.server.exec.LogToClient.doBuild(LogToClient.java:63)
	at org.gradle.launcher.daemon.server.exec.BuildCommandOnly.execute(BuildCommandOnly.java:37)
	at org.gradle.launcher.daemon.server.api.DaemonCommandExecution.proceed(DaemonCommandExecution.java:104)
	at org.gradle.launcher.daemon.server.exec.EstablishBuildEnvironment.doBuild(EstablishBuildEnvironment.java:84)
	at org.gradle.launcher.daemon.server.exec.BuildCommandOnly.execute(BuildCommandOnly.java:37)
	at org.gradle.launcher.daemon.server.api.DaemonCommandExecution.proceed(DaemonCommandExecution.java:104)
	at org.gradle.launcher.daemon.server.exec.StartBuildOrRespondWithBusy$1.run(StartBuildOrRespondWithBusy.java:52)
	at org.gradle.launcher.daemon.server.DaemonStateCoordinator.lambda$runCommand$0(DaemonStateCoordinator.java:321)
	at org.gradle.internal.concurrent.ExecutorPolicy$CatchAndRecordFailures.onExecute(ExecutorPolicy.java:64)
	at org.gradle.internal.concurrent.AbstractManagedExecutor$1.run(AbstractManagedExecutor.java:47)
	at java.base/java.util.concurrent.ThreadPoolExecutor.runWorker(ThreadPoolExecutor.java:1144)
	at java.base/java.util.concurrent.ThreadPoolExecutor$Worker.run(ThreadPoolExecutor.java:642)
	at java.base/java.lang.Thread.run(Thread.java:1583)
Caused by: org.gradle.api.GradleScriptException: A problem occurred evaluating root project 'support'.
	at org.gradle.groovy.scripts.internal.DefaultScriptRunnerFactory$ScriptRunnerImpl.run(DefaultScriptRunnerFactory.java:93)
	at org.gradle.configuration.DefaultScriptPluginFactory$ScriptPluginImpl.apply(DefaultScriptPluginFactory.java:118)
	at org.gradle.configuration.BuildOperationScriptPlugin$1.run(BuildOperationScriptPlugin.java:68)
	at org.gradle.internal.operations.DefaultBuildOperationRunner$1.execute(DefaultBuildOperationRunner.java:29)
	at org.gradle.internal.operations.DefaultBuildOperationRunner$1.execute(DefaultBuildOperationRunner.java:26)
	at org.gradle.internal.operations.DefaultBuildOperationRunner$2.execute(DefaultBuildOperationRunner.java:66)
	at org.gradle.internal.operations.DefaultBuildOperationRunner$2.execute(DefaultBuildOperationRunner.java:59)
	at org.gradle.internal.operations.DefaultBuildOperationRunner.execute(DefaultBuildOperationRunner.java:166)
	at org.gradle.internal.operations.DefaultBuildOperationRunner.execute(DefaultBuildOperationRunner.java:59)
	at org.gradle.internal.operations.DefaultBuildOperationRunner.run(DefaultBuildOperationRunner.java:47)
	at org.gradle.configuration.BuildOperationScriptPlugin.lambda$apply$0(BuildOperationScriptPlugin.java:65)
	at org.gradle.internal.code.DefaultUserCodeApplicationContext.apply(DefaultUserCodeApplicationContext.java:44)
	at org.gradle.configuration.BuildOperationScriptPlugin.apply(BuildOperationScriptPlugin.java:65)
	at org.gradle.api.internal.project.DefaultProjectStateRegistry$ProjectStateImpl.lambda$applyToMutableState$0(DefaultProjectStateRegistry.java:443)
	at org.gradle.api.internal.project.DefaultProjectStateRegistry$ProjectStateImpl.lambda$fromMutableState$1(DefaultProjectStateRegistry.java:450)
	at org.gradle.api.internal.project.DefaultProjectStateRegistry$ProjectStateImpl.runWithModelLock(DefaultProjectStateRegistry.java:466)
	at org.gradle.api.internal.project.DefaultProjectStateRegistry$ProjectStateImpl.fromMutableState(DefaultProjectStateRegistry.java:450)
	at org.gradle.api.internal.project.DefaultProjectStateRegistry$ProjectStateImpl.applyToMutableState(DefaultProjectStateRegistry.java:442)
	at org.gradle.configuration.project.BuildScriptProcessor.execute(BuildScriptProcessor.java:46)
	at org.gradle.configuration.project.BuildScriptProcessor.execute(BuildScriptProcessor.java:27)
	at org.gradle.configuration.project.ConfigureActionsProjectEvaluator.evaluate(ConfigureActionsProjectEvaluator.java:35)
	at org.gradle.configuration.project.LifecycleProjectEvaluator$EvaluateProject.lambda$run$0(LifecycleProjectEvaluator.java:109)
	at org.gradle.api.internal.project.DefaultProjectStateRegistry$ProjectStateImpl.lambda$applyToMutableState$0(DefaultProjectStateRegistry.java:443)
	at org.gradle.api.internal.project.DefaultProjectStateRegistry$ProjectStateImpl.lambda$fromMutableState$1(DefaultProjectStateRegistry.java:450)
	at org.gradle.internal.work.DefaultWorkerLeaseService.lambda$withLocksAcquired$0(DefaultWorkerLeaseService.java:269)
	at org.gradle.internal.work.ResourceLockStatistics$1.measure(ResourceLockStatistics.java:42)
	at org.gradle.internal.work.DefaultWorkerLeaseService.withLocksAcquired(DefaultWorkerLeaseService.java:267)
	at org.gradle.internal.work.DefaultWorkerLeaseService.lambda$withReplacedLocks$3(DefaultWorkerLeaseService.java:365)
	at org.gradle.internal.work.DefaultWorkerLeaseService.withoutLocks(DefaultWorkerLeaseService.java:337)
	at org.gradle.internal.work.DefaultWorkerLeaseService.withReplacedLocks(DefaultWorkerLeaseService.java:364)
	at org.gradle.api.internal.project.DefaultProjectStateRegistry$ProjectStateImpl.runWithModelLock(DefaultProjectStateRegistry.java:471)
	at org.gradle.api.internal.project.DefaultProjectStateRegistry$ProjectStateImpl.fromMutableState(DefaultProjectStateRegistry.java:450)
	at org.gradle.api.internal.project.DefaultProjectStateRegistry$ProjectStateImpl.applyToMutableState(DefaultProjectStateRegistry.java:442)
	at org.gradle.configuration.project.LifecycleProjectEvaluator$EvaluateProject.run(LifecycleProjectEvaluator.java:100)
	at org.gradle.internal.operations.DefaultBuildOperationRunner$1.execute(DefaultBuildOperationRunner.java:29)
	at org.gradle.internal.operations.DefaultBuildOperationRunner$1.execute(DefaultBuildOperationRunner.java:26)
	at org.gradle.internal.operations.DefaultBuildOperationRunner$2.execute(DefaultBuildOperationRunner.java:66)
	at org.gradle.internal.operations.DefaultBuildOperationRunner$2.execute(DefaultBuildOperationRunner.java:59)
	at org.gradle.internal.operations.DefaultBuildOperationRunner.execute(DefaultBuildOperationRunner.java:166)
	at org.gradle.internal.operations.DefaultBuildOperationRunner.execute(DefaultBuildOperationRunner.java:59)
	at org.gradle.internal.operations.DefaultBuildOperationRunner.run(DefaultBuildOperationRunner.java:47)
	at org.gradle.configuration.project.LifecycleProjectEvaluator.evaluate(LifecycleProjectEvaluator.java:72)
	at org.gradle.api.internal.project.DefaultProject.evaluateUnchecked(DefaultProject.java:796)
	at org.gradle.api.internal.project.ProjectLifecycleController.lambda$ensureSelfConfigured$2(ProjectLifecycleController.java:93)
	at org.gradle.internal.model.StateTransitionController.lambda$doTransition$14(StateTransitionController.java:265)
	at org.gradle.internal.model.StateTransitionController.doTransition(StateTransitionController.java:276)
	at org.gradle.internal.model.StateTransitionController.doTransition(StateTransitionController.java:264)
	at org.gradle.internal.model.StateTransitionController.lambda$maybeTransitionIfNotCurrentlyTransitioning$10(StateTransitionController.java:209)
	at org.gradle.internal.work.DefaultSynchronizer.withLock(DefaultSynchronizer.java:35)
	at org.gradle.internal.model.StateTransitionController.maybeTransitionIfNotCurrentlyTransitioning(StateTransitionController.java:205)
	at org.gradle.api.internal.project.ProjectLifecycleController.ensureSelfConfigured(ProjectLifecycleController.java:93)
	at org.gradle.api.internal.project.DefaultProjectStateRegistry$ProjectStateImpl.ensureConfigured(DefaultProjectStateRegistry.java:408)
	at org.gradle.execution.TaskPathProjectEvaluator.configure(TaskPathProjectEvaluator.java:71)
	at org.gradle.execution.TaskPathProjectEvaluator.configureHierarchy(TaskPathProjectEvaluator.java:85)
	at org.gradle.configuration.DefaultProjectsPreparer.prepareProjects(DefaultProjectsPreparer.java:50)
	at org.gradle.configuration.BuildTreePreparingProjectsPreparer.prepareProjects(BuildTreePreparingProjectsPreparer.java:65)
	at org.gradle.configuration.BuildOperationFiringProjectsPreparer$ConfigureBuild.run(BuildOperationFiringProjectsPreparer.java:52)
	at org.gradle.internal.operations.DefaultBuildOperationRunner$1.execute(DefaultBuildOperationRunner.java:29)
	at org.gradle.internal.operations.DefaultBuildOperationRunner$1.execute(DefaultBuildOperationRunner.java:26)
	at org.gradle.internal.operations.DefaultBuildOperationRunner$2.execute(DefaultBuildOperationRunner.java:66)
	at org.gradle.internal.operations.DefaultBuildOperationRunner$2.execute(DefaultBuildOperationRunner.java:59)
	at org.gradle.internal.operations.DefaultBuildOperationRunner.execute(DefaultBuildOperationRunner.java:166)
	at org.gradle.internal.operations.DefaultBuildOperationRunner.execute(DefaultBuildOperationRunner.java:59)
	at org.gradle.internal.operations.DefaultBuildOperationRunner.run(DefaultBuildOperationRunner.java:47)
	at org.gradle.configuration.BuildOperationFiringProjectsPreparer.prepareProjects(BuildOperationFiringProjectsPreparer.java:40)
	at org.gradle.initialization.VintageBuildModelController.lambda$prepareProjects$2(VintageBuildModelController.java:83)
	at org.gradle.internal.model.StateTransitionController.lambda$doTransition$14(StateTransitionController.java:265)
	at org.gradle.internal.model.StateTransitionController.doTransition(StateTransitionController.java:276)
	at org.gradle.internal.model.StateTransitionController.doTransition(StateTransitionController.java:264)
	at org.gradle.internal.model.StateTransitionController.lambda$transitionIfNotPreviously$11(StateTransitionController.java:223)
	at org.gradle.internal.work.DefaultSynchronizer.withLock(DefaultSynchronizer.java:35)
	at org.gradle.internal.model.StateTransitionController.transitionIfNotPreviously(StateTransitionController.java:219)
	at org.gradle.initialization.VintageBuildModelController.prepareProjects(VintageBuildModelController.java:83)
	at org.gradle.initialization.VintageBuildModelController.getConfiguredModel(VintageBuildModelController.java:63)
	at org.gradle.internal.build.DefaultBuildLifecycleController.lambda$withProjectsConfigured$1(DefaultBuildLifecycleController.java:133)
	at org.gradle.internal.model.StateTransitionController.lambda$notInState$3(StateTransitionController.java:142)
	at org.gradle.internal.work.DefaultSynchronizer.withLock(DefaultSynchronizer.java:45)
	at org.gradle.internal.model.StateTransitionController.notInState(StateTransitionController.java:138)
	at org.gradle.internal.build.DefaultBuildLifecycleController.withProjectsConfigured(DefaultBuildLifecycleController.java:133)
	at org.gradle.internal.build.DefaultBuildToolingModelController.locateBuilderForTarget(DefaultBuildToolingModelController.java:59)
	at org.gradle.internal.buildtree.DefaultBuildTreeModelCreator$DefaultBuildTreeModelController.lambda$locateBuilderForBuildTarget$0(DefaultBuildTreeModelCreator.java:146)
	at org.gradle.internal.build.DefaultBuildLifecycleController.withToolingModels(DefaultBuildLifecycleController.java:327)
	at org.gradle.internal.build.AbstractBuildState.withToolingModels(AbstractBuildState.java:169)
	at org.gradle.internal.buildtree.DefaultBuildTreeModelCreator$DefaultBuildTreeModelController.locateBuilderForBuildTarget(DefaultBuildTreeModelCreator.java:146)
	at org.gradle.internal.buildtree.DefaultBuildTreeModelCreator$DefaultBuildTreeModelController.locateBuilderForDefaultTarget(DefaultBuildTreeModelCreator.java:131)
	at org.gradle.internal.buildtree.DefaultBuildTreeModelCreator$DefaultBuildTreeModelController.locateBuilderForTarget(DefaultBuildTreeModelCreator.java:120)
	at org.gradle.internal.buildtree.DefaultBuildTreeModelCreator$DefaultBuildTreeModelController.access$200(DefaultBuildTreeModelCreator.java:69)
	at org.gradle.internal.buildtree.DefaultBuildTreeModelCreator$DefaultBuildTreeModelController$1.call(DefaultBuildTreeModelCreator.java:84)
	at org.gradle.internal.operations.DefaultBuildOperationRunner$CallableBuildOperationWorker.execute(DefaultBuildOperationRunner.java:209)
	at org.gradle.internal.operations.DefaultBuildOperationRunner$CallableBuildOperationWorker.execute(DefaultBuildOperationRunner.java:204)
	at org.gradle.internal.operations.DefaultBuildOperationRunner$2.execute(DefaultBuildOperationRunner.java:66)
	at org.gradle.internal.operations.DefaultBuildOperationRunner$2.execute(DefaultBuildOperationRunner.java:59)
	at org.gradle.internal.operations.DefaultBuildOperationRunner.execute(DefaultBuildOperationRunner.java:166)
	at org.gradle.internal.operations.DefaultBuildOperationRunner.execute(DefaultBuildOperationRunner.java:59)
	at org.gradle.internal.operations.DefaultBuildOperationRunner.call(DefaultBuildOperationRunner.java:53)
	at org.gradle.internal.buildtree.DefaultBuildTreeModelCreator$DefaultBuildTreeModelController.getModel(DefaultBuildTreeModelCreator.java:80)
	at org.gradle.tooling.internal.provider.runner.DefaultBuildController.doGetModel(DefaultBuildController.java:126)
	at org.gradle.tooling.internal.provider.runner.DefaultBuildController.getModel(DefaultBuildController.java:113)
	at org.gradle.tooling.internal.consumer.connection.ParameterAwareBuildControllerAdapter.getModel(ParameterAwareBuildControllerAdapter.java:40)
	at org.gradle.tooling.internal.consumer.connection.UnparameterizedBuildController.getModel(UnparameterizedBuildController.java:119)
	at org.gradle.tooling.internal.consumer.connection.NestedActionAwareBuildControllerAdapter.getModel(NestedActionAwareBuildControllerAdapter.java:32)
	at org.gradle.tooling.internal.consumer.connection.UnparameterizedBuildController.getModel(UnparameterizedBuildController.java:83)
	at org.gradle.tooling.internal.consumer.connection.NestedActionAwareBuildControllerAdapter.getModel(NestedActionAwareBuildControllerAdapter.java:32)
	at org.gradle.tooling.internal.consumer.connection.UnparameterizedBuildController.getModel(UnparameterizedBuildController.java:68)
	at org.gradle.tooling.internal.consumer.connection.NestedActionAwareBuildControllerAdapter.getModel(NestedActionAwareBuildControllerAdapter.java:32)
	at org.netbeans.modules.gradle.tooling.internal.NbProjectInfoAction.execute(NbProjectInfoAction.java:33)
	at org.netbeans.modules.gradle.tooling.internal.NbProjectInfoAction.execute(NbProjectInfoAction.java:29)
	at org.gradle.tooling.internal.consumer.connection.InternalBuildActionAdapter.execute(InternalBuildActionAdapter.java:66)
	at org.gradle.tooling.internal.provider.runner.AbstractClientProvidedBuildActionRunner$ActionAdapter.executeAction(AbstractClientProvidedBuildActionRunner.java:108)
	at org.gradle.tooling.internal.provider.runner.AbstractClientProvidedBuildActionRunner$ActionAdapter.runAction(AbstractClientProvidedBuildActionRunner.java:96)
	at org.gradle.tooling.internal.provider.runner.AbstractClientProvidedBuildActionRunner$ActionAdapter.fromBuildModel(AbstractClientProvidedBuildActionRunner.java:85)
	at org.gradle.tooling.internal.provider.runner.AbstractClientProvidedBuildActionRunner$ActionAdapter.fromBuildModel(AbstractClientProvidedBuildActionRunner.java:68)
	at org.gradle.internal.buildtree.DefaultBuildTreeModelCreator.fromBuildModel(DefaultBuildTreeModelCreator.java:66)
	at org.gradle.internal.cc.impl.barrier.BarrierAwareBuildTreeModelCreator.fromBuildModel$lambda$0(BarrierAwareBuildTreeModelCreator.kt:36)
	at org.gradle.internal.cc.impl.barrier.VintageConfigurationTimeActionRunner.runConfigurationTimeAction(VintageConfigurationTimeActionRunner.kt:48)
	at org.gradle.internal.cc.impl.barrier.BarrierAwareBuildTreeModelCreator.fromBuildModel(BarrierAwareBuildTreeModelCreator.kt:35)
	at org.gradle.internal.buildtree.DefaultBuildTreeLifecycleController.lambda$fromBuildModel$2(DefaultBuildTreeLifecycleController.java:90)
	at org.gradle.internal.buildtree.DefaultBuildTreeLifecycleController.lambda$runBuild$4(DefaultBuildTreeLifecycleController.java:120)
	at org.gradle.internal.model.StateTransitionController.lambda$transition$6(StateTransitionController.java:179)
	at org.gradle.internal.model.StateTransitionController.doTransition(StateTransitionController.java:276)
	at org.gradle.internal.model.StateTransitionController.lambda$transition$7(StateTransitionController.java:179)
	at org.gradle.internal.work.DefaultSynchronizer.withLock(DefaultSynchronizer.java:45)
	at org.gradle.internal.model.StateTransitionController.transition(StateTransitionController.java:179)
	at org.gradle.internal.buildtree.DefaultBuildTreeLifecycleController.runBuild(DefaultBuildTreeLifecycleController.java:117)
	at org.gradle.internal.buildtree.DefaultBuildTreeLifecycleController.fromBuildModel(DefaultBuildTreeLifecycleController.java:82)
	at org.gradle.tooling.internal.provider.runner.AbstractClientProvidedBuildActionRunner.runClientAction(AbstractClientProvidedBuildActionRunner.java:42)
	at org.gradle.tooling.internal.provider.runner.ClientProvidedBuildActionRunner.run(ClientProvidedBuildActionRunner.java:47)
	at org.gradle.launcher.exec.ChainingBuildActionRunner.run(ChainingBuildActionRunner.java:35)
	at org.gradle.internal.buildtree.ProblemReportingBuildActionRunner.run(ProblemReportingBuildActionRunner.java:54)
	at org.gradle.launcher.exec.BuildOutcomeReportingBuildActionRunner.run(BuildOutcomeReportingBuildActionRunner.java:83)
	at org.gradle.tooling.internal.provider.FileSystemWatchingBuildActionRunner.run(FileSystemWatchingBuildActionRunner.java:135)
	at org.gradle.launcher.exec.BuildCompletionNotifyingBuildActionRunner.run(BuildCompletionNotifyingBuildActionRunner.java:54)
	at org.gradle.launcher.exec.RootBuildLifecycleBuildActionExecutor.lambda$execute$0(RootBuildLifecycleBuildActionExecutor.java:101)
	at org.gradle.composite.internal.DefaultRootBuildState.run(DefaultRootBuildState.java:126)
	at org.gradle.launcher.exec.RootBuildLifecycleBuildActionExecutor.execute(RootBuildLifecycleBuildActionExecutor.java:101)
	at org.gradle.launcher.exec.BuildTreeLifecycleBuildActionExecutor.runRootBuildAction(BuildTreeLifecycleBuildActionExecutor.java:98)
	at org.gradle.launcher.exec.BuildTreeLifecycleBuildActionExecutor.execute(BuildTreeLifecycleBuildActionExecutor.java:69)
	at org.gradle.launcher.exec.RunAsBuildOperationBuildActionExecutor$2.call(RunAsBuildOperationBuildActionExecutor.java:65)
	at org.gradle.launcher.exec.RunAsBuildOperationBuildActionExecutor$2.call(RunAsBuildOperationBuildActionExecutor.java:61)
	at org.gradle.internal.operations.DefaultBuildOperationRunner$CallableBuildOperationWorker.execute(DefaultBuildOperationRunner.java:209)
	at org.gradle.internal.operations.DefaultBuildOperationRunner$CallableBuildOperationWorker.execute(DefaultBuildOperationRunner.java:204)
	at org.gradle.internal.operations.DefaultBuildOperationRunner$2.execute(DefaultBuildOperationRunner.java:66)
	at org.gradle.internal.operations.DefaultBuildOperationRunner$2.execute(DefaultBuildOperationRunner.java:59)
	at org.gradle.internal.operations.DefaultBuildOperationRunner.execute(DefaultBuildOperationRunner.java:166)
	at org.gradle.internal.operations.DefaultBuildOperationRunner.execute(DefaultBuildOperationRunner.java:59)
	at org.gradle.internal.operations.DefaultBuildOperationRunner.call(DefaultBuildOperationRunner.java:53)
	at org.gradle.launcher.exec.RunAsBuildOperationBuildActionExecutor.execute(RunAsBuildOperationBuildActionExecutor.java:61)
	at org.gradle.launcher.exec.RunAsWorkerThreadBuildActionExecutor.lambda$execute$0(RunAsWorkerThreadBuildActionExecutor.java:36)
	at org.gradle.internal.work.DefaultWorkerLeaseService.lambda$withLocksAcquired$0(DefaultWorkerLeaseService.java:269)
	at org.gradle.internal.work.ResourceLockStatistics$1.measure(ResourceLockStatistics.java:42)
	at org.gradle.internal.work.DefaultWorkerLeaseService.withLocksAcquired(DefaultWorkerLeaseService.java:267)
	at org.gradle.internal.work.DefaultWorkerLeaseService.withLocks(DefaultWorkerLeaseService.java:259)
	at org.gradle.internal.work.DefaultWorkerLeaseService.runAsWorkerThread(DefaultWorkerLeaseService.java:127)
	at org.gradle.launcher.exec.RunAsWorkerThreadBuildActionExecutor.execute(RunAsWorkerThreadBuildActionExecutor.java:36)
	at org.gradle.tooling.internal.provider.continuous.ContinuousBuildActionExecutor.execute(ContinuousBuildActionExecutor.java:110)
	at org.gradle.tooling.internal.provider.SubscribableBuildActionExecutor.execute(SubscribableBuildActionExecutor.java:64)
	at org.gradle.internal.session.DefaultBuildSessionContext.execute(DefaultBuildSessionContext.java:46)
	at org.gradle.internal.buildprocess.execution.BuildSessionLifecycleBuildActionExecutor$ActionImpl.apply(BuildSessionLifecycleBuildActionExecutor.java:106)
	at org.gradle.internal.buildprocess.execution.BuildSessionLifecycleBuildActionExecutor$ActionImpl.apply(BuildSessionLifecycleBuildActionExecutor.java:94)
	at org.gradle.internal.session.BuildSessionState.run(BuildSessionState.java:73)
	at org.gradle.internal.buildprocess.execution.BuildSessionLifecycleBuildActionExecutor.execute(BuildSessionLifecycleBuildActionExecutor.java:67)
	at org.gradle.internal.buildprocess.execution.BuildSessionLifecycleBuildActionExecutor.execute(BuildSessionLifecycleBuildActionExecutor.java:45)
	at org.gradle.internal.buildprocess.execution.StartParamsValidatingActionExecutor.execute(StartParamsValidatingActionExecutor.java:57)
	at org.gradle.internal.buildprocess.execution.StartParamsValidatingActionExecutor.execute(StartParamsValidatingActionExecutor.java:32)
	at org.gradle.internal.buildprocess.execution.SessionFailureReportingActionExecutor.execute(SessionFailureReportingActionExecutor.java:51)
	at org.gradle.internal.buildprocess.execution.SessionFailureReportingActionExecutor.execute(SessionFailureReportingActionExecutor.java:39)
	at org.gradle.internal.buildprocess.execution.SetupLoggingActionExecutor.execute(SetupLoggingActionExecutor.java:47)
	at org.gradle.internal.buildprocess.execution.SetupLoggingActionExecutor.execute(SetupLoggingActionExecutor.java:31)
	at org.gradle.launcher.daemon.server.exec.ExecuteBuild.doBuild(ExecuteBuild.java:70)
	at org.gradle.launcher.daemon.server.exec.BuildCommandOnly.execute(BuildCommandOnly.java:37)
	at org.gradle.launcher.daemon.server.api.DaemonCommandExecution.proceed(DaemonCommandExecution.java:104)
	at org.gradle.launcher.daemon.server.exec.WatchForDisconnection.execute(WatchForDisconnection.java:39)
	at org.gradle.launcher.daemon.server.api.DaemonCommandExecution.proceed(DaemonCommandExecution.java:104)
	at org.gradle.launcher.daemon.server.exec.ResetDeprecationLogger.execute(ResetDeprecationLogger.java:29)
	at org.gradle.launcher.daemon.server.api.DaemonCommandExecution.proceed(DaemonCommandExecution.java:104)
	at org.gradle.launcher.daemon.server.exec.RequestStopIfSingleUsedDaemon.execute(RequestStopIfSingleUsedDaemon.java:35)
	at org.gradle.launcher.daemon.server.api.DaemonCommandExecution.proceed(DaemonCommandExecution.java:104)
	at org.gradle.launcher.daemon.server.exec.ForwardClientInput.lambda$execute$0(ForwardClientInput.java:40)
	at org.gradle.internal.daemon.clientinput.ClientInputForwarder.forwardInput(ClientInputForwarder.java:80)
	at org.gradle.launcher.daemon.server.exec.ForwardClientInput.execute(ForwardClientInput.java:37)
	at org.gradle.launcher.daemon.server.api.DaemonCommandExecution.proceed(DaemonCommandExecution.java:104)
	at org.gradle.launcher.daemon.server.exec.LogAndCheckHealth.execute(LogAndCheckHealth.java:64)
	at org.gradle.launcher.daemon.server.api.DaemonCommandExecution.proceed(DaemonCommandExecution.java:104)
	at org.gradle.launcher.daemon.server.exec.LogToClient.doBuild(LogToClient.java:63)
	at org.gradle.launcher.daemon.server.exec.BuildCommandOnly.execute(BuildCommandOnly.java:37)
	at org.gradle.launcher.daemon.server.api.DaemonCommandExecution.proceed(DaemonCommandExecution.java:104)
	at org.gradle.launcher.daemon.server.exec.EstablishBuildEnvironment.doBuild(EstablishBuildEnvironment.java:84)
	at org.gradle.launcher.daemon.server.exec.BuildCommandOnly.execute(BuildCommandOnly.java:37)
	at org.gradle.launcher.daemon.server.api.DaemonCommandExecution.proceed(DaemonCommandExecution.java:104)
	at org.gradle.launcher.daemon.server.exec.StartBuildOrRespondWithBusy$1.run(StartBuildOrRespondWithBusy.java:52)
	at org.gradle.launcher.daemon.server.DaemonStateCoordinator.lambda$runCommand$0(DaemonStateCoordinator.java:321)
	at org.gradle.internal.concurrent.ExecutorPolicy$CatchAndRecordFailures.onExecute(ExecutorPolicy.java:64)
	at org.gradle.internal.concurrent.AbstractManagedExecutor$1.run(AbstractManagedExecutor.java:47)
Caused by: org.gradle.internal.metaobject.AbstractDynamicObject$CustomMessageMissingMethodException: Could not find method jcenter() for arguments [] on repository container of type org.gradle.api.internal.artifacts.dsl.DefaultRepositoryHandler.
	at org.gradle.internal.metaobject.AbstractDynamicObject$CustomMissingMethodExecutionFailed.<init>(AbstractDynamicObject.java:195)
	at org.gradle.internal.metaobject.AbstractDynamicObject.methodMissingException(AbstractDynamicObject.java:189)
	at org.gradle.internal.metaobject.ConfigureDelegate.invokeMethod(ConfigureDelegate.java:84)
	at build_e04deog7zserb4nfugufjzswz$_run_closure1$_closure2.doCall$original(/home/kairav/dev/lazycmake/build_directory2/_deps/fmt-src/support/build.gradle:7)
	at build_e04deog7zserb4nfugufjzswz$_run_closure1$_closure2.doCall(/home/kairav/dev/lazycmake/build_directory2/_deps/fmt-src/support/build.gradle)
	at org.gradle.util.internal.ClosureBackedAction.execute(ClosureBackedAction.java:73)
	at org.gradle.util.internal.ConfigureUtil.configureTarget(ConfigureUtil.java:166)
	at org.gradle.util.internal.ConfigureUtil.configureSelf(ConfigureUtil.java:142)
	at org.gradle.api.internal.artifacts.DefaultArtifactRepositoryContainer.configure(DefaultArtifactRepositoryContainer.java:65)
	at org.gradle.api.internal.artifacts.DefaultArtifactRepositoryContainer.configure(DefaultArtifactRepositoryContainer.java:35)
	at org.gradle.util.internal.ConfigureUtil.configure(ConfigureUtil.java:105)
	at org.gradle.api.internal.initialization.DefaultScriptHandler.repositories(DefaultScriptHandler.java:137)
	at org.gradle.internal.metaobject.BeanDynamicObject$MetaClassAdapter.invokeMethod(BeanDynamicObject.java:583)
	at org.gradle.internal.metaobject.BeanDynamicObject.tryInvokeMethod(BeanDynamicObject.java:225)
	at org.gradle.internal.metaobject.ConfigureDelegate.invokeMethod(ConfigureDelegate.java:65)
	at build_e04deog7zserb4nfugufjzswz$_run_closure1.doCall$original(/home/kairav/dev/lazycmake/build_directory2/_deps/fmt-src/support/build.gradle:5)
	at build_e04deog7zserb4nfugufjzswz$_run_closure1.doCall(/home/kairav/dev/lazycmake/build_directory2/_deps/fmt-src/support/build.gradle)
	at org.gradle.util.internal.ClosureBackedAction.execute(ClosureBackedAction.java:73)
	at org.gradle.util.internal.ConfigureUtil.configureTarget(ConfigureUtil.java:166)
	at org.gradle.util.internal.ConfigureUtil.configure(ConfigureUtil.java:107)
	at org.gradle.api.internal.project.DefaultProject.buildscript(DefaultProject.java:1292)
	at org.gradle.api.internal.project.ProjectScript.buildscript(ProjectScript.java:47)
	at build_e04deog7zserb4nfugufjzswz.run(/home/kairav/dev/lazycmake/build_directory2/_deps/fmt-src/support/build.gradle:4)
	at org.gradle.groovy.scripts.internal.DefaultScriptRunnerFactory$ScriptRunnerImpl.run(DefaultScriptRunnerFactory.java:91)
	... 192 more
INFO [org.netbeans.modules.gradle.execute.GradleDistributionProviderImpl]: Cannot evaulate Gradle Wrapper
java.io.FileNotFoundException: Gradle Wrapper properties not found at: /home/kairav/dev/byld/main_game/external/imgui/examples/example_android_opengl3/android/gradle/wrapper/gradle-wrapper.properties
	at org.netbeans.modules.gradle.api.execute.GradleDistributionManager.getWrapperDistributionURI(GradleDistributionManager.java:262)
	at org.netbeans.modules.gradle.api.execute.GradleDistributionManager.distributionFromWrapper(GradleDistributionManager.java:220)
[catch] at org.netbeans.modules.gradle.execute.GradleDistributionProviderImpl.getGradleDistribution(GradleDistributionProviderImpl.java:103)
	at org.netbeans.modules.gradle.api.execute.RunUtils.getCompatibleGradleDistribution(RunUtils.java:319)
	at org.netbeans.modules.gradle.loaders.LegacyProjectLoader.loadGradleProject(LegacyProjectLoader.java:148)
	at org.netbeans.modules.gradle.loaders.LegacyProjectLoader$ProjectLoaderTask.call(LegacyProjectLoader.java:692)
	at org.netbeans.modules.gradle.loaders.LegacyProjectLoader$ProjectLoaderTask.call(LegacyProjectLoader.java:661)
	at java.base/java.util.concurrent.FutureTask.run(FutureTask.java:317)
	at org.openide.util.RequestProcessor$Task.run(RequestProcessor.java:1403)
	at org.netbeans.modules.openide.util.GlobalLookup.execute(GlobalLookup.java:45)
	at org.openide.util.lookup.Lookups.executeWith(Lookups.java:287)
	at org.openide.util.RequestProcessor$Processor.run(RequestProcessor.java:2012)
INFO [org.netbeans.modules.gradle.execute.GradleDistributionProviderImpl]: Gradle Distribution for Gradle: android[FALLBACK] is GradleDistribution{gradleUserHome=/home/kairav/.gradle, distributionDir=/home/kairav/.gradle/wrapper/dists/gradle-9.3.0-bin/79n14ral3mx1ozqr3csh2u872/gradle-9.3.0, distributionURI=https://services.gradle.org/distributions/gradle-9.3.0-bin.zip, version=Gradle 9.3.0}
WARNING [org.netbeans.modules.gradle.loaders.LegacyProjectLoader]: Loading of script /home/kairav/dev/byld/main_game/external/imgui/examples/example_android_opengl3/android/build.gradle threw an exception {2}
INFO [org.netbeans.modules.gradle.loaders.LegacyProjectLoader]: Stacktrace from gradle daemon:
org.gradle.api.ProjectConfigurationException: A problem occurred configuring project ':app'.
	at org.gradle.configuration.project.LifecycleProjectEvaluator.wrapException(LifecycleProjectEvaluator.java:84)
	at org.gradle.configuration.project.LifecycleProjectEvaluator.addConfigurationFailure(LifecycleProjectEvaluator.java:77)
	at org.gradle.configuration.project.LifecycleProjectEvaluator.access$500(LifecycleProjectEvaluator.java:55)
	at org.gradle.configuration.project.LifecycleProjectEvaluator$NotifyAfterEvaluate.run(LifecycleProjectEvaluator.java:255)
	at org.gradle.internal.operations.DefaultBuildOperationRunner$1.execute(DefaultBuildOperationRunner.java:29)
	at org.gradle.internal.operations.DefaultBuildOperationRunner$1.execute(DefaultBuildOperationRunner.java:26)
	at org.gradle.internal.operations.DefaultBuildOperationRunner$2.execute(DefaultBuildOperationRunner.java:66)
	at org.gradle.internal.operations.DefaultBuildOperationRunner$2.execute(DefaultBuildOperationRunner.java:59)
	at org.gradle.internal.operations.DefaultBuildOperationRunner.execute(DefaultBuildOperationRunner.java:166)
	at org.gradle.internal.operations.DefaultBuildOperationRunner.execute(DefaultBuildOperationRunner.java:59)
	at org.gradle.internal.operations.DefaultBuildOperationRunner.run(DefaultBuildOperationRunner.java:47)
	at org.gradle.configuration.project.LifecycleProjectEvaluator$EvaluateProject.lambda$run$0(LifecycleProjectEvaluator.java:114)
	at org.gradle.api.internal.project.DefaultProjectStateRegistry$ProjectStateImpl.lambda$applyToMutableState$0(DefaultProjectStateRegistry.java:443)
	at org.gradle.api.internal.project.DefaultProjectStateRegistry$ProjectStateImpl.lambda$fromMutableState$1(DefaultProjectStateRegistry.java:450)
	at org.gradle.internal.work.DefaultWorkerLeaseService.lambda$withLocksAcquired$0(DefaultWorkerLeaseService.java:269)
	at org.gradle.internal.work.ResourceLockStatistics$1.measure(ResourceLockStatistics.java:42)
	at org.gradle.internal.work.DefaultWorkerLeaseService.withLocksAcquired(DefaultWorkerLeaseService.java:267)
	at org.gradle.internal.work.DefaultWorkerLeaseService.lambda$withReplacedLocks$3(DefaultWorkerLeaseService.java:365)
	at org.gradle.internal.work.DefaultWorkerLeaseService.withoutLocks(DefaultWorkerLeaseService.java:337)
	at org.gradle.internal.work.DefaultWorkerLeaseService.withReplacedLocks(DefaultWorkerLeaseService.java:364)
	at org.gradle.api.internal.project.DefaultProjectStateRegistry$ProjectStateImpl.runWithModelLock(DefaultProjectStateRegistry.java:471)
	at org.gradle.api.internal.project.DefaultProjectStateRegistry$ProjectStateImpl.fromMutableState(DefaultProjectStateRegistry.java:450)
	at org.gradle.api.internal.project.DefaultProjectStateRegistry$ProjectStateImpl.applyToMutableState(DefaultProjectStateRegistry.java:442)
	at org.gradle.configuration.project.LifecycleProjectEvaluator$EvaluateProject.run(LifecycleProjectEvaluator.java:100)
	at org.gradle.internal.operations.DefaultBuildOperationRunner$1.execute(DefaultBuildOperationRunner.java:29)
	at org.gradle.internal.operations.DefaultBuildOperationRunner$1.execute(DefaultBuildOperationRunner.java:26)
	at org.gradle.internal.operations.DefaultBuildOperationRunner$2.execute(DefaultBuildOperationRunner.java:66)
	at org.gradle.internal.operations.DefaultBuildOperationRunner$2.execute(DefaultBuildOperationRunner.java:59)
	at org.gradle.internal.operations.DefaultBuildOperationRunner.execute(DefaultBuildOperationRunner.java:166)
	at org.gradle.internal.operations.DefaultBuildOperationRunner.execute(DefaultBuildOperationRunner.java:59)
	at org.gradle.internal.operations.DefaultBuildOperationRunner.run(DefaultBuildOperationRunner.java:47)
	at org.gradle.configuration.project.LifecycleProjectEvaluator.evaluate(LifecycleProjectEvaluator.java:72)
	at org.gradle.api.internal.project.DefaultProject.evaluateUnchecked(DefaultProject.java:796)
	at org.gradle.api.internal.project.ProjectLifecycleController.lambda$ensureSelfConfigured$2(ProjectLifecycleController.java:93)
	at org.gradle.internal.model.StateTransitionController.lambda$doTransition$14(StateTransitionController.java:265)
	at org.gradle.internal.model.StateTransitionController.doTransition(StateTransitionController.java:276)
	at org.gradle.internal.model.StateTransitionController.doTransition(StateTransitionController.java:264)
	at org.gradle.internal.model.StateTransitionController.lambda$maybeTransitionIfNotCurrentlyTransitioning$10(StateTransitionController.java:209)
	at org.gradle.internal.work.DefaultSynchronizer.withLock(DefaultSynchronizer.java:35)
	at org.gradle.internal.model.StateTransitionController.maybeTransitionIfNotCurrentlyTransitioning(StateTransitionController.java:205)
	at org.gradle.api.internal.project.ProjectLifecycleController.ensureSelfConfigured(ProjectLifecycleController.java:93)
	at org.gradle.api.internal.project.DefaultProjectStateRegistry$ProjectStateImpl.ensureConfigured(DefaultProjectStateRegistry.java:408)
	at org.gradle.execution.TaskPathProjectEvaluator.configure(TaskPathProjectEvaluator.java:71)
	at org.gradle.execution.TaskPathProjectEvaluator.configureHierarchy(TaskPathProjectEvaluator.java:87)
	at org.gradle.configuration.DefaultProjectsPreparer.prepareProjects(DefaultProjectsPreparer.java:50)
	at org.gradle.configuration.BuildTreePreparingProjectsPreparer.prepareProjects(BuildTreePreparingProjectsPreparer.java:65)
	at org.gradle.configuration.BuildOperationFiringProjectsPreparer$ConfigureBuild.run(BuildOperationFiringProjectsPreparer.java:52)
	at org.gradle.internal.operations.DefaultBuildOperationRunner$1.execute(DefaultBuildOperationRunner.java:29)
	at org.gradle.internal.operations.DefaultBuildOperationRunner$1.execute(DefaultBuildOperationRunner.java:26)
	at org.gradle.internal.operations.DefaultBuildOperationRunner$2.execute(DefaultBuildOperationRunner.java:66)
	at org.gradle.internal.operations.DefaultBuildOperationRunner$2.execute(DefaultBuildOperationRunner.java:59)
	at org.gradle.internal.operations.DefaultBuildOperationRunner.execute(DefaultBuildOperationRunner.java:166)
	at org.gradle.internal.operations.DefaultBuildOperationRunner.execute(DefaultBuildOperationRunner.java:59)
	at org.gradle.internal.operations.DefaultBuildOperationRunner.run(DefaultBuildOperationRunner.java:47)
	at org.gradle.configuration.BuildOperationFiringProjectsPreparer.prepareProjects(BuildOperationFiringProjectsPreparer.java:40)
	at org.gradle.initialization.VintageBuildModelController.lambda$prepareProjects$2(VintageBuildModelController.java:83)
	at org.gradle.internal.model.StateTransitionController.lambda$doTransition$14(StateTransitionController.java:265)
	at org.gradle.internal.model.StateTransitionController.doTransition(StateTransitionController.java:276)
	at org.gradle.internal.model.StateTransitionController.doTransition(StateTransitionController.java:264)
	at org.gradle.internal.model.StateTransitionController.lambda$transitionIfNotPreviously$11(StateTransitionController.java:223)
	at org.gradle.internal.work.DefaultSynchronizer.withLock(DefaultSynchronizer.java:35)
	at org.gradle.internal.model.StateTransitionController.transitionIfNotPreviously(StateTransitionController.java:219)
	at org.gradle.initialization.VintageBuildModelController.prepareProjects(VintageBuildModelController.java:83)
	at org.gradle.initialization.VintageBuildModelController.getConfiguredModel(VintageBuildModelController.java:63)
	at org.gradle.internal.build.DefaultBuildLifecycleController.lambda$withProjectsConfigured$1(DefaultBuildLifecycleController.java:133)
	at org.gradle.internal.model.StateTransitionController.lambda$notInState$3(StateTransitionController.java:142)
	at org.gradle.internal.work.DefaultSynchronizer.withLock(DefaultSynchronizer.java:45)
	at org.gradle.internal.model.StateTransitionController.notInState(StateTransitionController.java:138)
	at org.gradle.internal.build.DefaultBuildLifecycleController.withProjectsConfigured(DefaultBuildLifecycleController.java:133)
	at org.gradle.internal.build.DefaultBuildToolingModelController.locateBuilderForTarget(DefaultBuildToolingModelController.java:59)
	at org.gradle.internal.buildtree.DefaultBuildTreeModelCreator$DefaultBuildTreeModelController.lambda$locateBuilderForBuildTarget$0(DefaultBuildTreeModelCreator.java:146)
	at org.gradle.internal.build.DefaultBuildLifecycleController.withToolingModels(DefaultBuildLifecycleController.java:327)
	at org.gradle.internal.build.AbstractBuildState.withToolingModels(AbstractBuildState.java:169)
	at org.gradle.internal.buildtree.DefaultBuildTreeModelCreator$DefaultBuildTreeModelController.locateBuilderForBuildTarget(DefaultBuildTreeModelCreator.java:146)
	at org.gradle.internal.buildtree.DefaultBuildTreeModelCreator$DefaultBuildTreeModelController.locateBuilderForDefaultTarget(DefaultBuildTreeModelCreator.java:131)
	at org.gradle.internal.buildtree.DefaultBuildTreeModelCreator$DefaultBuildTreeModelController.locateBuilderForTarget(DefaultBuildTreeModelCreator.java:120)
	at org.gradle.internal.buildtree.DefaultBuildTreeModelCreator$DefaultBuildTreeModelController.access$200(DefaultBuildTreeModelCreator.java:69)
	at org.gradle.internal.buildtree.DefaultBuildTreeModelCreator$DefaultBuildTreeModelController$1.call(DefaultBuildTreeModelCreator.java:84)
	at org.gradle.internal.operations.DefaultBuildOperationRunner$CallableBuildOperationWorker.execute(DefaultBuildOperationRunner.java:209)
	at org.gradle.internal.operations.DefaultBuildOperationRunner$CallableBuildOperationWorker.execute(DefaultBuildOperationRunner.java:204)
	at org.gradle.internal.operations.DefaultBuildOperationRunner$2.execute(DefaultBuildOperationRunner.java:66)
	at org.gradle.internal.operations.DefaultBuildOperationRunner$2.execute(DefaultBuildOperationRunner.java:59)
	at org.gradle.internal.operations.DefaultBuildOperationRunner.execute(DefaultBuildOperationRunner.java:166)
	at org.gradle.internal.operations.DefaultBuildOperationRunner.execute(DefaultBuildOperationRunner.java:59)
	at org.gradle.internal.operations.DefaultBuildOperationRunner.call(DefaultBuildOperationRunner.java:53)
	at org.gradle.internal.buildtree.DefaultBuildTreeModelCreator$DefaultBuildTreeModelController.getModel(DefaultBuildTreeModelCreator.java:80)
	at org.gradle.tooling.internal.provider.runner.DefaultBuildController.doGetModel(DefaultBuildController.java:126)
	at org.gradle.tooling.internal.provider.runner.DefaultBuildController.getModel(DefaultBuildController.java:113)
	at org.gradle.tooling.internal.consumer.connection.ParameterAwareBuildControllerAdapter.getModel(ParameterAwareBuildControllerAdapter.java:40)
	at org.gradle.tooling.internal.consumer.connection.UnparameterizedBuildController.getModel(UnparameterizedBuildController.java:119)
	at org.gradle.tooling.internal.consumer.connection.NestedActionAwareBuildControllerAdapter.getModel(NestedActionAwareBuildControllerAdapter.java:32)
	at org.gradle.tooling.internal.consumer.connection.UnparameterizedBuildController.getModel(UnparameterizedBuildController.java:83)
	at org.gradle.tooling.internal.consumer.connection.NestedActionAwareBuildControllerAdapter.getModel(NestedActionAwareBuildControllerAdapter.java:32)
	at org.gradle.tooling.internal.consumer.connection.UnparameterizedBuildController.getModel(UnparameterizedBuildController.java:68)
	at org.gradle.tooling.internal.consumer.connection.NestedActionAwareBuildControllerAdapter.getModel(NestedActionAwareBuildControllerAdapter.java:32)
	at org.netbeans.modules.gradle.tooling.internal.NbProjectInfoAction.execute(NbProjectInfoAction.java:33)
	at org.netbeans.modules.gradle.tooling.internal.NbProjectInfoAction.execute(NbProjectInfoAction.java:29)
	at org.gradle.tooling.internal.consumer.connection.InternalBuildActionAdapter.execute(InternalBuildActionAdapter.java:66)
	at org.gradle.tooling.internal.provider.runner.AbstractClientProvidedBuildActionRunner$ActionAdapter.executeAction(AbstractClientProvidedBuildActionRunner.java:108)
	at org.gradle.tooling.internal.provider.runner.AbstractClientProvidedBuildActionRunner$ActionAdapter.runAction(AbstractClientProvidedBuildActionRunner.java:96)
	at org.gradle.tooling.internal.provider.runner.AbstractClientProvidedBuildActionRunner$ActionAdapter.fromBuildModel(AbstractClientProvidedBuildActionRunner.java:85)
	at org.gradle.tooling.internal.provider.runner.AbstractClientProvidedBuildActionRunner$ActionAdapter.fromBuildModel(AbstractClientProvidedBuildActionRunner.java:68)
	at org.gradle.internal.buildtree.DefaultBuildTreeModelCreator.fromBuildModel(DefaultBuildTreeModelCreator.java:66)
	at org.gradle.internal.cc.impl.barrier.BarrierAwareBuildTreeModelCreator.fromBuildModel$lambda$0(BarrierAwareBuildTreeModelCreator.kt:36)
	at org.gradle.internal.cc.impl.barrier.VintageConfigurationTimeActionRunner.runConfigurationTimeAction(VintageConfigurationTimeActionRunner.kt:48)
	at org.gradle.internal.cc.impl.barrier.BarrierAwareBuildTreeModelCreator.fromBuildModel(BarrierAwareBuildTreeModelCreator.kt:35)
	at org.gradle.internal.buildtree.DefaultBuildTreeLifecycleController.lambda$fromBuildModel$2(DefaultBuildTreeLifecycleController.java:90)
	at org.gradle.internal.buildtree.DefaultBuildTreeLifecycleController.lambda$runBuild$4(DefaultBuildTreeLifecycleController.java:120)
	at org.gradle.internal.model.StateTransitionController.lambda$transition$6(StateTransitionController.java:179)
	at org.gradle.internal.model.StateTransitionController.doTransition(StateTransitionController.java:276)
	at org.gradle.internal.model.StateTransitionController.lambda$transition$7(StateTransitionController.java:179)
	at org.gradle.internal.work.DefaultSynchronizer.withLock(DefaultSynchronizer.java:45)
	at org.gradle.internal.model.StateTransitionController.transition(StateTransitionController.java:179)
	at org.gradle.internal.buildtree.DefaultBuildTreeLifecycleController.runBuild(DefaultBuildTreeLifecycleController.java:117)
	at org.gradle.internal.buildtree.DefaultBuildTreeLifecycleController.fromBuildModel(DefaultBuildTreeLifecycleController.java:82)
	at org.gradle.tooling.internal.provider.runner.AbstractClientProvidedBuildActionRunner.runClientAction(AbstractClientProvidedBuildActionRunner.java:42)
	at org.gradle.tooling.internal.provider.runner.ClientProvidedBuildActionRunner.run(ClientProvidedBuildActionRunner.java:47)
	at org.gradle.launcher.exec.ChainingBuildActionRunner.run(ChainingBuildActionRunner.java:35)
	at org.gradle.internal.buildtree.ProblemReportingBuildActionRunner.run(ProblemReportingBuildActionRunner.java:54)
	at org.gradle.launcher.exec.BuildOutcomeReportingBuildActionRunner.run(BuildOutcomeReportingBuildActionRunner.java:83)
	at org.gradle.tooling.internal.provider.FileSystemWatchingBuildActionRunner.run(FileSystemWatchingBuildActionRunner.java:135)
	at org.gradle.launcher.exec.BuildCompletionNotifyingBuildActionRunner.run(BuildCompletionNotifyingBuildActionRunner.java:54)
	at org.gradle.launcher.exec.RootBuildLifecycleBuildActionExecutor.lambda$execute$0(RootBuildLifecycleBuildActionExecutor.java:101)
	at org.gradle.composite.internal.DefaultRootBuildState.run(DefaultRootBuildState.java:126)
	at org.gradle.launcher.exec.RootBuildLifecycleBuildActionExecutor.execute(RootBuildLifecycleBuildActionExecutor.java:101)
	at org.gradle.launcher.exec.BuildTreeLifecycleBuildActionExecutor.runRootBuildAction(BuildTreeLifecycleBuildActionExecutor.java:98)
	at org.gradle.launcher.exec.BuildTreeLifecycleBuildActionExecutor.execute(BuildTreeLifecycleBuildActionExecutor.java:69)
	at org.gradle.launcher.exec.RunAsBuildOperationBuildActionExecutor$2.call(RunAsBuildOperationBuildActionExecutor.java:65)
	at org.gradle.launcher.exec.RunAsBuildOperationBuildActionExecutor$2.call(RunAsBuildOperationBuildActionExecutor.java:61)
	at org.gradle.internal.operations.DefaultBuildOperationRunner$CallableBuildOperationWorker.execute(DefaultBuildOperationRunner.java:209)
	at org.gradle.internal.operations.DefaultBuildOperationRunner$CallableBuildOperationWorker.execute(DefaultBuildOperationRunner.java:204)
	at org.gradle.internal.operations.DefaultBuildOperationRunner$2.execute(DefaultBuildOperationRunner.java:66)
	at org.gradle.internal.operations.DefaultBuildOperationRunner$2.execute(DefaultBuildOperationRunner.java:59)
	at org.gradle.internal.operations.DefaultBuildOperationRunner.execute(DefaultBuildOperationRunner.java:166)
	at org.gradle.internal.operations.DefaultBuildOperationRunner.execute(DefaultBuildOperationRunner.java:59)
	at org.gradle.internal.operations.DefaultBuildOperationRunner.call(DefaultBuildOperationRunner.java:53)
	at org.gradle.launcher.exec.RunAsBuildOperationBuildActionExecutor.execute(RunAsBuildOperationBuildActionExecutor.java:61)
	at org.gradle.launcher.exec.RunAsWorkerThreadBuildActionExecutor.lambda$execute$0(RunAsWorkerThreadBuildActionExecutor.java:36)
	at org.gradle.internal.work.DefaultWorkerLeaseService.lambda$withLocksAcquired$0(DefaultWorkerLeaseService.java:269)
	at org.gradle.internal.work.ResourceLockStatistics$1.measure(ResourceLockStatistics.java:42)
	at org.gradle.internal.work.DefaultWorkerLeaseService.withLocksAcquired(DefaultWorkerLeaseService.java:267)
	at org.gradle.internal.work.DefaultWorkerLeaseService.withLocks(DefaultWorkerLeaseService.java:259)
	at org.gradle.internal.work.DefaultWorkerLeaseService.runAsWorkerThread(DefaultWorkerLeaseService.java:127)
	at org.gradle.launcher.exec.RunAsWorkerThreadBuildActionExecutor.execute(RunAsWorkerThreadBuildActionExecutor.java:36)
	at org.gradle.tooling.internal.provider.continuous.ContinuousBuildActionExecutor.execute(ContinuousBuildActionExecutor.java:110)
	at org.gradle.tooling.internal.provider.SubscribableBuildActionExecutor.execute(SubscribableBuildActionExecutor.java:64)
	at org.gradle.internal.session.DefaultBuildSessionContext.execute(DefaultBuildSessionContext.java:46)
	at org.gradle.internal.buildprocess.execution.BuildSessionLifecycleBuildActionExecutor$ActionImpl.apply(BuildSessionLifecycleBuildActionExecutor.java:106)
	at org.gradle.internal.buildprocess.execution.BuildSessionLifecycleBuildActionExecutor$ActionImpl.apply(BuildSessionLifecycleBuildActionExecutor.java:94)
	at org.gradle.internal.session.BuildSessionState.run(BuildSessionState.java:73)
	at org.gradle.internal.buildprocess.execution.BuildSessionLifecycleBuildActionExecutor.execute(BuildSessionLifecycleBuildActionExecutor.java:67)
	at org.gradle.internal.buildprocess.execution.BuildSessionLifecycleBuildActionExecutor.execute(BuildSessionLifecycleBuildActionExecutor.java:45)
	at org.gradle.internal.buildprocess.execution.StartParamsValidatingActionExecutor.execute(StartParamsValidatingActionExecutor.java:57)
	at org.gradle.internal.buildprocess.execution.StartParamsValidatingActionExecutor.execute(StartParamsValidatingActionExecutor.java:32)
	at org.gradle.internal.buildprocess.execution.SessionFailureReportingActionExecutor.execute(SessionFailureReportingActionExecutor.java:51)
	at org.gradle.internal.buildprocess.execution.SessionFailureReportingActionExecutor.execute(SessionFailureReportingActionExecutor.java:39)
	at org.gradle.internal.buildprocess.execution.SetupLoggingActionExecutor.execute(SetupLoggingActionExecutor.java:47)
	at org.gradle.internal.buildprocess.execution.SetupLoggingActionExecutor.execute(SetupLoggingActionExecutor.java:31)
	at org.gradle.launcher.daemon.server.exec.ExecuteBuild.doBuild(ExecuteBuild.java:70)
	at org.gradle.launcher.daemon.server.exec.BuildCommandOnly.execute(BuildCommandOnly.java:37)
	at org.gradle.launcher.daemon.server.api.DaemonCommandExecution.proceed(DaemonCommandExecution.java:104)
	at org.gradle.launcher.daemon.server.exec.WatchForDisconnection.execute(WatchForDisconnection.java:39)
	at org.gradle.launcher.daemon.server.api.DaemonCommandExecution.proceed(DaemonCommandExecution.java:104)
	at org.gradle.launcher.daemon.server.exec.ResetDeprecationLogger.execute(ResetDeprecationLogger.java:29)
	at org.gradle.launcher.daemon.server.api.DaemonCommandExecution.proceed(DaemonCommandExecution.java:104)
	at org.gradle.launcher.daemon.server.exec.RequestStopIfSingleUsedDaemon.execute(RequestStopIfSingleUsedDaemon.java:35)
	at org.gradle.launcher.daemon.server.api.DaemonCommandExecution.proceed(DaemonCommandExecution.java:104)
	at org.gradle.launcher.daemon.server.exec.ForwardClientInput.lambda$execute$0(ForwardClientInput.java:40)
	at org.gradle.internal.daemon.clientinput.ClientInputForwarder.forwardInput(ClientInputForwarder.java:80)
	at org.gradle.launcher.daemon.server.exec.ForwardClientInput.execute(ForwardClientInput.java:37)
	at org.gradle.launcher.daemon.server.api.DaemonCommandExecution.proceed(DaemonCommandExecution.java:104)
	at org.gradle.launcher.daemon.server.exec.LogAndCheckHealth.execute(LogAndCheckHealth.java:64)
	at org.gradle.launcher.daemon.server.api.DaemonCommandExecution.proceed(DaemonCommandExecution.java:104)
	at org.gradle.launcher.daemon.server.exec.LogToClient.doBuild(LogToClient.java:63)
	at org.gradle.launcher.daemon.server.exec.BuildCommandOnly.execute(BuildCommandOnly.java:37)
	at org.gradle.launcher.daemon.server.api.DaemonCommandExecution.proceed(DaemonCommandExecution.java:104)
	at org.gradle.launcher.daemon.server.exec.EstablishBuildEnvironment.doBuild(EstablishBuildEnvironment.java:84)
	at org.gradle.launcher.daemon.server.exec.BuildCommandOnly.execute(BuildCommandOnly.java:37)
	at org.gradle.launcher.daemon.server.api.DaemonCommandExecution.proceed(DaemonCommandExecution.java:104)
	at org.gradle.launcher.daemon.server.exec.StartBuildOrRespondWithBusy$1.run(StartBuildOrRespondWithBusy.java:52)
	at org.gradle.launcher.daemon.server.DaemonStateCoordinator.lambda$runCommand$0(DaemonStateCoordinator.java:321)
	at org.gradle.internal.concurrent.ExecutorPolicy$CatchAndRecordFailures.onExecute(ExecutorPolicy.java:64)
	at org.gradle.internal.concurrent.AbstractManagedExecutor$1.run(AbstractManagedExecutor.java:47)
Caused by: com.android.builder.errors.EvalIssueException: SDK location not found. Define a valid SDK location with an ANDROID_HOME environment variable or by setting the sdk.dir path in your project's local properties file at '/home/kairav/dev/byld/main_game/external/imgui/examples/example_android_opengl3/android/local.properties'.
	at com.android.builder.errors.IssueReporter.reportError(IssueReporter.kt:119)
	at com.android.builder.errors.IssueReporter.reportError$default(IssueReporter.kt:114)
	at com.android.build.gradle.internal.SdkLocator.getSdkLocation(SdkLocator.kt:322)
	at com.android.build.gradle.internal.SdkLocator.getSdkDirectory(SdkLocator.kt:270)
	at com.android.build.gradle.internal.cxx.configure.NdkLocator.findNdkPath(NdkLocator.kt:424)
	at com.android.build.gradle.internal.ndk.NdkHandler.getNdkStatus(NdkHandler.kt:83)
	at com.android.build.gradle.internal.ndk.NdkHandler.getNdkPlatform(NdkHandler.kt:96)
	at com.android.build.gradle.internal.cxx.gradle.generator.CxxConfigurationModelKt.tryCreateConfigurationParameters(CxxConfigurationModel.kt:213)
	at com.android.build.gradle.internal.cxx.configure.CxxCreateGradleTasksKt.createCxxTasks(CxxCreateGradleTasks.kt:89)
	at com.android.build.gradle.internal.VariantTaskManager.createTopLevelTasks(VariantTaskManager.kt:228)
	at com.android.build.gradle.internal.VariantTaskManager.createTasks(VariantTaskManager.kt:143)
	at com.android.build.gradle.internal.plugins.BasePlugin.createAndroidTasks(BasePlugin.kt:774)
	at com.android.build.gradle.internal.plugins.BasePlugin$createTasks$2$1.call(BasePlugin.kt:617)
	at com.android.build.gradle.internal.profile.NoOpAnalyticsConfiguratorService.recordBlock(NoOpAnalyticsConfiguratorService.kt:57)
	at com.android.build.gradle.internal.plugins.BasePlugin$createTasks$2.accept(BasePlugin.kt:612)
	at com.android.build.gradle.internal.plugins.BasePlugin$createTasks$2.accept(BasePlugin.kt:609)
	at com.android.build.gradle.internal.crash.CrashReporting$afterEvaluate$1.execute(crash_reporting.kt:37)
	at com.android.build.gradle.internal.crash.CrashReporting$afterEvaluate$1.execute(crash_reporting.kt:35)
	at org.gradle.internal.code.DefaultUserCodeApplicationContext$CurrentApplication$1.execute(DefaultUserCodeApplicationContext.java:124)
	at org.gradle.configuration.internal.DefaultListenerBuildOperationDecorator$BuildOperationEmittingAction$1.run(DefaultListenerBuildOperationDecorator.java:173)
	at org.gradle.internal.operations.DefaultBuildOperationRunner$1.execute(DefaultBuildOperationRunner.java:29)
	at org.gradle.internal.operations.DefaultBuildOperationRunner$1.execute(DefaultBuildOperationRunner.java:26)
	at org.gradle.internal.operations.DefaultBuildOperationRunner$2.execute(DefaultBuildOperationRunner.java:66)
	at org.gradle.internal.operations.DefaultBuildOperationRunner$2.execute(DefaultBuildOperationRunner.java:59)
	at org.gradle.internal.operations.DefaultBuildOperationRunner.execute(DefaultBuildOperationRunner.java:166)
	at org.gradle.internal.operations.DefaultBuildOperationRunner.execute(DefaultBuildOperationRunner.java:59)
	at org.gradle.internal.operations.DefaultBuildOperationRunner.run(DefaultBuildOperationRunner.java:47)
	at org.gradle.configuration.internal.DefaultListenerBuildOperationDecorator$BuildOperationEmittingAction.execute(DefaultListenerBuildOperationDecorator.java:170)
	at org.gradle.internal.event.BroadcastDispatch$ActionInvocationHandler.dispatch(BroadcastDispatch.java:101)
	at org.gradle.internal.event.BroadcastDispatch$ActionInvocationHandler.dispatch(BroadcastDispatch.java:89)
	at org.gradle.internal.event.AbstractBroadcastDispatch.dispatch(AbstractBroadcastDispatch.java:44)
	at org.gradle.internal.event.BroadcastDispatch$SingletonDispatch.dispatch(BroadcastDispatch.java:270)
	at org.gradle.internal.event.BroadcastDispatch$SingletonDispatch.dispatch(BroadcastDispatch.java:172)
	at org.gradle.internal.event.AbstractBroadcastDispatch.dispatch(AbstractBroadcastDispatch.java:84)
	at org.gradle.internal.event.AbstractBroadcastDispatch.dispatch(AbstractBroadcastDispatch.java:70)
	at org.gradle.internal.event.BroadcastDispatch$CompositeDispatch.dispatch(BroadcastDispatch.java:382)
	at org.gradle.internal.event.BroadcastDispatch$CompositeDispatch.dispatch(BroadcastDispatch.java:274)
	at org.gradle.internal.event.ListenerBroadcast.dispatch(ListenerBroadcast.java:160)
	at org.gradle.internal.event.ListenerBroadcast.dispatch(ListenerBroadcast.java:37)
	at org.gradle.internal.dispatch.ProxyDispatchAdapter$DispatchingInvocationHandler.invoke(ProxyDispatchAdapter.java:88)
	at jdk.proxy1/jdk.proxy1.$Proxy76.afterEvaluate(Unknown Source)
	at org.gradle.configuration.project.LifecycleProjectEvaluator$NotifyAfterEvaluate$1.execute(LifecycleProjectEvaluator.java:247)
	at org.gradle.configuration.project.LifecycleProjectEvaluator$NotifyAfterEvaluate$1.execute(LifecycleProjectEvaluator.java:244)
	at org.gradle.api.internal.project.DefaultProject.stepEvaluationListener(DefaultProject.java:1510)
	at org.gradle.configuration.project.LifecycleProjectEvaluator$NotifyAfterEvaluate.run(LifecycleProjectEvaluator.java:253)
	at org.gradle.internal.operations.DefaultBuildOperationRunner$1.execute(DefaultBuildOperationRunner.java:29)
	at org.gradle.internal.operations.DefaultBuildOperationRunner$1.execute(DefaultBuildOperationRunner.java:26)
	at org.gradle.internal.operations.DefaultBuildOperationRunner$2.execute(DefaultBuildOperationRunner.java:66)
	at org.gradle.internal.operations.DefaultBuildOperationRunner$2.execute(DefaultBuildOperationRunner.java:59)
	at org.gradle.internal.operations.DefaultBuildOperationRunner.execute(DefaultBuildOperationRunner.java:166)
	at org.gradle.internal.operations.DefaultBuildOperationRunner.execute(DefaultBuildOperationRunner.java:59)
	at org.gradle.internal.operations.DefaultBuildOperationRunner.run(DefaultBuildOperationRunner.java:47)
	at org.gradle.configuration.project.LifecycleProjectEvaluator$EvaluateProject.lambda$run$0(LifecycleProjectEvaluator.java:114)
	at org.gradle.api.internal.project.DefaultProjectStateRegistry$ProjectStateImpl.lambda$applyToMutableState$0(DefaultProjectStateRegistry.java:443)
	at org.gradle.api.internal.project.DefaultProjectStateRegistry$ProjectStateImpl.lambda$fromMutableState$1(DefaultProjectStateRegistry.java:450)
	at org.gradle.internal.work.DefaultWorkerLeaseService.lambda$withLocksAcquired$0(DefaultWorkerLeaseService.java:269)
	at org.gradle.internal.work.ResourceLockStatistics$1.measure(ResourceLockStatistics.java:42)
	at org.gradle.internal.work.DefaultWorkerLeaseService.withLocksAcquired(DefaultWorkerLeaseService.java:267)
	at org.gradle.internal.work.DefaultWorkerLeaseService.lambda$withReplacedLocks$3(DefaultWorkerLeaseService.java:365)
	at org.gradle.internal.work.DefaultWorkerLeaseService.withoutLocks(DefaultWorkerLeaseService.java:337)
	at org.gradle.internal.work.DefaultWorkerLeaseService.withReplacedLocks(DefaultWorkerLeaseService.java:364)
	at org.gradle.api.internal.project.DefaultProjectStateRegistry$ProjectStateImpl.runWithModelLock(DefaultProjectStateRegistry.java:471)
	at org.gradle.api.internal.project.DefaultProjectStateRegistry$ProjectStateImpl.fromMutableState(DefaultProjectStateRegistry.java:450)
	at org.gradle.api.internal.project.DefaultProjectStateRegistry$ProjectStateImpl.applyToMutableState(DefaultProjectStateRegistry.java:442)
	at org.gradle.configuration.project.LifecycleProjectEvaluator$EvaluateProject.run(LifecycleProjectEvaluator.java:100)
	at org.gradle.internal.operations.DefaultBuildOperationRunner$1.execute(DefaultBuildOperationRunner.java:29)
	at org.gradle.internal.operations.DefaultBuildOperationRunner$1.execute(DefaultBuildOperationRunner.java:26)
	at org.gradle.internal.operations.DefaultBuildOperationRunner$2.execute(DefaultBuildOperationRunner.java:66)
	at org.gradle.internal.operations.DefaultBuildOperationRunner$2.execute(DefaultBuildOperationRunner.java:59)
	at org.gradle.internal.operations.DefaultBuildOperationRunner.execute(DefaultBuildOperationRunner.java:166)
	at org.gradle.internal.operations.DefaultBuildOperationRunner.execute(DefaultBuildOperationRunner.java:59)
	at org.gradle.internal.operations.DefaultBuildOperationRunner.run(DefaultBuildOperationRunner.java:47)
	at org.gradle.configuration.project.LifecycleProjectEvaluator.evaluate(LifecycleProjectEvaluator.java:72)
	at org.gradle.api.internal.project.DefaultProject.evaluateUnchecked(DefaultProject.java:796)
	at org.gradle.api.internal.project.ProjectLifecycleController.lambda$ensureSelfConfigured$2(ProjectLifecycleController.java:93)
	at org.gradle.internal.model.StateTransitionController.lambda$doTransition$14(StateTransitionController.java:265)
	at org.gradle.internal.model.StateTransitionController.doTransition(StateTransitionController.java:276)
	at org.gradle.internal.model.StateTransitionController.doTransition(StateTransitionController.java:264)
	at org.gradle.internal.model.StateTransitionController.lambda$maybeTransitionIfNotCurrentlyTransitioning$10(StateTransitionController.java:209)
	at org.gradle.internal.work.DefaultSynchronizer.withLock(DefaultSynchronizer.java:35)
	at org.gradle.internal.model.StateTransitionController.maybeTransitionIfNotCurrentlyTransitioning(StateTransitionController.java:205)
	at org.gradle.api.internal.project.ProjectLifecycleController.ensureSelfConfigured(ProjectLifecycleController.java:93)
	at org.gradle.api.internal.project.DefaultProjectStateRegistry$ProjectStateImpl.ensureConfigured(DefaultProjectStateRegistry.java:408)
	at org.gradle.execution.TaskPathProjectEvaluator.configure(TaskPathProjectEvaluator.java:71)
	at org.gradle.execution.TaskPathProjectEvaluator.configureHierarchy(TaskPathProjectEvaluator.java:87)
	at org.gradle.configuration.DefaultProjectsPreparer.prepareProjects(DefaultProjectsPreparer.java:50)
	at org.gradle.configuration.BuildTreePreparingProjectsPreparer.prepareProjects(BuildTreePreparingProjectsPreparer.java:65)
	at org.gradle.configuration.BuildOperationFiringProjectsPreparer$ConfigureBuild.run(BuildOperationFiringProjectsPreparer.java:52)
	at org.gradle.internal.operations.DefaultBuildOperationRunner$1.execute(DefaultBuildOperationRunner.java:29)
	at org.gradle.internal.operations.DefaultBuildOperationRunner$1.execute(DefaultBuildOperationRunner.java:26)
	at org.gradle.internal.operations.DefaultBuildOperationRunner$2.execute(DefaultBuildOperationRunner.java:66)
	at org.gradle.internal.operations.DefaultBuildOperationRunner$2.execute(DefaultBuildOperationRunner.java:59)
	at org.gradle.internal.operations.DefaultBuildOperationRunner.execute(DefaultBuildOperationRunner.java:166)
	at org.gradle.internal.operations.DefaultBuildOperationRunner.execute(DefaultBuildOperationRunner.java:59)
	at org.gradle.internal.operations.DefaultBuildOperationRunner.run(DefaultBuildOperationRunner.java:47)
	at org.gradle.configuration.BuildOperationFiringProjectsPreparer.prepareProjects(BuildOperationFiringProjectsPreparer.java:40)
	at org.gradle.initialization.VintageBuildModelController.lambda$prepareProjects$2(VintageBuildModelController.java:83)
	at org.gradle.internal.model.StateTransitionController.lambda$doTransition$14(StateTransitionController.java:265)
	at org.gradle.internal.model.StateTransitionController.doTransition(StateTransitionController.java:276)
	at org.gradle.internal.model.StateTransitionController.doTransition(StateTransitionController.java:264)
	at org.gradle.internal.model.StateTransitionController.lambda$transitionIfNotPreviously$11(StateTransitionController.java:223)
	at org.gradle.internal.work.DefaultSynchronizer.withLock(DefaultSynchronizer.java:35)
	at org.gradle.internal.model.StateTransitionController.transitionIfNotPreviously(StateTransitionController.java:219)
	at org.gradle.initialization.VintageBuildModelController.prepareProjects(VintageBuildModelController.java:83)
	at org.gradle.initialization.VintageBuildModelController.getConfiguredModel(VintageBuildModelController.java:63)
	at org.gradle.internal.build.DefaultBuildLifecycleController.lambda$withProjectsConfigured$1(DefaultBuildLifecycleController.java:133)
	at org.gradle.internal.model.StateTransitionController.lambda$notInState$3(StateTransitionController.java:142)
	at org.gradle.internal.work.DefaultSynchronizer.withLock(DefaultSynchronizer.java:45)
	at org.gradle.internal.model.StateTransitionController.notInState(StateTransitionController.java:138)
	at org.gradle.internal.build.DefaultBuildLifecycleController.withProjectsConfigured(DefaultBuildLifecycleController.java:133)
	at org.gradle.internal.build.DefaultBuildToolingModelController.locateBuilderForTarget(DefaultBuildToolingModelController.java:59)
	at org.gradle.internal.buildtree.DefaultBuildTreeModelCreator$DefaultBuildTreeModelController.lambda$locateBuilderForBuildTarget$0(DefaultBuildTreeModelCreator.java:146)
	at org.gradle.internal.build.DefaultBuildLifecycleController.withToolingModels(DefaultBuildLifecycleController.java:327)
	at org.gradle.internal.build.AbstractBuildState.withToolingModels(AbstractBuildState.java:169)
	at org.gradle.internal.buildtree.DefaultBuildTreeModelCreator$DefaultBuildTreeModelController.locateBuilderForBuildTarget(DefaultBuildTreeModelCreator.java:146)
	at org.gradle.internal.buildtree.DefaultBuildTreeModelCreator$DefaultBuildTreeModelController.locateBuilderForDefaultTarget(DefaultBuildTreeModelCreator.java:131)
	at org.gradle.internal.buildtree.DefaultBuildTreeModelCreator$DefaultBuildTreeModelController.locateBuilderForTarget(DefaultBuildTreeModelCreator.java:120)
	at org.gradle.internal.buildtree.DefaultBuildTreeModelCreator$DefaultBuildTreeModelController.access$200(DefaultBuildTreeModelCreator.java:69)
	at org.gradle.internal.buildtree.DefaultBuildTreeModelCreator$DefaultBuildTreeModelController$1.call(DefaultBuildTreeModelCreator.java:84)
	at org.gradle.internal.operations.DefaultBuildOperationRunner$CallableBuildOperationWorker.execute(DefaultBuildOperationRunner.java:209)
	at org.gradle.internal.operations.DefaultBuildOperationRunner$CallableBuildOperationWorker.execute(DefaultBuildOperationRunner.java:204)
	at org.gradle.internal.operations.DefaultBuildOperationRunner$2.execute(DefaultBuildOperationRunner.java:66)
	at org.gradle.internal.operations.DefaultBuildOperationRunner$2.execute(DefaultBuildOperationRunner.java:59)
	at org.gradle.internal.operations.DefaultBuildOperationRunner.execute(DefaultBuildOperationRunner.java:166)
	at org.gradle.internal.operations.DefaultBuildOperationRunner.execute(DefaultBuildOperationRunner.java:59)
	at org.gradle.internal.operations.DefaultBuildOperationRunner.call(DefaultBuildOperationRunner.java:53)
	at org.gradle.internal.buildtree.DefaultBuildTreeModelCreator$DefaultBuildTreeModelController.getModel(DefaultBuildTreeModelCreator.java:80)
	at org.gradle.tooling.internal.provider.runner.DefaultBuildController.doGetModel(DefaultBuildController.java:126)
	at org.gradle.tooling.internal.provider.runner.DefaultBuildController.getModel(DefaultBuildController.java:113)
	at org.gradle.tooling.internal.consumer.connection.ParameterAwareBuildControllerAdapter.getModel(ParameterAwareBuildControllerAdapter.java:40)
	at org.gradle.tooling.internal.consumer.connection.UnparameterizedBuildController.getModel(UnparameterizedBuildController.java:119)
	at org.gradle.tooling.internal.consumer.connection.NestedActionAwareBuildControllerAdapter.getModel(NestedActionAwareBuildControllerAdapter.java:32)
	at org.gradle.tooling.internal.consumer.connection.UnparameterizedBuildController.getModel(UnparameterizedBuildController.java:83)
	at org.gradle.tooling.internal.consumer.connection.NestedActionAwareBuildControllerAdapter.getModel(NestedActionAwareBuildControllerAdapter.java:32)
	at org.gradle.tooling.internal.consumer.connection.UnparameterizedBuildController.getModel(UnparameterizedBuildController.java:68)
	at org.gradle.tooling.internal.consumer.connection.NestedActionAwareBuildControllerAdapter.getModel(NestedActionAwareBuildControllerAdapter.java:32)
	at org.netbeans.modules.gradle.tooling.internal.NbProjectInfoAction.execute(NbProjectInfoAction.java:33)
	at org.netbeans.modules.gradle.tooling.internal.NbProjectInfoAction.execute(NbProjectInfoAction.java:29)
	at org.gradle.tooling.internal.consumer.connection.InternalBuildActionAdapter.execute(InternalBuildActionAdapter.java:66)
	at org.gradle.tooling.internal.provider.runner.AbstractClientProvidedBuildActionRunner$ActionAdapter.executeAction(AbstractClientProvidedBuildActionRunner.java:108)
	at org.gradle.tooling.internal.provider.runner.AbstractClientProvidedBuildActionRunner$ActionAdapter.runAction(AbstractClientProvidedBuildActionRunner.java:96)
	at org.gradle.tooling.internal.provider.runner.AbstractClientProvidedBuildActionRunner$ActionAdapter.fromBuildModel(AbstractClientProvidedBuildActionRunner.java:85)
	at org.gradle.tooling.internal.provider.runner.AbstractClientProvidedBuildActionRunner$ActionAdapter.fromBuildModel(AbstractClientProvidedBuildActionRunner.java:68)
	at org.gradle.internal.buildtree.DefaultBuildTreeModelCreator.fromBuildModel(DefaultBuildTreeModelCreator.java:66)
	at org.gradle.internal.cc.impl.barrier.BarrierAwareBuildTreeModelCreator.fromBuildModel$lambda$0(BarrierAwareBuildTreeModelCreator.kt:36)
	at org.gradle.internal.cc.impl.barrier.VintageConfigurationTimeActionRunner.runConfigurationTimeAction(VintageConfigurationTimeActionRunner.kt:48)
	at org.gradle.internal.cc.impl.barrier.BarrierAwareBuildTreeModelCreator.fromBuildModel(BarrierAwareBuildTreeModelCreator.kt:35)
	at org.gradle.internal.buildtree.DefaultBuildTreeLifecycleController.lambda$fromBuildModel$2(DefaultBuildTreeLifecycleController.java:90)
	at org.gradle.internal.buildtree.DefaultBuildTreeLifecycleController.lambda$runBuild$4(DefaultBuildTreeLifecycleController.java:120)
	at org.gradle.internal.model.StateTransitionController.lambda$transition$6(StateTransitionController.java:179)
	at org.gradle.internal.model.StateTransitionController.doTransition(StateTransitionController.java:276)
	at org.gradle.internal.model.StateTransitionController.lambda$transition$7(StateTransitionController.java:179)
	at org.gradle.internal.work.DefaultSynchronizer.withLock(DefaultSynchronizer.java:45)
	at org.gradle.internal.model.StateTransitionController.transition(StateTransitionController.java:179)
	at org.gradle.internal.buildtree.DefaultBuildTreeLifecycleController.runBuild(DefaultBuildTreeLifecycleController.java:117)
	at org.gradle.internal.buildtree.DefaultBuildTreeLifecycleController.fromBuildModel(DefaultBuildTreeLifecycleController.java:82)
	at org.gradle.tooling.internal.provider.runner.AbstractClientProvidedBuildActionRunner.runClientAction(AbstractClientProvidedBuildActionRunner.java:42)
	at org.gradle.tooling.internal.provider.runner.ClientProvidedBuildActionRunner.run(ClientProvidedBuildActionRunner.java:47)
	at org.gradle.launcher.exec.ChainingBuildActionRunner.run(ChainingBuildActionRunner.java:35)
	at org.gradle.internal.buildtree.ProblemReportingBuildActionRunner.run(ProblemReportingBuildActionRunner.java:54)
	at org.gradle.launcher.exec.BuildOutcomeReportingBuildActionRunner.run(BuildOutcomeReportingBuildActionRunner.java:83)
	at org.gradle.tooling.internal.provider.FileSystemWatchingBuildActionRunner.run(FileSystemWatchingBuildActionRunner.java:135)
	at org.gradle.launcher.exec.BuildCompletionNotifyingBuildActionRunner.run(BuildCompletionNotifyingBuildActionRunner.java:54)
	at org.gradle.launcher.exec.RootBuildLifecycleBuildActionExecutor.lambda$execute$0(RootBuildLifecycleBuildActionExecutor.java:101)
	at org.gradle.composite.internal.DefaultRootBuildState.run(DefaultRootBuildState.java:126)
	at org.gradle.launcher.exec.RootBuildLifecycleBuildActionExecutor.execute(RootBuildLifecycleBuildActionExecutor.java:101)
	at org.gradle.launcher.exec.BuildTreeLifecycleBuildActionExecutor.runRootBuildAction(BuildTreeLifecycleBuildActionExecutor.java:98)
	at org.gradle.launcher.exec.BuildTreeLifecycleBuildActionExecutor.execute(BuildTreeLifecycleBuildActionExecutor.java:69)
	at org.gradle.launcher.exec.RunAsBuildOperationBuildActionExecutor$2.call(RunAsBuildOperationBuildActionExecutor.java:65)
	at org.gradle.launcher.exec.RunAsBuildOperationBuildActionExecutor$2.call(RunAsBuildOperationBuildActionExecutor.java:61)
	at org.gradle.internal.operations.DefaultBuildOperationRunner$CallableBuildOperationWorker.execute(DefaultBuildOperationRunner.java:209)
	at org.gradle.internal.operations.DefaultBuildOperationRunner$CallableBuildOperationWorker.execute(DefaultBuildOperationRunner.java:204)
	at org.gradle.internal.operations.DefaultBuildOperationRunner$2.execute(DefaultBuildOperationRunner.java:66)
	at org.gradle.internal.operations.DefaultBuildOperationRunner$2.execute(DefaultBuildOperationRunner.java:59)
	at org.gradle.internal.operations.DefaultBuildOperationRunner.execute(DefaultBuildOperationRunner.java:166)
	at org.gradle.internal.operations.DefaultBuildOperationRunner.execute(DefaultBuildOperationRunner.java:59)
	at org.gradle.internal.operations.DefaultBuildOperationRunner.call(DefaultBuildOperationRunner.java:53)
	at org.gradle.launcher.exec.RunAsBuildOperationBuildActionExecutor.execute(RunAsBuildOperationBuildActionExecutor.java:61)
	at org.gradle.launcher.exec.RunAsWorkerThreadBuildActionExecutor.lambda$execute$0(RunAsWorkerThreadBuildActionExecutor.java:36)
	at org.gradle.internal.work.DefaultWorkerLeaseService.lambda$withLocksAcquired$0(DefaultWorkerLeaseService.java:269)
	at org.gradle.internal.work.ResourceLockStatistics$1.measure(ResourceLockStatistics.java:42)
	at org.gradle.internal.work.DefaultWorkerLeaseService.withLocksAcquired(DefaultWorkerLeaseService.java:267)
	at org.gradle.internal.work.DefaultWorkerLeaseService.withLocks(DefaultWorkerLeaseService.java:259)
	at org.gradle.internal.work.DefaultWorkerLeaseService.runAsWorkerThread(DefaultWorkerLeaseService.java:127)
	at org.gradle.launcher.exec.RunAsWorkerThreadBuildActionExecutor.execute(RunAsWorkerThreadBuildActionExecutor.java:36)
	at org.gradle.tooling.internal.provider.continuous.ContinuousBuildActionExecutor.execute(ContinuousBuildActionExecutor.java:110)
	at org.gradle.tooling.internal.provider.SubscribableBuildActionExecutor.execute(SubscribableBuildActionExecutor.java:64)
	at org.gradle.internal.session.DefaultBuildSessionContext.execute(DefaultBuildSessionContext.java:46)
	at org.gradle.internal.buildprocess.execution.BuildSessionLifecycleBuildActionExecutor$ActionImpl.apply(BuildSessionLifecycleBuildActionExecutor.java:106)
	at org.gradle.internal.buildprocess.execution.BuildSessionLifecycleBuildActionExecutor$ActionImpl.apply(BuildSessionLifecycleBuildActionExecutor.java:94)
	at org.gradle.internal.session.BuildSessionState.run(BuildSessionState.java:73)
	at org.gradle.internal.buildprocess.execution.BuildSessionLifecycleBuildActionExecutor.execute(BuildSessionLifecycleBuildActionExecutor.java:67)
	at org.gradle.internal.buildprocess.execution.BuildSessionLifecycleBuildActionExecutor.execute(BuildSessionLifecycleBuildActionExecutor.java:45)
	at org.gradle.internal.buildprocess.execution.StartParamsValidatingActionExecutor.execute(StartParamsValidatingActionExecutor.java:57)
	at org.gradle.internal.buildprocess.execution.StartParamsValidatingActionExecutor.execute(StartParamsValidatingActionExecutor.java:32)
	at org.gradle.internal.buildprocess.execution.SessionFailureReportingActionExecutor.execute(SessionFailureReportingActionExecutor.java:51)
	at org.gradle.internal.buildprocess.execution.SessionFailureReportingActionExecutor.execute(SessionFailureReportingActionExecutor.java:39)
	at org.gradle.internal.buildprocess.execution.SetupLoggingActionExecutor.execute(SetupLoggingActionExecutor.java:47)
	at org.gradle.internal.buildprocess.execution.SetupLoggingActionExecutor.execute(SetupLoggingActionExecutor.java:31)
	at org.gradle.launcher.daemon.server.exec.ExecuteBuild.doBuild(ExecuteBuild.java:70)
	at org.gradle.launcher.daemon.server.exec.BuildCommandOnly.execute(BuildCommandOnly.java:37)
	at org.gradle.launcher.daemon.server.api.DaemonCommandExecution.proceed(DaemonCommandExecution.java:104)
	at org.gradle.launcher.daemon.server.exec.WatchForDisconnection.execute(WatchForDisconnection.java:39)
	at org.gradle.launcher.daemon.server.api.DaemonCommandExecution.proceed(DaemonCommandExecution.java:104)
	at org.gradle.launcher.daemon.server.exec.ResetDeprecationLogger.execute(ResetDeprecationLogger.java:29)
	at org.gradle.launcher.daemon.server.api.DaemonCommandExecution.proceed(DaemonCommandExecution.java:104)
	at org.gradle.launcher.daemon.server.exec.RequestStopIfSingleUsedDaemon.execute(RequestStopIfSingleUsedDaemon.java:35)
	at org.gradle.launcher.daemon.server.api.DaemonCommandExecution.proceed(DaemonCommandExecution.java:104)
	at org.gradle.launcher.daemon.server.exec.ForwardClientInput.lambda$execute$0(ForwardClientInput.java:40)
	at org.gradle.internal.daemon.clientinput.ClientInputForwarder.forwardInput(ClientInputForwarder.java:80)
	at org.gradle.launcher.daemon.server.exec.ForwardClientInput.execute(ForwardClientInput.java:37)
	at org.gradle.launcher.daemon.server.api.DaemonCommandExecution.proceed(DaemonCommandExecution.java:104)
	at org.gradle.launcher.daemon.server.exec.LogAndCheckHealth.execute(LogAndCheckHealth.java:64)
	at org.gradle.launcher.daemon.server.api.DaemonCommandExecution.proceed(DaemonCommandExecution.java:104)
	at org.gradle.launcher.daemon.server.exec.LogToClient.doBuild(LogToClient.java:63)
	at org.gradle.launcher.daemon.server.exec.BuildCommandOnly.execute(BuildCommandOnly.java:37)
	at org.gradle.launcher.daemon.server.api.DaemonCommandExecution.proceed(DaemonCommandExecution.java:104)
	at org.gradle.launcher.daemon.server.exec.EstablishBuildEnvironment.doBuild(EstablishBuildEnvironment.java:84)
	at org.gradle.launcher.daemon.server.exec.BuildCommandOnly.execute(BuildCommandOnly.java:37)
	at org.gradle.launcher.daemon.server.api.DaemonCommandExecution.proceed(DaemonCommandExecution.java:104)
	at org.gradle.launcher.daemon.server.exec.StartBuildOrRespondWithBusy$1.run(StartBuildOrRespondWithBusy.java:52)
	at org.gradle.launcher.daemon.server.DaemonStateCoordinator.lambda$runCommand$0(DaemonStateCoordinator.java:321)
	at org.gradle.internal.concurrent.ExecutorPolicy$CatchAndRecordFailures.onExecute(ExecutorPolicy.java:64)
	at org.gradle.internal.concurrent.AbstractManagedExecutor$1.run(AbstractManagedExecutor.java:47)
INFO [org.netbeans.modules.gradle.loaders.GradleProjectLoaderImpl]: Load aiming FULL for Gradle: android[FALLBACK]
WARNING [org.netbeans.modules.gradle.loaders.LegacyProjectLoader]: Loading of script /home/kairav/dev/byld/main_game/external/imgui/examples/example_android_opengl3/android/build.gradle threw an exception {2}
INFO [org.netbeans.modules.gradle.loaders.LegacyProjectLoader]: Stacktrace from gradle daemon:
org.gradle.api.ProjectConfigurationException: A problem occurred configuring project ':app'.
	at org.gradle.configuration.project.LifecycleProjectEvaluator.wrapException(LifecycleProjectEvaluator.java:84)
	at org.gradle.configuration.project.LifecycleProjectEvaluator.addConfigurationFailure(LifecycleProjectEvaluator.java:77)
	at org.gradle.configuration.project.LifecycleProjectEvaluator.access$500(LifecycleProjectEvaluator.java:55)
	at org.gradle.configuration.project.LifecycleProjectEvaluator$NotifyAfterEvaluate.run(LifecycleProjectEvaluator.java:255)
	at org.gradle.internal.operations.DefaultBuildOperationRunner$1.execute(DefaultBuildOperationRunner.java:29)
	at org.gradle.internal.operations.DefaultBuildOperationRunner$1.execute(DefaultBuildOperationRunner.java:26)
	at org.gradle.internal.operations.DefaultBuildOperationRunner$2.execute(DefaultBuildOperationRunner.java:66)
	at org.gradle.internal.operations.DefaultBuildOperationRunner$2.execute(DefaultBuildOperationRunner.java:59)
	at org.gradle.internal.operations.DefaultBuildOperationRunner.execute(DefaultBuildOperationRunner.java:166)
	at org.gradle.internal.operations.DefaultBuildOperationRunner.execute(DefaultBuildOperationRunner.java:59)
	at org.gradle.internal.operations.DefaultBuildOperationRunner.run(DefaultBuildOperationRunner.java:47)
	at org.gradle.configuration.project.LifecycleProjectEvaluator$EvaluateProject.lambda$run$0(LifecycleProjectEvaluator.java:114)
	at org.gradle.api.internal.project.DefaultProjectStateRegistry$ProjectStateImpl.lambda$applyToMutableState$0(DefaultProjectStateRegistry.java:443)
	at org.gradle.api.internal.project.DefaultProjectStateRegistry$ProjectStateImpl.lambda$fromMutableState$1(DefaultProjectStateRegistry.java:450)
	at org.gradle.internal.work.DefaultWorkerLeaseService.lambda$withLocksAcquired$0(DefaultWorkerLeaseService.java:269)
	at org.gradle.internal.work.ResourceLockStatistics$1.measure(ResourceLockStatistics.java:42)
	at org.gradle.internal.work.DefaultWorkerLeaseService.withLocksAcquired(DefaultWorkerLeaseService.java:267)
	at org.gradle.internal.work.DefaultWorkerLeaseService.lambda$withReplacedLocks$3(DefaultWorkerLeaseService.java:365)
	at org.gradle.internal.work.DefaultWorkerLeaseService.withoutLocks(DefaultWorkerLeaseService.java:337)
	at org.gradle.internal.work.DefaultWorkerLeaseService.withReplacedLocks(DefaultWorkerLeaseService.java:364)
	at org.gradle.api.internal.project.DefaultProjectStateRegistry$ProjectStateImpl.runWithModelLock(DefaultProjectStateRegistry.java:471)
	at org.gradle.api.internal.project.DefaultProjectStateRegistry$ProjectStateImpl.fromMutableState(DefaultProjectStateRegistry.java:450)
	at org.gradle.api.internal.project.DefaultProjectStateRegistry$ProjectStateImpl.applyToMutableState(DefaultProjectStateRegistry.java:442)
	at org.gradle.configuration.project.LifecycleProjectEvaluator$EvaluateProject.run(LifecycleProjectEvaluator.java:100)
	at org.gradle.internal.operations.DefaultBuildOperationRunner$1.execute(DefaultBuildOperationRunner.java:29)
	at org.gradle.internal.operations.DefaultBuildOperationRunner$1.execute(DefaultBuildOperationRunner.java:26)
	at org.gradle.internal.operations.DefaultBuildOperationRunner$2.execute(DefaultBuildOperationRunner.java:66)
	at org.gradle.internal.operations.DefaultBuildOperationRunner$2.execute(DefaultBuildOperationRunner.java:59)
	at org.gradle.internal.operations.DefaultBuildOperationRunner.execute(DefaultBuildOperationRunner.java:166)
	at org.gradle.internal.operations.DefaultBuildOperationRunner.execute(DefaultBuildOperationRunner.java:59)
	at org.gradle.internal.operations.DefaultBuildOperationRunner.run(DefaultBuildOperationRunner.java:47)
	at org.gradle.configuration.project.LifecycleProjectEvaluator.evaluate(LifecycleProjectEvaluator.java:72)
	at org.gradle.api.internal.project.DefaultProject.evaluateUnchecked(DefaultProject.java:796)
	at org.gradle.api.internal.project.ProjectLifecycleController.lambda$ensureSelfConfigured$2(ProjectLifecycleController.java:93)
	at org.gradle.internal.model.StateTransitionController.lambda$doTransition$14(StateTransitionController.java:265)
	at org.gradle.internal.model.StateTransitionController.doTransition(StateTransitionController.java:276)
	at org.gradle.internal.model.StateTransitionController.doTransition(StateTransitionController.java:264)
	at org.gradle.internal.model.StateTransitionController.lambda$maybeTransitionIfNotCurrentlyTransitioning$10(StateTransitionController.java:209)
	at org.gradle.internal.work.DefaultSynchronizer.withLock(DefaultSynchronizer.java:35)
	at org.gradle.internal.model.StateTransitionController.maybeTransitionIfNotCurrentlyTransitioning(StateTransitionController.java:205)
	at org.gradle.api.internal.project.ProjectLifecycleController.ensureSelfConfigured(ProjectLifecycleController.java:93)
	at org.gradle.api.internal.project.DefaultProjectStateRegistry$ProjectStateImpl.ensureConfigured(DefaultProjectStateRegistry.java:408)
	at org.gradle.execution.TaskPathProjectEvaluator.configure(TaskPathProjectEvaluator.java:71)
	at org.gradle.execution.TaskPathProjectEvaluator.configureHierarchy(TaskPathProjectEvaluator.java:87)
	at org.gradle.configuration.DefaultProjectsPreparer.prepareProjects(DefaultProjectsPreparer.java:50)
	at org.gradle.configuration.BuildTreePreparingProjectsPreparer.prepareProjects(BuildTreePreparingProjectsPreparer.java:65)
	at org.gradle.configuration.BuildOperationFiringProjectsPreparer$ConfigureBuild.run(BuildOperationFiringProjectsPreparer.java:52)
	at org.gradle.internal.operations.DefaultBuildOperationRunner$1.execute(DefaultBuildOperationRunner.java:29)
	at org.gradle.internal.operations.DefaultBuildOperationRunner$1.execute(DefaultBuildOperationRunner.java:26)
	at org.gradle.internal.operations.DefaultBuildOperationRunner$2.execute(DefaultBuildOperationRunner.java:66)
	at org.gradle.internal.operations.DefaultBuildOperationRunner$2.execute(DefaultBuildOperationRunner.java:59)
	at org.gradle.internal.operations.DefaultBuildOperationRunner.execute(DefaultBuildOperationRunner.java:166)
	at org.gradle.internal.operations.DefaultBuildOperationRunner.execute(DefaultBuildOperationRunner.java:59)
	at org.gradle.internal.operations.DefaultBuildOperationRunner.run(DefaultBuildOperationRunner.java:47)
	at org.gradle.configuration.BuildOperationFiringProjectsPreparer.prepareProjects(BuildOperationFiringProjectsPreparer.java:40)
	at org.gradle.initialization.VintageBuildModelController.lambda$prepareProjects$2(VintageBuildModelController.java:83)
	at org.gradle.internal.model.StateTransitionController.lambda$doTransition$14(StateTransitionController.java:265)
	at org.gradle.internal.model.StateTransitionController.doTransition(StateTransitionController.java:276)
	at org.gradle.internal.model.StateTransitionController.doTransition(StateTransitionController.java:264)
	at org.gradle.internal.model.StateTransitionController.lambda$transitionIfNotPreviously$11(StateTransitionController.java:223)
	at org.gradle.internal.work.DefaultSynchronizer.withLock(DefaultSynchronizer.java:35)
	at org.gradle.internal.model.StateTransitionController.transitionIfNotPreviously(StateTransitionController.java:219)
	at org.gradle.initialization.VintageBuildModelController.prepareProjects(VintageBuildModelController.java:83)
	at org.gradle.initialization.VintageBuildModelController.getConfiguredModel(VintageBuildModelController.java:63)
	at org.gradle.internal.build.DefaultBuildLifecycleController.lambda$withProjectsConfigured$1(DefaultBuildLifecycleController.java:133)
	at org.gradle.internal.model.StateTransitionController.lambda$notInState$3(StateTransitionController.java:142)
	at org.gradle.internal.work.DefaultSynchronizer.withLock(DefaultSynchronizer.java:45)
	at org.gradle.internal.model.StateTransitionController.notInState(StateTransitionController.java:138)
	at org.gradle.internal.build.DefaultBuildLifecycleController.withProjectsConfigured(DefaultBuildLifecycleController.java:133)
	at org.gradle.internal.build.DefaultBuildToolingModelController.locateBuilderForTarget(DefaultBuildToolingModelController.java:59)
	at org.gradle.internal.buildtree.DefaultBuildTreeModelCreator$DefaultBuildTreeModelController.lambda$locateBuilderForBuildTarget$0(DefaultBuildTreeModelCreator.java:146)
	at org.gradle.internal.build.DefaultBuildLifecycleController.withToolingModels(DefaultBuildLifecycleController.java:327)
	at org.gradle.internal.build.AbstractBuildState.withToolingModels(AbstractBuildState.java:169)
	at org.gradle.internal.buildtree.DefaultBuildTreeModelCreator$DefaultBuildTreeModelController.locateBuilderForBuildTarget(DefaultBuildTreeModelCreator.java:146)
	at org.gradle.internal.buildtree.DefaultBuildTreeModelCreator$DefaultBuildTreeModelController.locateBuilderForDefaultTarget(DefaultBuildTreeModelCreator.java:131)
	at org.gradle.internal.buildtree.DefaultBuildTreeModelCreator$DefaultBuildTreeModelController.locateBuilderForTarget(DefaultBuildTreeModelCreator.java:120)
	at org.gradle.internal.buildtree.DefaultBuildTreeModelCreator$DefaultBuildTreeModelController.access$200(DefaultBuildTreeModelCreator.java:69)
	at org.gradle.internal.buildtree.DefaultBuildTreeModelCreator$DefaultBuildTreeModelController$1.call(DefaultBuildTreeModelCreator.java:84)
	at org.gradle.internal.operations.DefaultBuildOperationRunner$CallableBuildOperationWorker.execute(DefaultBuildOperationRunner.java:209)
	at org.gradle.internal.operations.DefaultBuildOperationRunner$CallableBuildOperationWorker.execute(DefaultBuildOperationRunner.java:204)
	at org.gradle.internal.operations.DefaultBuildOperationRunner$2.execute(DefaultBuildOperationRunner.java:66)
	at org.gradle.internal.operations.DefaultBuildOperationRunner$2.execute(DefaultBuildOperationRunner.java:59)
	at org.gradle.internal.operations.DefaultBuildOperationRunner.execute(DefaultBuildOperationRunner.java:166)
	at org.gradle.internal.operations.DefaultBuildOperationRunner.execute(DefaultBuildOperationRunner.java:59)
	at org.gradle.internal.operations.DefaultBuildOperationRunner.call(DefaultBuildOperationRunner.java:53)
	at org.gradle.internal.buildtree.DefaultBuildTreeModelCreator$DefaultBuildTreeModelController.getModel(DefaultBuildTreeModelCreator.java:80)
	at org.gradle.tooling.internal.provider.runner.DefaultBuildController.doGetModel(DefaultBuildController.java:126)
	at org.gradle.tooling.internal.provider.runner.DefaultBuildController.getModel(DefaultBuildController.java:113)
	at org.gradle.tooling.internal.consumer.connection.ParameterAwareBuildControllerAdapter.getModel(ParameterAwareBuildControllerAdapter.java:40)
	at org.gradle.tooling.internal.consumer.connection.UnparameterizedBuildController.getModel(UnparameterizedBuildController.java:119)
	at org.gradle.tooling.internal.consumer.connection.NestedActionAwareBuildControllerAdapter.getModel(NestedActionAwareBuildControllerAdapter.java:32)
	at org.gradle.tooling.internal.consumer.connection.UnparameterizedBuildController.getModel(UnparameterizedBuildController.java:83)
	at org.gradle.tooling.internal.consumer.connection.NestedActionAwareBuildControllerAdapter.getModel(NestedActionAwareBuildControllerAdapter.java:32)
	at org.gradle.tooling.internal.consumer.connection.UnparameterizedBuildController.getModel(UnparameterizedBuildController.java:68)
	at org.gradle.tooling.internal.consumer.connection.NestedActionAwareBuildControllerAdapter.getModel(NestedActionAwareBuildControllerAdapter.java:32)
	at org.netbeans.modules.gradle.tooling.internal.NbProjectInfoAction.execute(NbProjectInfoAction.java:33)
	at org.netbeans.modules.gradle.tooling.internal.NbProjectInfoAction.execute(NbProjectInfoAction.java:29)
	at org.gradle.tooling.internal.consumer.connection.InternalBuildActionAdapter.execute(InternalBuildActionAdapter.java:66)
	at org.gradle.tooling.internal.provider.runner.AbstractClientProvidedBuildActionRunner$ActionAdapter.executeAction(AbstractClientProvidedBuildActionRunner.java:108)
	at org.gradle.tooling.internal.provider.runner.AbstractClientProvidedBuildActionRunner$ActionAdapter.runAction(AbstractClientProvidedBuildActionRunner.java:96)
	at org.gradle.tooling.internal.provider.runner.AbstractClientProvidedBuildActionRunner$ActionAdapter.fromBuildModel(AbstractClientProvidedBuildActionRunner.java:85)
	at org.gradle.tooling.internal.provider.runner.AbstractClientProvidedBuildActionRunner$ActionAdapter.fromBuildModel(AbstractClientProvidedBuildActionRunner.java:68)
	at org.gradle.internal.buildtree.DefaultBuildTreeModelCreator.fromBuildModel(DefaultBuildTreeModelCreator.java:66)
	at org.gradle.internal.cc.impl.barrier.BarrierAwareBuildTreeModelCreator.fromBuildModel$lambda$0(BarrierAwareBuildTreeModelCreator.kt:36)
	at org.gradle.internal.cc.impl.barrier.VintageConfigurationTimeActionRunner.runConfigurationTimeAction(VintageConfigurationTimeActionRunner.kt:48)
	at org.gradle.internal.cc.impl.barrier.BarrierAwareBuildTreeModelCreator.fromBuildModel(BarrierAwareBuildTreeModelCreator.kt:35)
	at org.gradle.internal.buildtree.DefaultBuildTreeLifecycleController.lambda$fromBuildModel$2(DefaultBuildTreeLifecycleController.java:90)
	at org.gradle.internal.buildtree.DefaultBuildTreeLifecycleController.lambda$runBuild$4(DefaultBuildTreeLifecycleController.java:120)
	at org.gradle.internal.model.StateTransitionController.lambda$transition$6(StateTransitionController.java:179)
	at org.gradle.internal.model.StateTransitionController.doTransition(StateTransitionController.java:276)
	at org.gradle.internal.model.StateTransitionController.lambda$transition$7(StateTransitionController.java:179)
	at org.gradle.internal.work.DefaultSynchronizer.withLock(DefaultSynchronizer.java:45)
	at org.gradle.internal.model.StateTransitionController.transition(StateTransitionController.java:179)
	at org.gradle.internal.buildtree.DefaultBuildTreeLifecycleController.runBuild(DefaultBuildTreeLifecycleController.java:117)
	at org.gradle.internal.buildtree.DefaultBuildTreeLifecycleController.fromBuildModel(DefaultBuildTreeLifecycleController.java:82)
	at org.gradle.tooling.internal.provider.runner.AbstractClientProvidedBuildActionRunner.runClientAction(AbstractClientProvidedBuildActionRunner.java:42)
	at org.gradle.tooling.internal.provider.runner.ClientProvidedBuildActionRunner.run(ClientProvidedBuildActionRunner.java:47)
	at org.gradle.launcher.exec.ChainingBuildActionRunner.run(ChainingBuildActionRunner.java:35)
	at org.gradle.internal.buildtree.ProblemReportingBuildActionRunner.run(ProblemReportingBuildActionRunner.java:54)
	at org.gradle.launcher.exec.BuildOutcomeReportingBuildActionRunner.run(BuildOutcomeReportingBuildActionRunner.java:83)
	at org.gradle.tooling.internal.provider.FileSystemWatchingBuildActionRunner.run(FileSystemWatchingBuildActionRunner.java:135)
	at org.gradle.launcher.exec.BuildCompletionNotifyingBuildActionRunner.run(BuildCompletionNotifyingBuildActionRunner.java:54)
	at org.gradle.launcher.exec.RootBuildLifecycleBuildActionExecutor.lambda$execute$0(RootBuildLifecycleBuildActionExecutor.java:101)
	at org.gradle.composite.internal.DefaultRootBuildState.run(DefaultRootBuildState.java:126)
	at org.gradle.launcher.exec.RootBuildLifecycleBuildActionExecutor.execute(RootBuildLifecycleBuildActionExecutor.java:101)
	at org.gradle.launcher.exec.BuildTreeLifecycleBuildActionExecutor.runRootBuildAction(BuildTreeLifecycleBuildActionExecutor.java:98)
	at org.gradle.launcher.exec.BuildTreeLifecycleBuildActionExecutor.execute(BuildTreeLifecycleBuildActionExecutor.java:69)
	at org.gradle.launcher.exec.RunAsBuildOperationBuildActionExecutor$2.call(RunAsBuildOperationBuildActionExecutor.java:65)
	at org.gradle.launcher.exec.RunAsBuildOperationBuildActionExecutor$2.call(RunAsBuildOperationBuildActionExecutor.java:61)
	at org.gradle.internal.operations.DefaultBuildOperationRunner$CallableBuildOperationWorker.execute(DefaultBuildOperationRunner.java:209)
	at org.gradle.internal.operations.DefaultBuildOperationRunner$CallableBuildOperationWorker.execute(DefaultBuildOperationRunner.java:204)
	at org.gradle.internal.operations.DefaultBuildOperationRunner$2.execute(DefaultBuildOperationRunner.java:66)
	at org.gradle.internal.operations.DefaultBuildOperationRunner$2.execute(DefaultBuildOperationRunner.java:59)
	at org.gradle.internal.operations.DefaultBuildOperationRunner.execute(DefaultBuildOperationRunner.java:166)
	at org.gradle.internal.operations.DefaultBuildOperationRunner.execute(DefaultBuildOperationRunner.java:59)
	at org.gradle.internal.operations.DefaultBuildOperationRunner.call(DefaultBuildOperationRunner.java:53)
	at org.gradle.launcher.exec.RunAsBuildOperationBuildActionExecutor.execute(RunAsBuildOperationBuildActionExecutor.java:61)
	at org.gradle.launcher.exec.RunAsWorkerThreadBuildActionExecutor.lambda$execute$0(RunAsWorkerThreadBuildActionExecutor.java:36)
	at org.gradle.internal.work.DefaultWorkerLeaseService.lambda$withLocksAcquired$0(DefaultWorkerLeaseService.java:269)
	at org.gradle.internal.work.ResourceLockStatistics$1.measure(ResourceLockStatistics.java:42)
	at org.gradle.internal.work.DefaultWorkerLeaseService.withLocksAcquired(DefaultWorkerLeaseService.java:267)
	at org.gradle.internal.work.DefaultWorkerLeaseService.withLocks(DefaultWorkerLeaseService.java:259)
	at org.gradle.internal.work.DefaultWorkerLeaseService.runAsWorkerThread(DefaultWorkerLeaseService.java:127)
	at org.gradle.launcher.exec.RunAsWorkerThreadBuildActionExecutor.execute(RunAsWorkerThreadBuildActionExecutor.java:36)
	at org.gradle.tooling.internal.provider.continuous.ContinuousBuildActionExecutor.execute(ContinuousBuildActionExecutor.java:110)
	at org.gradle.tooling.internal.provider.SubscribableBuildActionExecutor.execute(SubscribableBuildActionExecutor.java:64)
	at org.gradle.internal.session.DefaultBuildSessionContext.execute(DefaultBuildSessionContext.java:46)
	at org.gradle.internal.buildprocess.execution.BuildSessionLifecycleBuildActionExecutor$ActionImpl.apply(BuildSessionLifecycleBuildActionExecutor.java:106)
	at org.gradle.internal.buildprocess.execution.BuildSessionLifecycleBuildActionExecutor$ActionImpl.apply(BuildSessionLifecycleBuildActionExecutor.java:94)
	at org.gradle.internal.session.BuildSessionState.run(BuildSessionState.java:73)
	at org.gradle.internal.buildprocess.execution.BuildSessionLifecycleBuildActionExecutor.execute(BuildSessionLifecycleBuildActionExecutor.java:67)
	at org.gradle.internal.buildprocess.execution.BuildSessionLifecycleBuildActionExecutor.execute(BuildSessionLifecycleBuildActionExecutor.java:45)
	at org.gradle.internal.buildprocess.execution.StartParamsValidatingActionExecutor.execute(StartParamsValidatingActionExecutor.java:57)
	at org.gradle.internal.buildprocess.execution.StartParamsValidatingActionExecutor.execute(StartParamsValidatingActionExecutor.java:32)
	at org.gradle.internal.buildprocess.execution.SessionFailureReportingActionExecutor.execute(SessionFailureReportingActionExecutor.java:51)
	at org.gradle.internal.buildprocess.execution.SessionFailureReportingActionExecutor.execute(SessionFailureReportingActionExecutor.java:39)
	at org.gradle.internal.buildprocess.execution.SetupLoggingActionExecutor.execute(SetupLoggingActionExecutor.java:47)
	at org.gradle.internal.buildprocess.execution.SetupLoggingActionExecutor.execute(SetupLoggingActionExecutor.java:31)
	at org.gradle.launcher.daemon.server.exec.ExecuteBuild.doBuild(ExecuteBuild.java:70)
	at org.gradle.launcher.daemon.server.exec.BuildCommandOnly.execute(BuildCommandOnly.java:37)
	at org.gradle.launcher.daemon.server.api.DaemonCommandExecution.proceed(DaemonCommandExecution.java:104)
	at org.gradle.launcher.daemon.server.exec.WatchForDisconnection.execute(WatchForDisconnection.java:39)
	at org.gradle.launcher.daemon.server.api.DaemonCommandExecution.proceed(DaemonCommandExecution.java:104)
	at org.gradle.launcher.daemon.server.exec.ResetDeprecationLogger.execute(ResetDeprecationLogger.java:29)
	at org.gradle.launcher.daemon.server.api.DaemonCommandExecution.proceed(DaemonCommandExecution.java:104)
	at org.gradle.launcher.daemon.server.exec.RequestStopIfSingleUsedDaemon.execute(RequestStopIfSingleUsedDaemon.java:35)
	at org.gradle.launcher.daemon.server.api.DaemonCommandExecution.proceed(DaemonCommandExecution.java:104)
	at org.gradle.launcher.daemon.server.exec.ForwardClientInput.lambda$execute$0(ForwardClientInput.java:40)
	at org.gradle.internal.daemon.clientinput.ClientInputForwarder.forwardInput(ClientInputForwarder.java:80)
	at org.gradle.launcher.daemon.server.exec.ForwardClientInput.execute(ForwardClientInput.java:37)
	at org.gradle.launcher.daemon.server.api.DaemonCommandExecution.proceed(DaemonCommandExecution.java:104)
	at org.gradle.launcher.daemon.server.exec.LogAndCheckHealth.execute(LogAndCheckHealth.java:64)
	at org.gradle.launcher.daemon.server.api.DaemonCommandExecution.proceed(DaemonCommandExecution.java:104)
	at org.gradle.launcher.daemon.server.exec.LogToClient.doBuild(LogToClient.java:63)
	at org.gradle.launcher.daemon.server.exec.BuildCommandOnly.execute(BuildCommandOnly.java:37)
	at org.gradle.launcher.daemon.server.api.DaemonCommandExecution.proceed(DaemonCommandExecution.java:104)
	at org.gradle.launcher.daemon.server.exec.EstablishBuildEnvironment.doBuild(EstablishBuildEnvironment.java:84)
	at org.gradle.launcher.daemon.server.exec.BuildCommandOnly.execute(BuildCommandOnly.java:37)
	at org.gradle.launcher.daemon.server.api.DaemonCommandExecution.proceed(DaemonCommandExecution.java:104)
	at org.gradle.launcher.daemon.server.exec.StartBuildOrRespondWithBusy$1.run(StartBuildOrRespondWithBusy.java:52)
	at org.gradle.launcher.daemon.server.DaemonStateCoordinator.lambda$runCommand$0(DaemonStateCoordinator.java:321)
	at org.gradle.internal.concurrent.ExecutorPolicy$CatchAndRecordFailures.onExecute(ExecutorPolicy.java:64)
	at org.gradle.internal.concurrent.AbstractManagedExecutor$1.run(AbstractManagedExecutor.java:47)
Caused by: com.android.builder.errors.EvalIssueException: SDK location not found. Define a valid SDK location with an ANDROID_HOME environment variable or by setting the sdk.dir path in your project's local properties file at '/home/kairav/dev/byld/main_game/external/imgui/examples/example_android_opengl3/android/local.properties'.
	at com.android.builder.errors.IssueReporter.reportError(IssueReporter.kt:119)
	at com.android.builder.errors.IssueReporter.reportError$default(IssueReporter.kt:114)
	at com.android.build.gradle.internal.SdkLocator.getSdkLocation(SdkLocator.kt:322)
	at com.android.build.gradle.internal.SdkLocator.getSdkDirectory(SdkLocator.kt:270)
	at com.android.build.gradle.internal.cxx.configure.NdkLocator.findNdkPath(NdkLocator.kt:424)
	at com.android.build.gradle.internal.ndk.NdkHandler.getNdkStatus(NdkHandler.kt:83)
	at com.android.build.gradle.internal.ndk.NdkHandler.getNdkPlatform(NdkHandler.kt:96)
	at com.android.build.gradle.internal.cxx.gradle.generator.CxxConfigurationModelKt.tryCreateConfigurationParameters(CxxConfigurationModel.kt:213)
	at com.android.build.gradle.internal.cxx.configure.CxxCreateGradleTasksKt.createCxxTasks(CxxCreateGradleTasks.kt:89)
	at com.android.build.gradle.internal.VariantTaskManager.createTopLevelTasks(VariantTaskManager.kt:228)
	at com.android.build.gradle.internal.VariantTaskManager.createTasks(VariantTaskManager.kt:143)
	at com.android.build.gradle.internal.plugins.BasePlugin.createAndroidTasks(BasePlugin.kt:774)
	at com.android.build.gradle.internal.plugins.BasePlugin$createTasks$2$1.call(BasePlugin.kt:617)
	at com.android.build.gradle.internal.profile.NoOpAnalyticsConfiguratorService.recordBlock(NoOpAnalyticsConfiguratorService.kt:57)
	at com.android.build.gradle.internal.plugins.BasePlugin$createTasks$2.accept(BasePlugin.kt:612)
	at com.android.build.gradle.internal.plugins.BasePlugin$createTasks$2.accept(BasePlugin.kt:609)
	at com.android.build.gradle.internal.crash.CrashReporting$afterEvaluate$1.execute(crash_reporting.kt:37)
	at com.android.build.gradle.internal.crash.CrashReporting$afterEvaluate$1.execute(crash_reporting.kt:35)
	at org.gradle.internal.code.DefaultUserCodeApplicationContext$CurrentApplication$1.execute(DefaultUserCodeApplicationContext.java:124)
	at org.gradle.configuration.internal.DefaultListenerBuildOperationDecorator$BuildOperationEmittingAction$1.run(DefaultListenerBuildOperationDecorator.java:173)
	at org.gradle.internal.operations.DefaultBuildOperationRunner$1.execute(DefaultBuildOperationRunner.java:29)
	at org.gradle.internal.operations.DefaultBuildOperationRunner$1.execute(DefaultBuildOperationRunner.java:26)
	at org.gradle.internal.operations.DefaultBuildOperationRunner$2.execute(DefaultBuildOperationRunner.java:66)
	at org.gradle.internal.operations.DefaultBuildOperationRunner$2.execute(DefaultBuildOperationRunner.java:59)
	at org.gradle.internal.operations.DefaultBuildOperationRunner.execute(DefaultBuildOperationRunner.java:166)
	at org.gradle.internal.operations.DefaultBuildOperationRunner.execute(DefaultBuildOperationRunner.java:59)
	at org.gradle.internal.operations.DefaultBuildOperationRunner.run(DefaultBuildOperationRunner.java:47)
	at org.gradle.configuration.internal.DefaultListenerBuildOperationDecorator$BuildOperationEmittingAction.execute(DefaultListenerBuildOperationDecorator.java:170)
	at org.gradle.internal.event.BroadcastDispatch$ActionInvocationHandler.dispatch(BroadcastDispatch.java:101)
	at org.gradle.internal.event.BroadcastDispatch$ActionInvocationHandler.dispatch(BroadcastDispatch.java:89)
	at org.gradle.internal.event.AbstractBroadcastDispatch.dispatch(AbstractBroadcastDispatch.java:44)
	at org.gradle.internal.event.BroadcastDispatch$SingletonDispatch.dispatch(BroadcastDispatch.java:270)
	at org.gradle.internal.event.BroadcastDispatch$SingletonDispatch.dispatch(BroadcastDispatch.java:172)
	at org.gradle.internal.event.AbstractBroadcastDispatch.dispatch(AbstractBroadcastDispatch.java:84)
	at org.gradle.internal.event.AbstractBroadcastDispatch.dispatch(AbstractBroadcastDispatch.java:70)
	at org.gradle.internal.event.BroadcastDispatch$CompositeDispatch.dispatch(BroadcastDispatch.java:382)
	at org.gradle.internal.event.BroadcastDispatch$CompositeDispatch.dispatch(BroadcastDispatch.java:274)
	at org.gradle.internal.event.ListenerBroadcast.dispatch(ListenerBroadcast.java:160)
	at org.gradle.internal.event.ListenerBroadcast.dispatch(ListenerBroadcast.java:37)
	at org.gradle.internal.dispatch.ProxyDispatchAdapter$DispatchingInvocationHandler.invoke(ProxyDispatchAdapter.java:88)
	at jdk.proxy1/jdk.proxy1.$Proxy76.afterEvaluate(Unknown Source)
	at org.gradle.configuration.project.LifecycleProjectEvaluator$NotifyAfterEvaluate$1.execute(LifecycleProjectEvaluator.java:247)
	at org.gradle.configuration.project.LifecycleProjectEvaluator$NotifyAfterEvaluate$1.execute(LifecycleProjectEvaluator.java:244)
	at org.gradle.api.internal.project.DefaultProject.stepEvaluationListener(DefaultProject.java:1510)
	at org.gradle.configuration.project.LifecycleProjectEvaluator$NotifyAfterEvaluate.run(LifecycleProjectEvaluator.java:253)
	at org.gradle.internal.operations.DefaultBuildOperationRunner$1.execute(DefaultBuildOperationRunner.java:29)
	at org.gradle.internal.operations.DefaultBuildOperationRunner$1.execute(DefaultBuildOperationRunner.java:26)
	at org.gradle.internal.operations.DefaultBuildOperationRunner$2.execute(DefaultBuildOperationRunner.java:66)
	at org.gradle.internal.operations.DefaultBuildOperationRunner$2.execute(DefaultBuildOperationRunner.java:59)
	at org.gradle.internal.operations.DefaultBuildOperationRunner.execute(DefaultBuildOperationRunner.java:166)
	at org.gradle.internal.operations.DefaultBuildOperationRunner.execute(DefaultBuildOperationRunner.java:59)
	at org.gradle.internal.operations.DefaultBuildOperationRunner.run(DefaultBuildOperationRunner.java:47)
	at org.gradle.configuration.project.LifecycleProjectEvaluator$EvaluateProject.lambda$run$0(LifecycleProjectEvaluator.java:114)
	at org.gradle.api.internal.project.DefaultProjectStateRegistry$ProjectStateImpl.lambda$applyToMutableState$0(DefaultProjectStateRegistry.java:443)
	at org.gradle.api.internal.project.DefaultProjectStateRegistry$ProjectStateImpl.lambda$fromMutableState$1(DefaultProjectStateRegistry.java:450)
	at org.gradle.internal.work.DefaultWorkerLeaseService.lambda$withLocksAcquired$0(DefaultWorkerLeaseService.java:269)
	at org.gradle.internal.work.ResourceLockStatistics$1.measure(ResourceLockStatistics.java:42)
	at org.gradle.internal.work.DefaultWorkerLeaseService.withLocksAcquired(DefaultWorkerLeaseService.java:267)
	at org.gradle.internal.work.DefaultWorkerLeaseService.lambda$withReplacedLocks$3(DefaultWorkerLeaseService.java:365)
	at org.gradle.internal.work.DefaultWorkerLeaseService.withoutLocks(DefaultWorkerLeaseService.java:337)
	at org.gradle.internal.work.DefaultWorkerLeaseService.withReplacedLocks(DefaultWorkerLeaseService.java:364)
	at org.gradle.api.internal.project.DefaultProjectStateRegistry$ProjectStateImpl.runWithModelLock(DefaultProjectStateRegistry.java:471)
	at org.gradle.api.internal.project.DefaultProjectStateRegistry$ProjectStateImpl.fromMutableState(DefaultProjectStateRegistry.java:450)
	at org.gradle.api.internal.project.DefaultProjectStateRegistry$ProjectStateImpl.applyToMutableState(DefaultProjectStateRegistry.java:442)
	at org.gradle.configuration.project.LifecycleProjectEvaluator$EvaluateProject.run(LifecycleProjectEvaluator.java:100)
	at org.gradle.internal.operations.DefaultBuildOperationRunner$1.execute(DefaultBuildOperationRunner.java:29)
	at org.gradle.internal.operations.DefaultBuildOperationRunner$1.execute(DefaultBuildOperationRunner.java:26)
	at org.gradle.internal.operations.DefaultBuildOperationRunner$2.execute(DefaultBuildOperationRunner.java:66)
	at org.gradle.internal.operations.DefaultBuildOperationRunner$2.execute(DefaultBuildOperationRunner.java:59)
	at org.gradle.internal.operations.DefaultBuildOperationRunner.execute(DefaultBuildOperationRunner.java:166)
	at org.gradle.internal.operations.DefaultBuildOperationRunner.execute(DefaultBuildOperationRunner.java:59)
	at org.gradle.internal.operations.DefaultBuildOperationRunner.run(DefaultBuildOperationRunner.java:47)
	at org.gradle.configuration.project.LifecycleProjectEvaluator.evaluate(LifecycleProjectEvaluator.java:72)
	at org.gradle.api.internal.project.DefaultProject.evaluateUnchecked(DefaultProject.java:796)
	at org.gradle.api.internal.project.ProjectLifecycleController.lambda$ensureSelfConfigured$2(ProjectLifecycleController.java:93)
	at org.gradle.internal.model.StateTransitionController.lambda$doTransition$14(StateTransitionController.java:265)
	at org.gradle.internal.model.StateTransitionController.doTransition(StateTransitionController.java:276)
	at org.gradle.internal.model.StateTransitionController.doTransition(StateTransitionController.java:264)
	at org.gradle.internal.model.StateTransitionController.lambda$maybeTransitionIfNotCurrentlyTransitioning$10(StateTransitionController.java:209)
	at org.gradle.internal.work.DefaultSynchronizer.withLock(DefaultSynchronizer.java:35)
	at org.gradle.internal.model.StateTransitionController.maybeTransitionIfNotCurrentlyTransitioning(StateTransitionController.java:205)
	at org.gradle.api.internal.project.ProjectLifecycleController.ensureSelfConfigured(ProjectLifecycleController.java:93)
	at org.gradle.api.internal.project.DefaultProjectStateRegistry$ProjectStateImpl.ensureConfigured(DefaultProjectStateRegistry.java:408)
	at org.gradle.execution.TaskPathProjectEvaluator.configure(TaskPathProjectEvaluator.java:71)
	at org.gradle.execution.TaskPathProjectEvaluator.configureHierarchy(TaskPathProjectEvaluator.java:87)
	at org.gradle.configuration.DefaultProjectsPreparer.prepareProjects(DefaultProjectsPreparer.java:50)
	at org.gradle.configuration.BuildTreePreparingProjectsPreparer.prepareProjects(BuildTreePreparingProjectsPreparer.java:65)
	at org.gradle.configuration.BuildOperationFiringProjectsPreparer$ConfigureBuild.run(BuildOperationFiringProjectsPreparer.java:52)
	at org.gradle.internal.operations.DefaultBuildOperationRunner$1.execute(DefaultBuildOperationRunner.java:29)
	at org.gradle.internal.operations.DefaultBuildOperationRunner$1.execute(DefaultBuildOperationRunner.java:26)
	at org.gradle.internal.operations.DefaultBuildOperationRunner$2.execute(DefaultBuildOperationRunner.java:66)
	at org.gradle.internal.operations.DefaultBuildOperationRunner$2.execute(DefaultBuildOperationRunner.java:59)
	at org.gradle.internal.operations.DefaultBuildOperationRunner.execute(DefaultBuildOperationRunner.java:166)
	at org.gradle.internal.operations.DefaultBuildOperationRunner.execute(DefaultBuildOperationRunner.java:59)
	at org.gradle.internal.operations.DefaultBuildOperationRunner.run(DefaultBuildOperationRunner.java:47)
	at org.gradle.configuration.BuildOperationFiringProjectsPreparer.prepareProjects(BuildOperationFiringProjectsPreparer.java:40)
	at org.gradle.initialization.VintageBuildModelController.lambda$prepareProjects$2(VintageBuildModelController.java:83)
	at org.gradle.internal.model.StateTransitionController.lambda$doTransition$14(StateTransitionController.java:265)
	at org.gradle.internal.model.StateTransitionController.doTransition(StateTransitionController.java:276)
	at org.gradle.internal.model.StateTransitionController.doTransition(StateTransitionController.java:264)
	at org.gradle.internal.model.StateTransitionController.lambda$transitionIfNotPreviously$11(StateTransitionController.java:223)
	at org.gradle.internal.work.DefaultSynchronizer.withLock(DefaultSynchronizer.java:35)
	at org.gradle.internal.model.StateTransitionController.transitionIfNotPreviously(StateTransitionController.java:219)
	at org.gradle.initialization.VintageBuildModelController.prepareProjects(VintageBuildModelController.java:83)
	at org.gradle.initialization.VintageBuildModelController.getConfiguredModel(VintageBuildModelController.java:63)
	at org.gradle.internal.build.DefaultBuildLifecycleController.lambda$withProjectsConfigured$1(DefaultBuildLifecycleController.java:133)
	at org.gradle.internal.model.StateTransitionController.lambda$notInState$3(StateTransitionController.java:142)
	at org.gradle.internal.work.DefaultSynchronizer.withLock(DefaultSynchronizer.java:45)
	at org.gradle.internal.model.StateTransitionController.notInState(StateTransitionController.java:138)
	at org.gradle.internal.build.DefaultBuildLifecycleController.withProjectsConfigured(DefaultBuildLifecycleController.java:133)
	at org.gradle.internal.build.DefaultBuildToolingModelController.locateBuilderForTarget(DefaultBuildToolingModelController.java:59)
	at org.gradle.internal.buildtree.DefaultBuildTreeModelCreator$DefaultBuildTreeModelController.lambda$locateBuilderForBuildTarget$0(DefaultBuildTreeModelCreator.java:146)
	at org.gradle.internal.build.DefaultBuildLifecycleController.withToolingModels(DefaultBuildLifecycleController.java:327)
	at org.gradle.internal.build.AbstractBuildState.withToolingModels(AbstractBuildState.java:169)
	at org.gradle.internal.buildtree.DefaultBuildTreeModelCreator$DefaultBuildTreeModelController.locateBuilderForBuildTarget(DefaultBuildTreeModelCreator.java:146)
	at org.gradle.internal.buildtree.DefaultBuildTreeModelCreator$DefaultBuildTreeModelController.locateBuilderForDefaultTarget(DefaultBuildTreeModelCreator.java:131)
	at org.gradle.internal.buildtree.DefaultBuildTreeModelCreator$DefaultBuildTreeModelController.locateBuilderForTarget(DefaultBuildTreeModelCreator.java:120)
	at org.gradle.internal.buildtree.DefaultBuildTreeModelCreator$DefaultBuildTreeModelController.access$200(DefaultBuildTreeModelCreator.java:69)
	at org.gradle.internal.buildtree.DefaultBuildTreeModelCreator$DefaultBuildTreeModelController$1.call(DefaultBuildTreeModelCreator.java:84)
	at org.gradle.internal.operations.DefaultBuildOperationRunner$CallableBuildOperationWorker.execute(DefaultBuildOperationRunner.java:209)
	at org.gradle.internal.operations.DefaultBuildOperationRunner$CallableBuildOperationWorker.execute(DefaultBuildOperationRunner.java:204)
	at org.gradle.internal.operations.DefaultBuildOperationRunner$2.execute(DefaultBuildOperationRunner.java:66)
	at org.gradle.internal.operations.DefaultBuildOperationRunner$2.execute(DefaultBuildOperationRunner.java:59)
	at org.gradle.internal.operations.DefaultBuildOperationRunner.execute(DefaultBuildOperationRunner.java:166)
	at org.gradle.internal.operations.DefaultBuildOperationRunner.execute(DefaultBuildOperationRunner.java:59)
	at org.gradle.internal.operations.DefaultBuildOperationRunner.call(DefaultBuildOperationRunner.java:53)
	at org.gradle.internal.buildtree.DefaultBuildTreeModelCreator$DefaultBuildTreeModelController.getModel(DefaultBuildTreeModelCreator.java:80)
	at org.gradle.tooling.internal.provider.runner.DefaultBuildController.doGetModel(DefaultBuildController.java:126)
	at org.gradle.tooling.internal.provider.runner.DefaultBuildController.getModel(DefaultBuildController.java:113)
	at org.gradle.tooling.internal.consumer.connection.ParameterAwareBuildControllerAdapter.getModel(ParameterAwareBuildControllerAdapter.java:40)
	at org.gradle.tooling.internal.consumer.connection.UnparameterizedBuildController.getModel(UnparameterizedBuildController.java:119)
	at org.gradle.tooling.internal.consumer.connection.NestedActionAwareBuildControllerAdapter.getModel(NestedActionAwareBuildControllerAdapter.java:32)
	at org.gradle.tooling.internal.consumer.connection.UnparameterizedBuildController.getModel(UnparameterizedBuildController.java:83)
	at org.gradle.tooling.internal.consumer.connection.NestedActionAwareBuildControllerAdapter.getModel(NestedActionAwareBuildControllerAdapter.java:32)
	at org.gradle.tooling.internal.consumer.connection.UnparameterizedBuildController.getModel(UnparameterizedBuildController.java:68)
	at org.gradle.tooling.internal.consumer.connection.NestedActionAwareBuildControllerAdapter.getModel(NestedActionAwareBuildControllerAdapter.java:32)
	at org.netbeans.modules.gradle.tooling.internal.NbProjectInfoAction.execute(NbProjectInfoAction.java:33)
	at org.netbeans.modules.gradle.tooling.internal.NbProjectInfoAction.execute(NbProjectInfoAction.java:29)
	at org.gradle.tooling.internal.consumer.connection.InternalBuildActionAdapter.execute(InternalBuildActionAdapter.java:66)
	at org.gradle.tooling.internal.provider.runner.AbstractClientProvidedBuildActionRunner$ActionAdapter.executeAction(AbstractClientProvidedBuildActionRunner.java:108)
	at org.gradle.tooling.internal.provider.runner.AbstractClientProvidedBuildActionRunner$ActionAdapter.runAction(AbstractClientProvidedBuildActionRunner.java:96)
	at org.gradle.tooling.internal.provider.runner.AbstractClientProvidedBuildActionRunner$ActionAdapter.fromBuildModel(AbstractClientProvidedBuildActionRunner.java:85)
	at org.gradle.tooling.internal.provider.runner.AbstractClientProvidedBuildActionRunner$ActionAdapter.fromBuildModel(AbstractClientProvidedBuildActionRunner.java:68)
	at org.gradle.internal.buildtree.DefaultBuildTreeModelCreator.fromBuildModel(DefaultBuildTreeModelCreator.java:66)
	at org.gradle.internal.cc.impl.barrier.BarrierAwareBuildTreeModelCreator.fromBuildModel$lambda$0(BarrierAwareBuildTreeModelCreator.kt:36)
	at org.gradle.internal.cc.impl.barrier.VintageConfigurationTimeActionRunner.runConfigurationTimeAction(VintageConfigurationTimeActionRunner.kt:48)
	at org.gradle.internal.cc.impl.barrier.BarrierAwareBuildTreeModelCreator.fromBuildModel(BarrierAwareBuildTreeModelCreator.kt:35)
	at org.gradle.internal.buildtree.DefaultBuildTreeLifecycleController.lambda$fromBuildModel$2(DefaultBuildTreeLifecycleController.java:90)
	at org.gradle.internal.buildtree.DefaultBuildTreeLifecycleController.lambda$runBuild$4(DefaultBuildTreeLifecycleController.java:120)
	at org.gradle.internal.model.StateTransitionController.lambda$transition$6(StateTransitionController.java:179)
	at org.gradle.internal.model.StateTransitionController.doTransition(StateTransitionController.java:276)
	at org.gradle.internal.model.StateTransitionController.lambda$transition$7(StateTransitionController.java:179)
	at org.gradle.internal.work.DefaultSynchronizer.withLock(DefaultSynchronizer.java:45)
	at org.gradle.internal.model.StateTransitionController.transition(StateTransitionController.java:179)
	at org.gradle.internal.buildtree.DefaultBuildTreeLifecycleController.runBuild(DefaultBuildTreeLifecycleController.java:117)
	at org.gradle.internal.buildtree.DefaultBuildTreeLifecycleController.fromBuildModel(DefaultBuildTreeLifecycleController.java:82)
	at org.gradle.tooling.internal.provider.runner.AbstractClientProvidedBuildActionRunner.runClientAction(AbstractClientProvidedBuildActionRunner.java:42)
	at org.gradle.tooling.internal.provider.runner.ClientProvidedBuildActionRunner.run(ClientProvidedBuildActionRunner.java:47)
	at org.gradle.launcher.exec.ChainingBuildActionRunner.run(ChainingBuildActionRunner.java:35)
	at org.gradle.internal.buildtree.ProblemReportingBuildActionRunner.run(ProblemReportingBuildActionRunner.java:54)
	at org.gradle.launcher.exec.BuildOutcomeReportingBuildActionRunner.run(BuildOutcomeReportingBuildActionRunner.java:83)
	at org.gradle.tooling.internal.provider.FileSystemWatchingBuildActionRunner.run(FileSystemWatchingBuildActionRunner.java:135)
	at org.gradle.launcher.exec.BuildCompletionNotifyingBuildActionRunner.run(BuildCompletionNotifyingBuildActionRunner.java:54)
	at org.gradle.launcher.exec.RootBuildLifecycleBuildActionExecutor.lambda$execute$0(RootBuildLifecycleBuildActionExecutor.java:101)
	at org.gradle.composite.internal.DefaultRootBuildState.run(DefaultRootBuildState.java:126)
	at org.gradle.launcher.exec.RootBuildLifecycleBuildActionExecutor.execute(RootBuildLifecycleBuildActionExecutor.java:101)
	at org.gradle.launcher.exec.BuildTreeLifecycleBuildActionExecutor.runRootBuildAction(BuildTreeLifecycleBuildActionExecutor.java:98)
	at org.gradle.launcher.exec.BuildTreeLifecycleBuildActionExecutor.execute(BuildTreeLifecycleBuildActionExecutor.java:69)
	at org.gradle.launcher.exec.RunAsBuildOperationBuildActionExecutor$2.call(RunAsBuildOperationBuildActionExecutor.java:65)
	at org.gradle.launcher.exec.RunAsBuildOperationBuildActionExecutor$2.call(RunAsBuildOperationBuildActionExecutor.java:61)
	at org.gradle.internal.operations.DefaultBuildOperationRunner$CallableBuildOperationWorker.execute(DefaultBuildOperationRunner.java:209)
	at org.gradle.internal.operations.DefaultBuildOperationRunner$CallableBuildOperationWorker.execute(DefaultBuildOperationRunner.java:204)
	at org.gradle.internal.operations.DefaultBuildOperationRunner$2.execute(DefaultBuildOperationRunner.java:66)
	at org.gradle.internal.operations.DefaultBuildOperationRunner$2.execute(DefaultBuildOperationRunner.java:59)
	at org.gradle.internal.operations.DefaultBuildOperationRunner.execute(DefaultBuildOperationRunner.java:166)
	at org.gradle.internal.operations.DefaultBuildOperationRunner.execute(DefaultBuildOperationRunner.java:59)
	at org.gradle.internal.operations.DefaultBuildOperationRunner.call(DefaultBuildOperationRunner.java:53)
	at org.gradle.launcher.exec.RunAsBuildOperationBuildActionExecutor.execute(RunAsBuildOperationBuildActionExecutor.java:61)
	at org.gradle.launcher.exec.RunAsWorkerThreadBuildActionExecutor.lambda$execute$0(RunAsWorkerThreadBuildActionExecutor.java:36)
	at org.gradle.internal.work.DefaultWorkerLeaseService.lambda$withLocksAcquired$0(DefaultWorkerLeaseService.java:269)
	at org.gradle.internal.work.ResourceLockStatistics$1.measure(ResourceLockStatistics.java:42)
	at org.gradle.internal.work.DefaultWorkerLeaseService.withLocksAcquired(DefaultWorkerLeaseService.java:267)
	at org.gradle.internal.work.DefaultWorkerLeaseService.withLocks(DefaultWorkerLeaseService.java:259)
	at org.gradle.internal.work.DefaultWorkerLeaseService.runAsWorkerThread(DefaultWorkerLeaseService.java:127)
	at org.gradle.launcher.exec.RunAsWorkerThreadBuildActionExecutor.execute(RunAsWorkerThreadBuildActionExecutor.java:36)
	at org.gradle.tooling.internal.provider.continuous.ContinuousBuildActionExecutor.execute(ContinuousBuildActionExecutor.java:110)
	at org.gradle.tooling.internal.provider.SubscribableBuildActionExecutor.execute(SubscribableBuildActionExecutor.java:64)
	at org.gradle.internal.session.DefaultBuildSessionContext.execute(DefaultBuildSessionContext.java:46)
	at org.gradle.internal.buildprocess.execution.BuildSessionLifecycleBuildActionExecutor$ActionImpl.apply(BuildSessionLifecycleBuildActionExecutor.java:106)
	at org.gradle.internal.buildprocess.execution.BuildSessionLifecycleBuildActionExecutor$ActionImpl.apply(BuildSessionLifecycleBuildActionExecutor.java:94)
	at org.gradle.internal.session.BuildSessionState.run(BuildSessionState.java:73)
	at org.gradle.internal.buildprocess.execution.BuildSessionLifecycleBuildActionExecutor.execute(BuildSessionLifecycleBuildActionExecutor.java:67)
	at org.gradle.internal.buildprocess.execution.BuildSessionLifecycleBuildActionExecutor.execute(BuildSessionLifecycleBuildActionExecutor.java:45)
	at org.gradle.internal.buildprocess.execution.StartParamsValidatingActionExecutor.execute(StartParamsValidatingActionExecutor.java:57)
	at org.gradle.internal.buildprocess.execution.StartParamsValidatingActionExecutor.execute(StartParamsValidatingActionExecutor.java:32)
	at org.gradle.internal.buildprocess.execution.SessionFailureReportingActionExecutor.execute(SessionFailureReportingActionExecutor.java:51)
	at org.gradle.internal.buildprocess.execution.SessionFailureReportingActionExecutor.execute(SessionFailureReportingActionExecutor.java:39)
	at org.gradle.internal.buildprocess.execution.SetupLoggingActionExecutor.execute(SetupLoggingActionExecutor.java:47)
	at org.gradle.internal.buildprocess.execution.SetupLoggingActionExecutor.execute(SetupLoggingActionExecutor.java:31)
	at org.gradle.launcher.daemon.server.exec.ExecuteBuild.doBuild(ExecuteBuild.java:70)
	at org.gradle.launcher.daemon.server.exec.BuildCommandOnly.execute(BuildCommandOnly.java:37)
	at org.gradle.launcher.daemon.server.api.DaemonCommandExecution.proceed(DaemonCommandExecution.java:104)
	at org.gradle.launcher.daemon.server.exec.WatchForDisconnection.execute(WatchForDisconnection.java:39)
	at org.gradle.launcher.daemon.server.api.DaemonCommandExecution.proceed(DaemonCommandExecution.java:104)
	at org.gradle.launcher.daemon.server.exec.ResetDeprecationLogger.execute(ResetDeprecationLogger.java:29)
	at org.gradle.launcher.daemon.server.api.DaemonCommandExecution.proceed(DaemonCommandExecution.java:104)
	at org.gradle.launcher.daemon.server.exec.RequestStopIfSingleUsedDaemon.execute(RequestStopIfSingleUsedDaemon.java:35)
	at org.gradle.launcher.daemon.server.api.DaemonCommandExecution.proceed(DaemonCommandExecution.java:104)
	at org.gradle.launcher.daemon.server.exec.ForwardClientInput.lambda$execute$0(ForwardClientInput.java:40)
	at org.gradle.internal.daemon.clientinput.ClientInputForwarder.forwardInput(ClientInputForwarder.java:80)
	at org.gradle.launcher.daemon.server.exec.ForwardClientInput.execute(ForwardClientInput.java:37)
	at org.gradle.launcher.daemon.server.api.DaemonCommandExecution.proceed(DaemonCommandExecution.java:104)
	at org.gradle.launcher.daemon.server.exec.LogAndCheckHealth.execute(LogAndCheckHealth.java:64)
	at org.gradle.launcher.daemon.server.api.DaemonCommandExecution.proceed(DaemonCommandExecution.java:104)
	at org.gradle.launcher.daemon.server.exec.LogToClient.doBuild(LogToClient.java:63)
	at org.gradle.launcher.daemon.server.exec.BuildCommandOnly.execute(BuildCommandOnly.java:37)
	at org.gradle.launcher.daemon.server.api.DaemonCommandExecution.proceed(DaemonCommandExecution.java:104)
	at org.gradle.launcher.daemon.server.exec.EstablishBuildEnvironment.doBuild(EstablishBuildEnvironment.java:84)
	at org.gradle.launcher.daemon.server.exec.BuildCommandOnly.execute(BuildCommandOnly.java:37)
	at org.gradle.launcher.daemon.server.api.DaemonCommandExecution.proceed(DaemonCommandExecution.java:104)
	at org.gradle.launcher.daemon.server.exec.StartBuildOrRespondWithBusy$1.run(StartBuildOrRespondWithBusy.java:52)
	at org.gradle.launcher.daemon.server.DaemonStateCoordinator.lambda$runCommand$0(DaemonStateCoordinator.java:321)
	at org.gradle.internal.concurrent.ExecutorPolicy$CatchAndRecordFailures.onExecute(ExecutorPolicy.java:64)
	at org.gradle.internal.concurrent.AbstractManagedExecutor$1.run(AbstractManagedExecutor.java:47)
INFO [org.netbeans.ui.maven.project]: A Maven project was opened. Appending the project's packaging type.
INFO [org.netbeans.ui.metrics.maven]: USG_PROJECT_OPEN_MAVEN
INFO [org.netbeans.modules.gradle.loaders.GradleProjectLoaderImpl]: Load aiming FULL for Gradle: support[FALLBACK]
WARNING [org.netbeans.modules.gradle.loaders.LegacyProjectLoader]: Loading of script /home/kairav/dev/lazycmake/build_directory2/_deps/fmt-src/support/build.gradle threw an exception {2}
INFO [org.netbeans.modules.gradle.loaders.LegacyProjectLoader]: Stacktrace from gradle daemon:
org.gradle.api.ProjectConfigurationException: A problem occurred configuring root project 'support'.
	at org.gradle.configuration.project.LifecycleProjectEvaluator.wrapException(LifecycleProjectEvaluator.java:84)
	at org.gradle.configuration.project.LifecycleProjectEvaluator.addConfigurationFailure(LifecycleProjectEvaluator.java:77)
	at org.gradle.configuration.project.LifecycleProjectEvaluator.access$500(LifecycleProjectEvaluator.java:55)
	at org.gradle.configuration.project.LifecycleProjectEvaluator$EvaluateProject.lambda$run$0(LifecycleProjectEvaluator.java:111)
	at org.gradle.api.internal.project.DefaultProjectStateRegistry$ProjectStateImpl.lambda$applyToMutableState$0(DefaultProjectStateRegistry.java:443)
	at org.gradle.api.internal.project.DefaultProjectStateRegistry$ProjectStateImpl.lambda$fromMutableState$1(DefaultProjectStateRegistry.java:450)
	at org.gradle.internal.work.DefaultWorkerLeaseService.lambda$withLocksAcquired$0(DefaultWorkerLeaseService.java:269)
	at org.gradle.internal.work.ResourceLockStatistics$1.measure(ResourceLockStatistics.java:42)
	at org.gradle.internal.work.DefaultWorkerLeaseService.withLocksAcquired(DefaultWorkerLeaseService.java:267)
	at org.gradle.internal.work.DefaultWorkerLeaseService.lambda$withReplacedLocks$3(DefaultWorkerLeaseService.java:365)
	at org.gradle.internal.work.DefaultWorkerLeaseService.withoutLocks(DefaultWorkerLeaseService.java:337)
	at org.gradle.internal.work.DefaultWorkerLeaseService.withReplacedLocks(DefaultWorkerLeaseService.java:364)
	at org.gradle.api.internal.project.DefaultProjectStateRegistry$ProjectStateImpl.runWithModelLock(DefaultProjectStateRegistry.java:471)
	at org.gradle.api.internal.project.DefaultProjectStateRegistry$ProjectStateImpl.fromMutableState(DefaultProjectStateRegistry.java:450)
	at org.gradle.api.internal.project.DefaultProjectStateRegistry$ProjectStateImpl.applyToMutableState(DefaultProjectStateRegistry.java:442)
	at org.gradle.configuration.project.LifecycleProjectEvaluator$EvaluateProject.run(LifecycleProjectEvaluator.java:100)
	at org.gradle.internal.operations.DefaultBuildOperationRunner$1.execute(DefaultBuildOperationRunner.java:29)
	at org.gradle.internal.operations.DefaultBuildOperationRunner$1.execute(DefaultBuildOperationRunner.java:26)
	at org.gradle.internal.operations.DefaultBuildOperationRunner$2.execute(DefaultBuildOperationRunner.java:66)
	at org.gradle.internal.operations.DefaultBuildOperationRunner$2.execute(DefaultBuildOperationRunner.java:59)
	at org.gradle.internal.operations.DefaultBuildOperationRunner.execute(DefaultBuildOperationRunner.java:166)
	at org.gradle.internal.operations.DefaultBuildOperationRunner.execute(DefaultBuildOperationRunner.java:59)
	at org.gradle.internal.operations.DefaultBuildOperationRunner.run(DefaultBuildOperationRunner.java:47)
	at org.gradle.configuration.project.LifecycleProjectEvaluator.evaluate(LifecycleProjectEvaluator.java:72)
	at org.gradle.api.internal.project.DefaultProject.evaluateUnchecked(DefaultProject.java:796)
	at org.gradle.api.internal.project.ProjectLifecycleController.lambda$ensureSelfConfigured$2(ProjectLifecycleController.java:93)
	at org.gradle.internal.model.StateTransitionController.lambda$doTransition$14(StateTransitionController.java:265)
	at org.gradle.internal.model.StateTransitionController.doTransition(StateTransitionController.java:276)
	at org.gradle.internal.model.StateTransitionController.doTransition(StateTransitionController.java:264)
	at org.gradle.internal.model.StateTransitionController.lambda$maybeTransitionIfNotCurrentlyTransitioning$10(StateTransitionController.java:209)
	at org.gradle.internal.work.DefaultSynchronizer.withLock(DefaultSynchronizer.java:35)
	at org.gradle.internal.model.StateTransitionController.maybeTransitionIfNotCurrentlyTransitioning(StateTransitionController.java:205)
	at org.gradle.api.internal.project.ProjectLifecycleController.ensureSelfConfigured(ProjectLifecycleController.java:93)
	at org.gradle.api.internal.project.DefaultProjectStateRegistry$ProjectStateImpl.ensureConfigured(DefaultProjectStateRegistry.java:408)
	at org.gradle.execution.TaskPathProjectEvaluator.configure(TaskPathProjectEvaluator.java:71)
	at org.gradle.execution.TaskPathProjectEvaluator.configureHierarchy(TaskPathProjectEvaluator.java:85)
	at org.gradle.configuration.DefaultProjectsPreparer.prepareProjects(DefaultProjectsPreparer.java:50)
	at org.gradle.configuration.BuildTreePreparingProjectsPreparer.prepareProjects(BuildTreePreparingProjectsPreparer.java:65)
	at org.gradle.configuration.BuildOperationFiringProjectsPreparer$ConfigureBuild.run(BuildOperationFiringProjectsPreparer.java:52)
	at org.gradle.internal.operations.DefaultBuildOperationRunner$1.execute(DefaultBuildOperationRunner.java:29)
	at org.gradle.internal.operations.DefaultBuildOperationRunner$1.execute(DefaultBuildOperationRunner.java:26)
	at org.gradle.internal.operations.DefaultBuildOperationRunner$2.execute(DefaultBuildOperationRunner.java:66)
	at org.gradle.internal.operations.DefaultBuildOperationRunner$2.execute(DefaultBuildOperationRunner.java:59)
	at org.gradle.internal.operations.DefaultBuildOperationRunner.execute(DefaultBuildOperationRunner.java:166)
	at org.gradle.internal.operations.DefaultBuildOperationRunner.execute(DefaultBuildOperationRunner.java:59)
	at org.gradle.internal.operations.DefaultBuildOperationRunner.run(DefaultBuildOperationRunner.java:47)
	at org.gradle.configuration.BuildOperationFiringProjectsPreparer.prepareProjects(BuildOperationFiringProjectsPreparer.java:40)
	at org.gradle.initialization.VintageBuildModelController.lambda$prepareProjects$2(VintageBuildModelController.java:83)
	at org.gradle.internal.model.StateTransitionController.lambda$doTransition$14(StateTransitionController.java:265)
	at org.gradle.internal.model.StateTransitionController.doTransition(StateTransitionController.java:276)
	at org.gradle.internal.model.StateTransitionController.doTransition(StateTransitionController.java:264)
	at org.gradle.internal.model.StateTransitionController.lambda$transitionIfNotPreviously$11(StateTransitionController.java:223)
	at org.gradle.internal.work.DefaultSynchronizer.withLock(DefaultSynchronizer.java:35)
	at org.gradle.internal.model.StateTransitionController.transitionIfNotPreviously(StateTransitionController.java:219)
	at org.gradle.initialization.VintageBuildModelController.prepareProjects(VintageBuildModelController.java:83)
	at org.gradle.initialization.VintageBuildModelController.getConfiguredModel(VintageBuildModelController.java:63)
	at org.gradle.internal.build.DefaultBuildLifecycleController.lambda$withProjectsConfigured$1(DefaultBuildLifecycleController.java:133)
	at org.gradle.internal.model.StateTransitionController.lambda$notInState$3(StateTransitionController.java:142)
	at org.gradle.internal.work.DefaultSynchronizer.withLock(DefaultSynchronizer.java:45)
	at org.gradle.internal.model.StateTransitionController.notInState(StateTransitionController.java:138)
	at org.gradle.internal.build.DefaultBuildLifecycleController.withProjectsConfigured(DefaultBuildLifecycleController.java:133)
	at org.gradle.internal.build.DefaultBuildToolingModelController.locateBuilderForTarget(DefaultBuildToolingModelController.java:59)
	at org.gradle.internal.buildtree.DefaultBuildTreeModelCreator$DefaultBuildTreeModelController.lambda$locateBuilderForBuildTarget$0(DefaultBuildTreeModelCreator.java:146)
	at org.gradle.internal.build.DefaultBuildLifecycleController.withToolingModels(DefaultBuildLifecycleController.java:327)
	at org.gradle.internal.build.AbstractBuildState.withToolingModels(AbstractBuildState.java:169)
	at org.gradle.internal.buildtree.DefaultBuildTreeModelCreator$DefaultBuildTreeModelController.locateBuilderForBuildTarget(DefaultBuildTreeModelCreator.java:146)
	at org.gradle.internal.buildtree.DefaultBuildTreeModelCreator$DefaultBuildTreeModelController.locateBuilderForDefaultTarget(DefaultBuildTreeModelCreator.java:131)
	at org.gradle.internal.buildtree.DefaultBuildTreeModelCreator$DefaultBuildTreeModelController.locateBuilderForTarget(DefaultBuildTreeModelCreator.java:120)
	at org.gradle.internal.buildtree.DefaultBuildTreeModelCreator$DefaultBuildTreeModelController.access$200(DefaultBuildTreeModelCreator.java:69)
	at org.gradle.internal.buildtree.DefaultBuildTreeModelCreator$DefaultBuildTreeModelController$1.call(DefaultBuildTreeModelCreator.java:84)
	at org.gradle.internal.operations.DefaultBuildOperationRunner$CallableBuildOperationWorker.execute(DefaultBuildOperationRunner.java:209)
	at org.gradle.internal.operations.DefaultBuildOperationRunner$CallableBuildOperationWorker.execute(DefaultBuildOperationRunner.java:204)
	at org.gradle.internal.operations.DefaultBuildOperationRunner$2.execute(DefaultBuildOperationRunner.java:66)
	at org.gradle.internal.operations.DefaultBuildOperationRunner$2.execute(DefaultBuildOperationRunner.java:59)
	at org.gradle.internal.operations.DefaultBuildOperationRunner.execute(DefaultBuildOperationRunner.java:166)
	at org.gradle.internal.operations.DefaultBuildOperationRunner.execute(DefaultBuildOperationRunner.java:59)
	at org.gradle.internal.operations.DefaultBuildOperationRunner.call(DefaultBuildOperationRunner.java:53)
	at org.gradle.internal.buildtree.DefaultBuildTreeModelCreator$DefaultBuildTreeModelController.getModel(DefaultBuildTreeModelCreator.java:80)
	at org.gradle.tooling.internal.provider.runner.DefaultBuildController.doGetModel(DefaultBuildController.java:126)
	at org.gradle.tooling.internal.provider.runner.DefaultBuildController.getModel(DefaultBuildController.java:113)
	at org.gradle.tooling.internal.consumer.connection.ParameterAwareBuildControllerAdapter.getModel(ParameterAwareBuildControllerAdapter.java:40)
	at org.gradle.tooling.internal.consumer.connection.UnparameterizedBuildController.getModel(UnparameterizedBuildController.java:119)
	at org.gradle.tooling.internal.consumer.connection.NestedActionAwareBuildControllerAdapter.getModel(NestedActionAwareBuildControllerAdapter.java:32)
	at org.gradle.tooling.internal.consumer.connection.UnparameterizedBuildController.getModel(UnparameterizedBuildController.java:83)
	at org.gradle.tooling.internal.consumer.connection.NestedActionAwareBuildControllerAdapter.getModel(NestedActionAwareBuildControllerAdapter.java:32)
	at org.gradle.tooling.internal.consumer.connection.UnparameterizedBuildController.getModel(UnparameterizedBuildController.java:68)
	at org.gradle.tooling.internal.consumer.connection.NestedActionAwareBuildControllerAdapter.getModel(NestedActionAwareBuildControllerAdapter.java:32)
	at org.netbeans.modules.gradle.tooling.internal.NbProjectInfoAction.execute(NbProjectInfoAction.java:33)
	at org.netbeans.modules.gradle.tooling.internal.NbProjectInfoAction.execute(NbProjectInfoAction.java:29)
	at org.gradle.tooling.internal.consumer.connection.InternalBuildActionAdapter.execute(InternalBuildActionAdapter.java:66)
	at org.gradle.tooling.internal.provider.runner.AbstractClientProvidedBuildActionRunner$ActionAdapter.executeAction(AbstractClientProvidedBuildActionRunner.java:108)
	at org.gradle.tooling.internal.provider.runner.AbstractClientProvidedBuildActionRunner$ActionAdapter.runAction(AbstractClientProvidedBuildActionRunner.java:96)
	at org.gradle.tooling.internal.provider.runner.AbstractClientProvidedBuildActionRunner$ActionAdapter.fromBuildModel(AbstractClientProvidedBuildActionRunner.java:85)
	at org.gradle.tooling.internal.provider.runner.AbstractClientProvidedBuildActionRunner$ActionAdapter.fromBuildModel(AbstractClientProvidedBuildActionRunner.java:68)
	at org.gradle.internal.buildtree.DefaultBuildTreeModelCreator.fromBuildModel(DefaultBuildTreeModelCreator.java:66)
	at org.gradle.internal.cc.impl.barrier.BarrierAwareBuildTreeModelCreator.fromBuildModel$lambda$0(BarrierAwareBuildTreeModelCreator.kt:36)
	at org.gradle.internal.cc.impl.barrier.VintageConfigurationTimeActionRunner.runConfigurationTimeAction(VintageConfigurationTimeActionRunner.kt:48)
	at org.gradle.internal.cc.impl.barrier.BarrierAwareBuildTreeModelCreator.fromBuildModel(BarrierAwareBuildTreeModelCreator.kt:35)
	at org.gradle.internal.buildtree.DefaultBuildTreeLifecycleController.lambda$fromBuildModel$2(DefaultBuildTreeLifecycleController.java:90)
	at org.gradle.internal.buildtree.DefaultBuildTreeLifecycleController.lambda$runBuild$4(DefaultBuildTreeLifecycleController.java:120)
	at org.gradle.internal.model.StateTransitionController.lambda$transition$6(StateTransitionController.java:179)
	at org.gradle.internal.model.StateTransitionController.doTransition(StateTransitionController.java:276)
	at org.gradle.internal.model.StateTransitionController.lambda$transition$7(StateTransitionController.java:179)
	at org.gradle.internal.work.DefaultSynchronizer.withLock(DefaultSynchronizer.java:45)
	at org.gradle.internal.model.StateTransitionController.transition(StateTransitionController.java:179)
	at org.gradle.internal.buildtree.DefaultBuildTreeLifecycleController.runBuild(DefaultBuildTreeLifecycleController.java:117)
	at org.gradle.internal.buildtree.DefaultBuildTreeLifecycleController.fromBuildModel(DefaultBuildTreeLifecycleController.java:82)
	at org.gradle.tooling.internal.provider.runner.AbstractClientProvidedBuildActionRunner.runClientAction(AbstractClientProvidedBuildActionRunner.java:42)
	at org.gradle.tooling.internal.provider.runner.ClientProvidedBuildActionRunner.run(ClientProvidedBuildActionRunner.java:47)
	at org.gradle.launcher.exec.ChainingBuildActionRunner.run(ChainingBuildActionRunner.java:35)
	at org.gradle.internal.buildtree.ProblemReportingBuildActionRunner.run(ProblemReportingBuildActionRunner.java:54)
	at org.gradle.launcher.exec.BuildOutcomeReportingBuildActionRunner.run(BuildOutcomeReportingBuildActionRunner.java:83)
	at org.gradle.tooling.internal.provider.FileSystemWatchingBuildActionRunner.run(FileSystemWatchingBuildActionRunner.java:135)
	at org.gradle.launcher.exec.BuildCompletionNotifyingBuildActionRunner.run(BuildCompletionNotifyingBuildActionRunner.java:54)
	at org.gradle.launcher.exec.RootBuildLifecycleBuildActionExecutor.lambda$execute$0(RootBuildLifecycleBuildActionExecutor.java:101)
	at org.gradle.composite.internal.DefaultRootBuildState.run(DefaultRootBuildState.java:126)
	at org.gradle.launcher.exec.RootBuildLifecycleBuildActionExecutor.execute(RootBuildLifecycleBuildActionExecutor.java:101)
	at org.gradle.launcher.exec.BuildTreeLifecycleBuildActionExecutor.runRootBuildAction(BuildTreeLifecycleBuildActionExecutor.java:98)
	at org.gradle.launcher.exec.BuildTreeLifecycleBuildActionExecutor.execute(BuildTreeLifecycleBuildActionExecutor.java:69)
	at org.gradle.launcher.exec.RunAsBuildOperationBuildActionExecutor$2.call(RunAsBuildOperationBuildActionExecutor.java:65)
	at org.gradle.launcher.exec.RunAsBuildOperationBuildActionExecutor$2.call(RunAsBuildOperationBuildActionExecutor.java:61)
	at org.gradle.internal.operations.DefaultBuildOperationRunner$CallableBuildOperationWorker.execute(DefaultBuildOperationRunner.java:209)
	at org.gradle.internal.operations.DefaultBuildOperationRunner$CallableBuildOperationWorker.execute(DefaultBuildOperationRunner.java:204)
	at org.gradle.internal.operations.DefaultBuildOperationRunner$2.execute(DefaultBuildOperationRunner.java:66)
	at org.gradle.internal.operations.DefaultBuildOperationRunner$2.execute(DefaultBuildOperationRunner.java:59)
	at org.gradle.internal.operations.DefaultBuildOperationRunner.execute(DefaultBuildOperationRunner.java:166)
	at org.gradle.internal.operations.DefaultBuildOperationRunner.execute(DefaultBuildOperationRunner.java:59)
	at org.gradle.internal.operations.DefaultBuildOperationRunner.call(DefaultBuildOperationRunner.java:53)
	at org.gradle.launcher.exec.RunAsBuildOperationBuildActionExecutor.execute(RunAsBuildOperationBuildActionExecutor.java:61)
	at org.gradle.launcher.exec.RunAsWorkerThreadBuildActionExecutor.lambda$execute$0(RunAsWorkerThreadBuildActionExecutor.java:36)
	at org.gradle.internal.work.DefaultWorkerLeaseService.lambda$withLocksAcquired$0(DefaultWorkerLeaseService.java:269)
	at org.gradle.internal.work.ResourceLockStatistics$1.measure(ResourceLockStatistics.java:42)
	at org.gradle.internal.work.DefaultWorkerLeaseService.withLocksAcquired(DefaultWorkerLeaseService.java:267)
	at org.gradle.internal.work.DefaultWorkerLeaseService.withLocks(DefaultWorkerLeaseService.java:259)
	at org.gradle.internal.work.DefaultWorkerLeaseService.runAsWorkerThread(DefaultWorkerLeaseService.java:127)
	at org.gradle.launcher.exec.RunAsWorkerThreadBuildActionExecutor.execute(RunAsWorkerThreadBuildActionExecutor.java:36)
	at org.gradle.tooling.internal.provider.continuous.ContinuousBuildActionExecutor.execute(ContinuousBuildActionExecutor.java:110)
	at org.gradle.tooling.internal.provider.SubscribableBuildActionExecutor.execute(SubscribableBuildActionExecutor.java:64)
	at org.gradle.internal.session.DefaultBuildSessionContext.execute(DefaultBuildSessionContext.java:46)
	at org.gradle.internal.buildprocess.execution.BuildSessionLifecycleBuildActionExecutor$ActionImpl.apply(BuildSessionLifecycleBuildActionExecutor.java:106)
	at org.gradle.internal.buildprocess.execution.BuildSessionLifecycleBuildActionExecutor$ActionImpl.apply(BuildSessionLifecycleBuildActionExecutor.java:94)
	at org.gradle.internal.session.BuildSessionState.run(BuildSessionState.java:73)
	at org.gradle.internal.buildprocess.execution.BuildSessionLifecycleBuildActionExecutor.execute(BuildSessionLifecycleBuildActionExecutor.java:67)
	at org.gradle.internal.buildprocess.execution.BuildSessionLifecycleBuildActionExecutor.execute(BuildSessionLifecycleBuildActionExecutor.java:45)
	at org.gradle.internal.buildprocess.execution.StartParamsValidatingActionExecutor.execute(StartParamsValidatingActionExecutor.java:57)
	at org.gradle.internal.buildprocess.execution.StartParamsValidatingActionExecutor.execute(StartParamsValidatingActionExecutor.java:32)
	at org.gradle.internal.buildprocess.execution.SessionFailureReportingActionExecutor.execute(SessionFailureReportingActionExecutor.java:51)
	at org.gradle.internal.buildprocess.execution.SessionFailureReportingActionExecutor.execute(SessionFailureReportingActionExecutor.java:39)
	at org.gradle.internal.buildprocess.execution.SetupLoggingActionExecutor.execute(SetupLoggingActionExecutor.java:47)
	at org.gradle.internal.buildprocess.execution.SetupLoggingActionExecutor.execute(SetupLoggingActionExecutor.java:31)
	at org.gradle.launcher.daemon.server.exec.ExecuteBuild.doBuild(ExecuteBuild.java:70)
	at org.gradle.launcher.daemon.server.exec.BuildCommandOnly.execute(BuildCommandOnly.java:37)
	at org.gradle.launcher.daemon.server.api.DaemonCommandExecution.proceed(DaemonCommandExecution.java:104)
	at org.gradle.launcher.daemon.server.exec.WatchForDisconnection.execute(WatchForDisconnection.java:39)
	at org.gradle.launcher.daemon.server.api.DaemonCommandExecution.proceed(DaemonCommandExecution.java:104)
	at org.gradle.launcher.daemon.server.exec.ResetDeprecationLogger.execute(ResetDeprecationLogger.java:29)
	at org.gradle.launcher.daemon.server.api.DaemonCommandExecution.proceed(DaemonCommandExecution.java:104)
	at org.gradle.launcher.daemon.server.exec.RequestStopIfSingleUsedDaemon.execute(RequestStopIfSingleUsedDaemon.java:35)
	at org.gradle.launcher.daemon.server.api.DaemonCommandExecution.proceed(DaemonCommandExecution.java:104)
	at org.gradle.launcher.daemon.server.exec.ForwardClientInput.lambda$execute$0(ForwardClientInput.java:40)
	at org.gradle.internal.daemon.clientinput.ClientInputForwarder.forwardInput(ClientInputForwarder.java:80)
	at org.gradle.launcher.daemon.server.exec.ForwardClientInput.execute(ForwardClientInput.java:37)
	at org.gradle.launcher.daemon.server.api.DaemonCommandExecution.proceed(DaemonCommandExecution.java:104)
	at org.gradle.launcher.daemon.server.exec.LogAndCheckHealth.execute(LogAndCheckHealth.java:64)
	at org.gradle.launcher.daemon.server.api.DaemonCommandExecution.proceed(DaemonCommandExecution.java:104)
	at org.gradle.launcher.daemon.server.exec.LogToClient.doBuild(LogToClient.java:63)
	at org.gradle.launcher.daemon.server.exec.BuildCommandOnly.execute(BuildCommandOnly.java:37)
	at org.gradle.launcher.daemon.server.api.DaemonCommandExecution.proceed(DaemonCommandExecution.java:104)
	at org.gradle.launcher.daemon.server.exec.EstablishBuildEnvironment.doBuild(EstablishBuildEnvironment.java:84)
	at org.gradle.launcher.daemon.server.exec.BuildCommandOnly.execute(BuildCommandOnly.java:37)
	at org.gradle.launcher.daemon.server.api.DaemonCommandExecution.proceed(DaemonCommandExecution.java:104)
	at org.gradle.launcher.daemon.server.exec.StartBuildOrRespondWithBusy$1.run(StartBuildOrRespondWithBusy.java:52)
	at org.gradle.launcher.daemon.server.DaemonStateCoordinator.lambda$runCommand$0(DaemonStateCoordinator.java:321)
	at org.gradle.internal.concurrent.ExecutorPolicy$CatchAndRecordFailures.onExecute(ExecutorPolicy.java:64)
	at org.gradle.internal.concurrent.AbstractManagedExecutor$1.run(AbstractManagedExecutor.java:47)
	at java.base/java.util.concurrent.ThreadPoolExecutor.runWorker(ThreadPoolExecutor.java:1144)
	at java.base/java.util.concurrent.ThreadPoolExecutor$Worker.run(ThreadPoolExecutor.java:642)
	at java.base/java.lang.Thread.run(Thread.java:1583)
Caused by: org.gradle.api.GradleScriptException: A problem occurred evaluating root project 'support'.
	at org.gradle.groovy.scripts.internal.DefaultScriptRunnerFactory$ScriptRunnerImpl.run(DefaultScriptRunnerFactory.java:93)
	at org.gradle.configuration.DefaultScriptPluginFactory$ScriptPluginImpl.apply(DefaultScriptPluginFactory.java:118)
	at org.gradle.configuration.BuildOperationScriptPlugin$1.run(BuildOperationScriptPlugin.java:68)
	at org.gradle.internal.operations.DefaultBuildOperationRunner$1.execute(DefaultBuildOperationRunner.java:29)
	at org.gradle.internal.operations.DefaultBuildOperationRunner$1.execute(DefaultBuildOperationRunner.java:26)
	at org.gradle.internal.operations.DefaultBuildOperationRunner$2.execute(DefaultBuildOperationRunner.java:66)
	at org.gradle.internal.operations.DefaultBuildOperationRunner$2.execute(DefaultBuildOperationRunner.java:59)
	at org.gradle.internal.operations.DefaultBuildOperationRunner.execute(DefaultBuildOperationRunner.java:166)
	at org.gradle.internal.operations.DefaultBuildOperationRunner.execute(DefaultBuildOperationRunner.java:59)
	at org.gradle.internal.operations.DefaultBuildOperationRunner.run(DefaultBuildOperationRunner.java:47)
	at org.gradle.configuration.BuildOperationScriptPlugin.lambda$apply$0(BuildOperationScriptPlugin.java:65)
	at org.gradle.internal.code.DefaultUserCodeApplicationContext.apply(DefaultUserCodeApplicationContext.java:44)
	at org.gradle.configuration.BuildOperationScriptPlugin.apply(BuildOperationScriptPlugin.java:65)
	at org.gradle.api.internal.project.DefaultProjectStateRegistry$ProjectStateImpl.lambda$applyToMutableState$0(DefaultProjectStateRegistry.java:443)
	at org.gradle.api.internal.project.DefaultProjectStateRegistry$ProjectStateImpl.lambda$fromMutableState$1(DefaultProjectStateRegistry.java:450)
	at org.gradle.api.internal.project.DefaultProjectStateRegistry$ProjectStateImpl.runWithModelLock(DefaultProjectStateRegistry.java:466)
	at org.gradle.api.internal.project.DefaultProjectStateRegistry$ProjectStateImpl.fromMutableState(DefaultProjectStateRegistry.java:450)
	at org.gradle.api.internal.project.DefaultProjectStateRegistry$ProjectStateImpl.applyToMutableState(DefaultProjectStateRegistry.java:442)
	at org.gradle.configuration.project.BuildScriptProcessor.execute(BuildScriptProcessor.java:46)
	at org.gradle.configuration.project.BuildScriptProcessor.execute(BuildScriptProcessor.java:27)
	at org.gradle.configuration.project.ConfigureActionsProjectEvaluator.evaluate(ConfigureActionsProjectEvaluator.java:35)
	at org.gradle.configuration.project.LifecycleProjectEvaluator$EvaluateProject.lambda$run$0(LifecycleProjectEvaluator.java:109)
	at org.gradle.api.internal.project.DefaultProjectStateRegistry$ProjectStateImpl.lambda$applyToMutableState$0(DefaultProjectStateRegistry.java:443)
	at org.gradle.api.internal.project.DefaultProjectStateRegistry$ProjectStateImpl.lambda$fromMutableState$1(DefaultProjectStateRegistry.java:450)
	at org.gradle.internal.work.DefaultWorkerLeaseService.lambda$withLocksAcquired$0(DefaultWorkerLeaseService.java:269)
	at org.gradle.internal.work.ResourceLockStatistics$1.measure(ResourceLockStatistics.java:42)
	at org.gradle.internal.work.DefaultWorkerLeaseService.withLocksAcquired(DefaultWorkerLeaseService.java:267)
	at org.gradle.internal.work.DefaultWorkerLeaseService.lambda$withReplacedLocks$3(DefaultWorkerLeaseService.java:365)
	at org.gradle.internal.work.DefaultWorkerLeaseService.withoutLocks(DefaultWorkerLeaseService.java:337)
	at org.gradle.internal.work.DefaultWorkerLeaseService.withReplacedLocks(DefaultWorkerLeaseService.java:364)
	at org.gradle.api.internal.project.DefaultProjectStateRegistry$ProjectStateImpl.runWithModelLock(DefaultProjectStateRegistry.java:471)
	at org.gradle.api.internal.project.DefaultProjectStateRegistry$ProjectStateImpl.fromMutableState(DefaultProjectStateRegistry.java:450)
	at org.gradle.api.internal.project.DefaultProjectStateRegistry$ProjectStateImpl.applyToMutableState(DefaultProjectStateRegistry.java:442)
	at org.gradle.configuration.project.LifecycleProjectEvaluator$EvaluateProject.run(LifecycleProjectEvaluator.java:100)
	at org.gradle.internal.operations.DefaultBuildOperationRunner$1.execute(DefaultBuildOperationRunner.java:29)
	at org.gradle.internal.operations.DefaultBuildOperationRunner$1.execute(DefaultBuildOperationRunner.java:26)
	at org.gradle.internal.operations.DefaultBuildOperationRunner$2.execute(DefaultBuildOperationRunner.java:66)
	at org.gradle.internal.operations.DefaultBuildOperationRunner$2.execute(DefaultBuildOperationRunner.java:59)
	at org.gradle.internal.operations.DefaultBuildOperationRunner.execute(DefaultBuildOperationRunner.java:166)
	at org.gradle.internal.operations.DefaultBuildOperationRunner.execute(DefaultBuildOperationRunner.java:59)
	at org.gradle.internal.operations.DefaultBuildOperationRunner.run(DefaultBuildOperationRunner.java:47)
	at org.gradle.configuration.project.LifecycleProjectEvaluator.evaluate(LifecycleProjectEvaluator.java:72)
	at org.gradle.api.internal.project.DefaultProject.evaluateUnchecked(DefaultProject.java:796)
	at org.gradle.api.internal.project.ProjectLifecycleController.lambda$ensureSelfConfigured$2(ProjectLifecycleController.java:93)
	at org.gradle.internal.model.StateTransitionController.lambda$doTransition$14(StateTransitionController.java:265)
	at org.gradle.internal.model.StateTransitionController.doTransition(StateTransitionController.java:276)
	at org.gradle.internal.model.StateTransitionController.doTransition(StateTransitionController.java:264)
	at org.gradle.internal.model.StateTransitionController.lambda$maybeTransitionIfNotCurrentlyTransitioning$10(StateTransitionController.java:209)
	at org.gradle.internal.work.DefaultSynchronizer.withLock(DefaultSynchronizer.java:35)
	at org.gradle.internal.model.StateTransitionController.maybeTransitionIfNotCurrentlyTransitioning(StateTransitionController.java:205)
	at org.gradle.api.internal.project.ProjectLifecycleController.ensureSelfConfigured(ProjectLifecycleController.java:93)
	at org.gradle.api.internal.project.DefaultProjectStateRegistry$ProjectStateImpl.ensureConfigured(DefaultProjectStateRegistry.java:408)
	at org.gradle.execution.TaskPathProjectEvaluator.configure(TaskPathProjectEvaluator.java:71)
	at org.gradle.execution.TaskPathProjectEvaluator.configureHierarchy(TaskPathProjectEvaluator.java:85)
	at org.gradle.configuration.DefaultProjectsPreparer.prepareProjects(DefaultProjectsPreparer.java:50)
	at org.gradle.configuration.BuildTreePreparingProjectsPreparer.prepareProjects(BuildTreePreparingProjectsPreparer.java:65)
	at org.gradle.configuration.BuildOperationFiringProjectsPreparer$ConfigureBuild.run(BuildOperationFiringProjectsPreparer.java:52)
	at org.gradle.internal.operations.DefaultBuildOperationRunner$1.execute(DefaultBuildOperationRunner.java:29)
	at org.gradle.internal.operations.DefaultBuildOperationRunner$1.execute(DefaultBuildOperationRunner.java:26)
	at org.gradle.internal.operations.DefaultBuildOperationRunner$2.execute(DefaultBuildOperationRunner.java:66)
	at org.gradle.internal.operations.DefaultBuildOperationRunner$2.execute(DefaultBuildOperationRunner.java:59)
	at org.gradle.internal.operations.DefaultBuildOperationRunner.execute(DefaultBuildOperationRunner.java:166)
	at org.gradle.internal.operations.DefaultBuildOperationRunner.execute(DefaultBuildOperationRunner.java:59)
	at org.gradle.internal.operations.DefaultBuildOperationRunner.run(DefaultBuildOperationRunner.java:47)
	at org.gradle.configuration.BuildOperationFiringProjectsPreparer.prepareProjects(BuildOperationFiringProjectsPreparer.java:40)
	at org.gradle.initialization.VintageBuildModelController.lambda$prepareProjects$2(VintageBuildModelController.java:83)
	at org.gradle.internal.model.StateTransitionController.lambda$doTransition$14(StateTransitionController.java:265)
	at org.gradle.internal.model.StateTransitionController.doTransition(StateTransitionController.java:276)
	at org.gradle.internal.model.StateTransitionController.doTransition(StateTransitionController.java:264)
	at org.gradle.internal.model.StateTransitionController.lambda$transitionIfNotPreviously$11(StateTransitionController.java:223)
	at org.gradle.internal.work.DefaultSynchronizer.withLock(DefaultSynchronizer.java:35)
	at org.gradle.internal.model.StateTransitionController.transitionIfNotPreviously(StateTransitionController.java:219)
	at org.gradle.initialization.VintageBuildModelController.prepareProjects(VintageBuildModelController.java:83)
	at org.gradle.initialization.VintageBuildModelController.getConfiguredModel(VintageBuildModelController.java:63)
	at org.gradle.internal.build.DefaultBuildLifecycleController.lambda$withProjectsConfigured$1(DefaultBuildLifecycleController.java:133)
	at org.gradle.internal.model.StateTransitionController.lambda$notInState$3(StateTransitionController.java:142)
	at org.gradle.internal.work.DefaultSynchronizer.withLock(DefaultSynchronizer.java:45)
	at org.gradle.internal.model.StateTransitionController.notInState(StateTransitionController.java:138)
	at org.gradle.internal.build.DefaultBuildLifecycleController.withProjectsConfigured(DefaultBuildLifecycleController.java:133)
	at org.gradle.internal.build.DefaultBuildToolingModelController.locateBuilderForTarget(DefaultBuildToolingModelController.java:59)
	at org.gradle.internal.buildtree.DefaultBuildTreeModelCreator$DefaultBuildTreeModelController.lambda$locateBuilderForBuildTarget$0(DefaultBuildTreeModelCreator.java:146)
	at org.gradle.internal.build.DefaultBuildLifecycleController.withToolingModels(DefaultBuildLifecycleController.java:327)
	at org.gradle.internal.build.AbstractBuildState.withToolingModels(AbstractBuildState.java:169)
	at org.gradle.internal.buildtree.DefaultBuildTreeModelCreator$DefaultBuildTreeModelController.locateBuilderForBuildTarget(DefaultBuildTreeModelCreator.java:146)
	at org.gradle.internal.buildtree.DefaultBuildTreeModelCreator$DefaultBuildTreeModelController.locateBuilderForDefaultTarget(DefaultBuildTreeModelCreator.java:131)
	at org.gradle.internal.buildtree.DefaultBuildTreeModelCreator$DefaultBuildTreeModelController.locateBuilderForTarget(DefaultBuildTreeModelCreator.java:120)
	at org.gradle.internal.buildtree.DefaultBuildTreeModelCreator$DefaultBuildTreeModelController.access$200(DefaultBuildTreeModelCreator.java:69)
	at org.gradle.internal.buildtree.DefaultBuildTreeModelCreator$DefaultBuildTreeModelController$1.call(DefaultBuildTreeModelCreator.java:84)
	at org.gradle.internal.operations.DefaultBuildOperationRunner$CallableBuildOperationWorker.execute(DefaultBuildOperationRunner.java:209)
	at org.gradle.internal.operations.DefaultBuildOperationRunner$CallableBuildOperationWorker.execute(DefaultBuildOperationRunner.java:204)
	at org.gradle.internal.operations.DefaultBuildOperationRunner$2.execute(DefaultBuildOperationRunner.java:66)
	at org.gradle.internal.operations.DefaultBuildOperationRunner$2.execute(DefaultBuildOperationRunner.java:59)
	at org.gradle.internal.operations.DefaultBuildOperationRunner.execute(DefaultBuildOperationRunner.java:166)
	at org.gradle.internal.operations.DefaultBuildOperationRunner.execute(DefaultBuildOperationRunner.java:59)
	at org.gradle.internal.operations.DefaultBuildOperationRunner.call(DefaultBuildOperationRunner.java:53)
	at org.gradle.internal.buildtree.DefaultBuildTreeModelCreator$DefaultBuildTreeModelController.getModel(DefaultBuildTreeModelCreator.java:80)
	at org.gradle.tooling.internal.provider.runner.DefaultBuildController.doGetModel(DefaultBuildController.java:126)
	at org.gradle.tooling.internal.provider.runner.DefaultBuildController.getModel(DefaultBuildController.java:113)
	at org.gradle.tooling.internal.consumer.connection.ParameterAwareBuildControllerAdapter.getModel(ParameterAwareBuildControllerAdapter.java:40)
	at org.gradle.tooling.internal.consumer.connection.UnparameterizedBuildController.getModel(UnparameterizedBuildController.java:119)
	at org.gradle.tooling.internal.consumer.connection.NestedActionAwareBuildControllerAdapter.getModel(NestedActionAwareBuildControllerAdapter.java:32)
	at org.gradle.tooling.internal.consumer.connection.UnparameterizedBuildController.getModel(UnparameterizedBuildController.java:83)
	at org.gradle.tooling.internal.consumer.connection.NestedActionAwareBuildControllerAdapter.getModel(NestedActionAwareBuildControllerAdapter.java:32)
	at org.gradle.tooling.internal.consumer.connection.UnparameterizedBuildController.getModel(UnparameterizedBuildController.java:68)
	at org.gradle.tooling.internal.consumer.connection.NestedActionAwareBuildControllerAdapter.getModel(NestedActionAwareBuildControllerAdapter.java:32)
	at org.netbeans.modules.gradle.tooling.internal.NbProjectInfoAction.execute(NbProjectInfoAction.java:33)
	at org.netbeans.modules.gradle.tooling.internal.NbProjectInfoAction.execute(NbProjectInfoAction.java:29)
	at org.gradle.tooling.internal.consumer.connection.InternalBuildActionAdapter.execute(InternalBuildActionAdapter.java:66)
	at org.gradle.tooling.internal.provider.runner.AbstractClientProvidedBuildActionRunner$ActionAdapter.executeAction(AbstractClientProvidedBuildActionRunner.java:108)
	at org.gradle.tooling.internal.provider.runner.AbstractClientProvidedBuildActionRunner$ActionAdapter.runAction(AbstractClientProvidedBuildActionRunner.java:96)
	at org.gradle.tooling.internal.provider.runner.AbstractClientProvidedBuildActionRunner$ActionAdapter.fromBuildModel(AbstractClientProvidedBuildActionRunner.java:85)
	at org.gradle.tooling.internal.provider.runner.AbstractClientProvidedBuildActionRunner$ActionAdapter.fromBuildModel(AbstractClientProvidedBuildActionRunner.java:68)
	at org.gradle.internal.buildtree.DefaultBuildTreeModelCreator.fromBuildModel(DefaultBuildTreeModelCreator.java:66)
	at org.gradle.internal.cc.impl.barrier.BarrierAwareBuildTreeModelCreator.fromBuildModel$lambda$0(BarrierAwareBuildTreeModelCreator.kt:36)
	at org.gradle.internal.cc.impl.barrier.VintageConfigurationTimeActionRunner.runConfigurationTimeAction(VintageConfigurationTimeActionRunner.kt:48)
	at org.gradle.internal.cc.impl.barrier.BarrierAwareBuildTreeModelCreator.fromBuildModel(BarrierAwareBuildTreeModelCreator.kt:35)
	at org.gradle.internal.buildtree.DefaultBuildTreeLifecycleController.lambda$fromBuildModel$2(DefaultBuildTreeLifecycleController.java:90)
	at org.gradle.internal.buildtree.DefaultBuildTreeLifecycleController.lambda$runBuild$4(DefaultBuildTreeLifecycleController.java:120)
	at org.gradle.internal.model.StateTransitionController.lambda$transition$6(StateTransitionController.java:179)
	at org.gradle.internal.model.StateTransitionController.doTransition(StateTransitionController.java:276)
	at org.gradle.internal.model.StateTransitionController.lambda$transition$7(StateTransitionController.java:179)
	at org.gradle.internal.work.DefaultSynchronizer.withLock(DefaultSynchronizer.java:45)
	at org.gradle.internal.model.StateTransitionController.transition(StateTransitionController.java:179)
	at org.gradle.internal.buildtree.DefaultBuildTreeLifecycleController.runBuild(DefaultBuildTreeLifecycleController.java:117)
	at org.gradle.internal.buildtree.DefaultBuildTreeLifecycleController.fromBuildModel(DefaultBuildTreeLifecycleController.java:82)
	at org.gradle.tooling.internal.provider.runner.AbstractClientProvidedBuildActionRunner.runClientAction(AbstractClientProvidedBuildActionRunner.java:42)
	at org.gradle.tooling.internal.provider.runner.ClientProvidedBuildActionRunner.run(ClientProvidedBuildActionRunner.java:47)
	at org.gradle.launcher.exec.ChainingBuildActionRunner.run(ChainingBuildActionRunner.java:35)
	at org.gradle.internal.buildtree.ProblemReportingBuildActionRunner.run(ProblemReportingBuildActionRunner.java:54)
	at org.gradle.launcher.exec.BuildOutcomeReportingBuildActionRunner.run(BuildOutcomeReportingBuildActionRunner.java:83)
	at org.gradle.tooling.internal.provider.FileSystemWatchingBuildActionRunner.run(FileSystemWatchingBuildActionRunner.java:135)
	at org.gradle.launcher.exec.BuildCompletionNotifyingBuildActionRunner.run(BuildCompletionNotifyingBuildActionRunner.java:54)
	at org.gradle.launcher.exec.RootBuildLifecycleBuildActionExecutor.lambda$execute$0(RootBuildLifecycleBuildActionExecutor.java:101)
	at org.gradle.composite.internal.DefaultRootBuildState.run(DefaultRootBuildState.java:126)
	at org.gradle.launcher.exec.RootBuildLifecycleBuildActionExecutor.execute(RootBuildLifecycleBuildActionExecutor.java:101)
	at org.gradle.launcher.exec.BuildTreeLifecycleBuildActionExecutor.runRootBuildAction(BuildTreeLifecycleBuildActionExecutor.java:98)
	at org.gradle.launcher.exec.BuildTreeLifecycleBuildActionExecutor.execute(BuildTreeLifecycleBuildActionExecutor.java:69)
	at org.gradle.launcher.exec.RunAsBuildOperationBuildActionExecutor$2.call(RunAsBuildOperationBuildActionExecutor.java:65)
	at org.gradle.launcher.exec.RunAsBuildOperationBuildActionExecutor$2.call(RunAsBuildOperationBuildActionExecutor.java:61)
	at org.gradle.internal.operations.DefaultBuildOperationRunner$CallableBuildOperationWorker.execute(DefaultBuildOperationRunner.java:209)
	at org.gradle.internal.operations.DefaultBuildOperationRunner$CallableBuildOperationWorker.execute(DefaultBuildOperationRunner.java:204)
	at org.gradle.internal.operations.DefaultBuildOperationRunner$2.execute(DefaultBuildOperationRunner.java:66)
	at org.gradle.internal.operations.DefaultBuildOperationRunner$2.execute(DefaultBuildOperationRunner.java:59)
	at org.gradle.internal.operations.DefaultBuildOperationRunner.execute(DefaultBuildOperationRunner.java:166)
	at org.gradle.internal.operations.DefaultBuildOperationRunner.execute(DefaultBuildOperationRunner.java:59)
	at org.gradle.internal.operations.DefaultBuildOperationRunner.call(DefaultBuildOperationRunner.java:53)
	at org.gradle.launcher.exec.RunAsBuildOperationBuildActionExecutor.execute(RunAsBuildOperationBuildActionExecutor.java:61)
	at org.gradle.launcher.exec.RunAsWorkerThreadBuildActionExecutor.lambda$execute$0(RunAsWorkerThreadBuildActionExecutor.java:36)
	at org.gradle.internal.work.DefaultWorkerLeaseService.lambda$withLocksAcquired$0(DefaultWorkerLeaseService.java:269)
	at org.gradle.internal.work.ResourceLockStatistics$1.measure(ResourceLockStatistics.java:42)
	at org.gradle.internal.work.DefaultWorkerLeaseService.withLocksAcquired(DefaultWorkerLeaseService.java:267)
	at org.gradle.internal.work.DefaultWorkerLeaseService.withLocks(DefaultWorkerLeaseService.java:259)
	at org.gradle.internal.work.DefaultWorkerLeaseService.runAsWorkerThread(DefaultWorkerLeaseService.java:127)
	at org.gradle.launcher.exec.RunAsWorkerThreadBuildActionExecutor.execute(RunAsWorkerThreadBuildActionExecutor.java:36)
	at org.gradle.tooling.internal.provider.continuous.ContinuousBuildActionExecutor.execute(ContinuousBuildActionExecutor.java:110)
	at org.gradle.tooling.internal.provider.SubscribableBuildActionExecutor.execute(SubscribableBuildActionExecutor.java:64)
	at org.gradle.internal.session.DefaultBuildSessionContext.execute(DefaultBuildSessionContext.java:46)
	at org.gradle.internal.buildprocess.execution.BuildSessionLifecycleBuildActionExecutor$ActionImpl.apply(BuildSessionLifecycleBuildActionExecutor.java:106)
	at org.gradle.internal.buildprocess.execution.BuildSessionLifecycleBuildActionExecutor$ActionImpl.apply(BuildSessionLifecycleBuildActionExecutor.java:94)
	at org.gradle.internal.session.BuildSessionState.run(BuildSessionState.java:73)
	at org.gradle.internal.buildprocess.execution.BuildSessionLifecycleBuildActionExecutor.execute(BuildSessionLifecycleBuildActionExecutor.java:67)
	at org.gradle.internal.buildprocess.execution.BuildSessionLifecycleBuildActionExecutor.execute(BuildSessionLifecycleBuildActionExecutor.java:45)
	at org.gradle.internal.buildprocess.execution.StartParamsValidatingActionExecutor.execute(StartParamsValidatingActionExecutor.java:57)
	at org.gradle.internal.buildprocess.execution.StartParamsValidatingActionExecutor.execute(StartParamsValidatingActionExecutor.java:32)
	at org.gradle.internal.buildprocess.execution.SessionFailureReportingActionExecutor.execute(SessionFailureReportingActionExecutor.java:51)
	at org.gradle.internal.buildprocess.execution.SessionFailureReportingActionExecutor.execute(SessionFailureReportingActionExecutor.java:39)
	at org.gradle.internal.buildprocess.execution.SetupLoggingActionExecutor.execute(SetupLoggingActionExecutor.java:47)
	at org.gradle.internal.buildprocess.execution.SetupLoggingActionExecutor.execute(SetupLoggingActionExecutor.java:31)
	at org.gradle.launcher.daemon.server.exec.ExecuteBuild.doBuild(ExecuteBuild.java:70)
	at org.gradle.launcher.daemon.server.exec.BuildCommandOnly.execute(BuildCommandOnly.java:37)
	at org.gradle.launcher.daemon.server.api.DaemonCommandExecution.proceed(DaemonCommandExecution.java:104)
	at org.gradle.launcher.daemon.server.exec.WatchForDisconnection.execute(WatchForDisconnection.java:39)
	at org.gradle.launcher.daemon.server.api.DaemonCommandExecution.proceed(DaemonCommandExecution.java:104)
	at org.gradle.launcher.daemon.server.exec.ResetDeprecationLogger.execute(ResetDeprecationLogger.java:29)
	at org.gradle.launcher.daemon.server.api.DaemonCommandExecution.proceed(DaemonCommandExecution.java:104)
	at org.gradle.launcher.daemon.server.exec.RequestStopIfSingleUsedDaemon.execute(RequestStopIfSingleUsedDaemon.java:35)
	at org.gradle.launcher.daemon.server.api.DaemonCommandExecution.proceed(DaemonCommandExecution.java:104)
	at org.gradle.launcher.daemon.server.exec.ForwardClientInput.lambda$execute$0(ForwardClientInput.java:40)
	at org.gradle.internal.daemon.clientinput.ClientInputForwarder.forwardInput(ClientInputForwarder.java:80)
	at org.gradle.launcher.daemon.server.exec.ForwardClientInput.execute(ForwardClientInput.java:37)
	at org.gradle.launcher.daemon.server.api.DaemonCommandExecution.proceed(DaemonCommandExecution.java:104)
	at org.gradle.launcher.daemon.server.exec.LogAndCheckHealth.execute(LogAndCheckHealth.java:64)
	at org.gradle.launcher.daemon.server.api.DaemonCommandExecution.proceed(DaemonCommandExecution.java:104)
	at org.gradle.launcher.daemon.server.exec.LogToClient.doBuild(LogToClient.java:63)
	at org.gradle.launcher.daemon.server.exec.BuildCommandOnly.execute(BuildCommandOnly.java:37)
	at org.gradle.launcher.daemon.server.api.DaemonCommandExecution.proceed(DaemonCommandExecution.java:104)
	at org.gradle.launcher.daemon.server.exec.EstablishBuildEnvironment.doBuild(EstablishBuildEnvironment.java:84)
	at org.gradle.launcher.daemon.server.exec.BuildCommandOnly.execute(BuildCommandOnly.java:37)
	at org.gradle.launcher.daemon.server.api.DaemonCommandExecution.proceed(DaemonCommandExecution.java:104)
	at org.gradle.launcher.daemon.server.exec.StartBuildOrRespondWithBusy$1.run(StartBuildOrRespondWithBusy.java:52)
	at org.gradle.launcher.daemon.server.DaemonStateCoordinator.lambda$runCommand$0(DaemonStateCoordinator.java:321)
	at org.gradle.internal.concurrent.ExecutorPolicy$CatchAndRecordFailures.onExecute(ExecutorPolicy.java:64)
	at org.gradle.internal.concurrent.AbstractManagedExecutor$1.run(AbstractManagedExecutor.java:47)
Caused by: org.gradle.internal.metaobject.AbstractDynamicObject$CustomMessageMissingMethodException: Could not find method jcenter() for arguments [] on repository container of type org.gradle.api.internal.artifacts.dsl.DefaultRepositoryHandler.
	at org.gradle.internal.metaobject.AbstractDynamicObject$CustomMissingMethodExecutionFailed.<init>(AbstractDynamicObject.java:195)
	at org.gradle.internal.metaobject.AbstractDynamicObject.methodMissingException(AbstractDynamicObject.java:189)
	at org.gradle.internal.metaobject.ConfigureDelegate.invokeMethod(ConfigureDelegate.java:84)
	at build_e04deog7zserb4nfugufjzswz$_run_closure1$_closure2.doCall$original(/home/kairav/dev/lazycmake/build_directory2/_deps/fmt-src/support/build.gradle:7)
	at build_e04deog7zserb4nfugufjzswz$_run_closure1$_closure2.doCall(/home/kairav/dev/lazycmake/build_directory2/_deps/fmt-src/support/build.gradle)
	at org.gradle.util.internal.ClosureBackedAction.execute(ClosureBackedAction.java:73)
	at org.gradle.util.internal.ConfigureUtil.configureTarget(ConfigureUtil.java:166)
	at org.gradle.util.internal.ConfigureUtil.configureSelf(ConfigureUtil.java:142)
	at org.gradle.api.internal.artifacts.DefaultArtifactRepositoryContainer.configure(DefaultArtifactRepositoryContainer.java:65)
	at org.gradle.api.internal.artifacts.DefaultArtifactRepositoryContainer.configure(DefaultArtifactRepositoryContainer.java:35)
	at org.gradle.util.internal.ConfigureUtil.configure(ConfigureUtil.java:105)
	at org.gradle.api.internal.initialization.DefaultScriptHandler.repositories(DefaultScriptHandler.java:137)
	at org.gradle.internal.metaobject.BeanDynamicObject$MetaClassAdapter.invokeMethod(BeanDynamicObject.java:583)
	at org.gradle.internal.metaobject.BeanDynamicObject.tryInvokeMethod(BeanDynamicObject.java:225)
	at org.gradle.internal.metaobject.ConfigureDelegate.invokeMethod(ConfigureDelegate.java:65)
	at build_e04deog7zserb4nfugufjzswz$_run_closure1.doCall$original(/home/kairav/dev/lazycmake/build_directory2/_deps/fmt-src/support/build.gradle:5)
	at build_e04deog7zserb4nfugufjzswz$_run_closure1.doCall(/home/kairav/dev/lazycmake/build_directory2/_deps/fmt-src/support/build.gradle)
	at org.gradle.util.internal.ClosureBackedAction.execute(ClosureBackedAction.java:73)
	at org.gradle.util.internal.ConfigureUtil.configureTarget(ConfigureUtil.java:166)
	at org.gradle.util.internal.ConfigureUtil.configure(ConfigureUtil.java:107)
	at org.gradle.api.internal.project.DefaultProject.buildscript(DefaultProject.java:1292)
	at org.gradle.api.internal.project.ProjectScript.buildscript(ProjectScript.java:47)
	at build_e04deog7zserb4nfugufjzswz.run(/home/kairav/dev/lazycmake/build_directory2/_deps/fmt-src/support/build.gradle:4)
	at org.gradle.groovy.scripts.internal.DefaultScriptRunnerFactory$ScriptRunnerImpl.run(DefaultScriptRunnerFactory.java:91)
	... 192 more
INFO [org.netbeans.ui.maven.project]: A Maven project was opened. Appending the project's packaging type.
INFO [org.netbeans.ui.metrics.maven]: USG_PROJECT_OPEN_MAVEN
INFO [org.netbeans.ui.maven.project]: A Maven project was opened. Appending the project's packaging type.
INFO [org.netbeans.ui.metrics.maven]: USG_PROJECT_OPEN_MAVEN
INFO [org.netbeans.ui.maven.project]: A Maven project was opened. Appending the project's packaging type.
INFO [org.netbeans.ui.metrics.maven]: USG_PROJECT_OPEN_MAVEN
INFO [org.netbeans.ui.metrics.projects]: USG_PROJECT_OPEN
INFO [org.netbeans.ui.metrics.projects]: USG_PROJECT_OPEN
INFO [org.netbeans.ui.metrics.projects]: USG_PROJECT_OPEN
INFO [org.netbeans.ui.metrics.projects]: USG_PROJECT_OPEN
INFO [org.netbeans.ui.metrics.projects]: USG_PROJECT_OPEN
INFO [null]: Last record repeated again.
INFO [org.netbeans.ui.metrics.projects]: USG_PROJECT_OPEN
INFO [null]: Last record repeated again.
INFO [org.netbeans.modules.java.lsp.server.protocol.Server$LanguageServerImpl]: 8 projects opened in 147,118ms
INFO [org.netbeans.ui.indexing]: Indexing started, time from last indexing 0 ms.
INFO [org.netbeans.modules.parsing.impl.indexing.RepositoryUpdater]: Resolving dependencies took: 79 ms
INFO [org.netbeans.modules.parsing.impl.indexing.RepositoryUpdater]: Complete indexing of 79 binary roots took: 3,617 ms
INFO [org.netbeans.modules.parsing.impl.indexing.RepositoryUpdater]: Indexing of: /home/kairav/dev/java/randomTry/socketP/src/main/java took: 1,179 ms (New or modified files: 5, Deleted files: 0) [Adding listeners took: 0 ms]
INFO [org.netbeans.modules.parsing.impl.indexing.RepositoryUpdater]: Indexing of: /home/kairav/dev/java/fx_try/src/main/resources took: 33 ms (New or modified files: 0, Deleted files: 0) [Adding listeners took: 0 ms]
INFO [org.netbeans.modules.parsing.impl.indexing.RepositoryUpdater]: Indexing of: /home/kairav/dev/java/fx_try/src/main/java took: 146 ms (New or modified files: 1, Deleted files: 0) [Adding listeners took: 0 ms]
INFO [org.netbeans.modules.parsing.impl.indexing.RepositoryUpdater]: Indexing of: /home/kairav/dev/java/randomTry/socketP/src/main/resources took: 17 ms (New or modified files: 0, Deleted files: 0) [Adding listeners took: 0 ms]
INFO [org.netbeans.modules.parsing.impl.indexing.RepositoryUpdater]: Indexing of: /home/kairav/dev/java/randomTry/socketP/src/test/java took: 16 ms (New or modified files: 0, Deleted files: 0) [Adding listeners took: 0 ms]
INFO [org.netbeans.modules.parsing.impl.indexing.RepositoryUpdater]: Indexing of: /home/kairav/dev/java/randomTry/threading/src/main/java took: 162 ms (New or modified files: 6, Deleted files: 0) [Adding listeners took: 0 ms]
INFO [org.netbeans.modules.parsing.impl.indexing.RepositoryUpdater]: Indexing of: /home/kairav/dev/java/randomTry/threading/src/main/resources took: 22 ms (New or modified files: 0, Deleted files: 0) [Adding listeners took: 0 ms]
INFO [org.netbeans.modules.parsing.impl.indexing.RepositoryUpdater]: Indexing of: /home/kairav/dev/java/randomTry/threading/src/test/java took: 24 ms (New or modified files: 0, Deleted files: 0) [Adding listeners took: 0 ms]
INFO [org.netbeans.modules.parsing.impl.indexing.RepositoryUpdater]: Indexing of: /home/kairav/dev/java/fx_try/src/test/resources took: 0 ms (New or modified files: 0, Deleted files: 0) [Adding listeners took: 0 ms]
INFO [org.netbeans.modules.parsing.impl.indexing.RepositoryUpdater]: Indexing of: /home/kairav/dev/java/randomTry/threading/src/test/resources took: 0 ms (New or modified files: 0, Deleted files: 0) [Adding listeners took: 0 ms]
INFO [org.netbeans.modules.parsing.impl.indexing.RepositoryUpdater]: Indexing of: /home/kairav/dev/java/randomTry/socketP/src/test/resources took: 0 ms (New or modified files: 0, Deleted files: 0) [Adding listeners took: 0 ms]
INFO [org.netbeans.modules.parsing.impl.indexing.RepositoryUpdater]: Indexing of: /home/kairav/dev/java/fx_try/src/test/java took: 18 ms (New or modified files: 0, Deleted files: 0) [Adding listeners took: 0 ms]
INFO [org.netbeans.modules.parsing.impl.indexing.RepositoryUpdater]: Complete indexing of 12 source roots took: 1,617 ms (New or modified files: 12, Deleted files: 0) [Adding listeners took: 0 ms]
INFO [org.netbeans.ui.indexing]: Indexing finished, indexing took 5,488 ms.
INFO [org.netbeans.modules.gsf.testrunner.ui.TestMethodFinderImpl]: Listener added: org.netbeans.modules.java.lsp.server.protocol.WorkspaceServiceImpl$$Lambda/0x00007923a2409448@1814bd3f
INFO [null]: Last record repeated 7 more times.
INFO [org.netbeans.modules.java.lsp.server.protocol.WorkspaceServiceImpl]: Project /home/kairav@61a91084:c11753d: 0 test roots opened in 0ms
INFO [org.netbeans.modules.gsf.testrunner.ui.TestMethodFinderImpl]: Listener added: org.netbeans.modules.java.lsp.server.protocol.WorkspaceServiceImpl$$Lambda/0x00007923a2409448@468e349d
INFO [org.netbeans.modules.java.lsp.server.explorer.NodeLookupContextValues]: Service class org.netbeans.modules.cloud.oracle.devops.BuildPipelineItem not found.
INFO [org.netbeans.modules.java.lsp.server.explorer.NodeLookupContextValues]: Service class org.netbeans.modules.cloud.oracle.devops.BuildRunFolderItem not found.
INFO [org.netbeans.modules.gradle.loaders.GradleProjectLoaderImpl]: Load aiming FULL_ONLINE for Gradle: support[FALLBACK]
INFO [org.netbeans.modules.gradle.loaders.GradleProjectLoaderImpl]: Load aiming FULL_ONLINE for Gradle: android[FALLBACK]
WARNING [org.netbeans.modules.gradle.loaders.LegacyProjectLoader]: Loading of script /home/kairav/dev/lazycmake/build_directory2/_deps/fmt-src/support/build.gradle threw an exception {2}
INFO [org.netbeans.modules.gradle.loaders.LegacyProjectLoader]: Stacktrace from gradle daemon:
org.gradle.api.ProjectConfigurationException: A problem occurred configuring root project 'support'.
	at org.gradle.configuration.project.LifecycleProjectEvaluator.wrapException(LifecycleProjectEvaluator.java:84)
	at org.gradle.configuration.project.LifecycleProjectEvaluator.addConfigurationFailure(LifecycleProjectEvaluator.java:77)
	at org.gradle.configuration.project.LifecycleProjectEvaluator.access$500(LifecycleProjectEvaluator.java:55)
	at org.gradle.configuration.project.LifecycleProjectEvaluator$EvaluateProject.lambda$run$0(LifecycleProjectEvaluator.java:111)
	at org.gradle.api.internal.project.DefaultProjectStateRegistry$ProjectStateImpl.lambda$applyToMutableState$0(DefaultProjectStateRegistry.java:443)
	at org.gradle.api.internal.project.DefaultProjectStateRegistry$ProjectStateImpl.lambda$fromMutableState$1(DefaultProjectStateRegistry.java:450)
	at org.gradle.internal.work.DefaultWorkerLeaseService.lambda$withLocksAcquired$0(DefaultWorkerLeaseService.java:269)
	at org.gradle.internal.work.ResourceLockStatistics$1.measure(ResourceLockStatistics.java:42)
	at org.gradle.internal.work.DefaultWorkerLeaseService.withLocksAcquired(DefaultWorkerLeaseService.java:267)
	at org.gradle.internal.work.DefaultWorkerLeaseService.lambda$withReplacedLocks$3(DefaultWorkerLeaseService.java:365)
	at org.gradle.internal.work.DefaultWorkerLeaseService.withoutLocks(DefaultWorkerLeaseService.java:337)
	at org.gradle.internal.work.DefaultWorkerLeaseService.withReplacedLocks(DefaultWorkerLeaseService.java:364)
	at org.gradle.api.internal.project.DefaultProjectStateRegistry$ProjectStateImpl.runWithModelLock(DefaultProjectStateRegistry.java:471)
	at org.gradle.api.internal.project.DefaultProjectStateRegistry$ProjectStateImpl.fromMutableState(DefaultProjectStateRegistry.java:450)
	at org.gradle.api.internal.project.DefaultProjectStateRegistry$ProjectStateImpl.applyToMutableState(DefaultProjectStateRegistry.java:442)
	at org.gradle.configuration.project.LifecycleProjectEvaluator$EvaluateProject.run(LifecycleProjectEvaluator.java:100)
	at org.gradle.internal.operations.DefaultBuildOperationRunner$1.execute(DefaultBuildOperationRunner.java:29)
	at org.gradle.internal.operations.DefaultBuildOperationRunner$1.execute(DefaultBuildOperationRunner.java:26)
	at org.gradle.internal.operations.DefaultBuildOperationRunner$2.execute(DefaultBuildOperationRunner.java:66)
	at org.gradle.internal.operations.DefaultBuildOperationRunner$2.execute(DefaultBuildOperationRunner.java:59)
	at org.gradle.internal.operations.DefaultBuildOperationRunner.execute(DefaultBuildOperationRunner.java:166)
	at org.gradle.internal.operations.DefaultBuildOperationRunner.execute(DefaultBuildOperationRunner.java:59)
	at org.gradle.internal.operations.DefaultBuildOperationRunner.run(DefaultBuildOperationRunner.java:47)
	at org.gradle.configuration.project.LifecycleProjectEvaluator.evaluate(LifecycleProjectEvaluator.java:72)
	at org.gradle.api.internal.project.DefaultProject.evaluateUnchecked(DefaultProject.java:796)
	at org.gradle.api.internal.project.ProjectLifecycleController.lambda$ensureSelfConfigured$2(ProjectLifecycleController.java:93)
	at org.gradle.internal.model.StateTransitionController.lambda$doTransition$14(StateTransitionController.java:265)
	at org.gradle.internal.model.StateTransitionController.doTransition(StateTransitionController.java:276)
	at org.gradle.internal.model.StateTransitionController.doTransition(StateTransitionController.java:264)
	at org.gradle.internal.model.StateTransitionController.lambda$maybeTransitionIfNotCurrentlyTransitioning$10(StateTransitionController.java:209)
	at org.gradle.internal.work.DefaultSynchronizer.withLock(DefaultSynchronizer.java:35)
	at org.gradle.internal.model.StateTransitionController.maybeTransitionIfNotCurrentlyTransitioning(StateTransitionController.java:205)
	at org.gradle.api.internal.project.ProjectLifecycleController.ensureSelfConfigured(ProjectLifecycleController.java:93)
	at org.gradle.api.internal.project.DefaultProjectStateRegistry$ProjectStateImpl.ensureConfigured(DefaultProjectStateRegistry.java:408)
	at org.gradle.execution.TaskPathProjectEvaluator.configure(TaskPathProjectEvaluator.java:71)
	at org.gradle.execution.TaskPathProjectEvaluator.configureHierarchy(TaskPathProjectEvaluator.java:85)
	at org.gradle.configuration.DefaultProjectsPreparer.prepareProjects(DefaultProjectsPreparer.java:50)
	at org.gradle.configuration.BuildTreePreparingProjectsPreparer.prepareProjects(BuildTreePreparingProjectsPreparer.java:65)
	at org.gradle.configuration.BuildOperationFiringProjectsPreparer$ConfigureBuild.run(BuildOperationFiringProjectsPreparer.java:52)
	at org.gradle.internal.operations.DefaultBuildOperationRunner$1.execute(DefaultBuildOperationRunner.java:29)
	at org.gradle.internal.operations.DefaultBuildOperationRunner$1.execute(DefaultBuildOperationRunner.java:26)
	at org.gradle.internal.operations.DefaultBuildOperationRunner$2.execute(DefaultBuildOperationRunner.java:66)
	at org.gradle.internal.operations.DefaultBuildOperationRunner$2.execute(DefaultBuildOperationRunner.java:59)
	at org.gradle.internal.operations.DefaultBuildOperationRunner.execute(DefaultBuildOperationRunner.java:166)
	at org.gradle.internal.operations.DefaultBuildOperationRunner.execute(DefaultBuildOperationRunner.java:59)
	at org.gradle.internal.operations.DefaultBuildOperationRunner.run(DefaultBuildOperationRunner.java:47)
	at org.gradle.configuration.BuildOperationFiringProjectsPreparer.prepareProjects(BuildOperationFiringProjectsPreparer.java:40)
	at org.gradle.initialization.VintageBuildModelController.lambda$prepareProjects$2(VintageBuildModelController.java:83)
	at org.gradle.internal.model.StateTransitionController.lambda$doTransition$14(StateTransitionController.java:265)
	at org.gradle.internal.model.StateTransitionController.doTransition(StateTransitionController.java:276)
	at org.gradle.internal.model.StateTransitionController.doTransition(StateTransitionController.java:264)
	at org.gradle.internal.model.StateTransitionController.lambda$transitionIfNotPreviously$11(StateTransitionController.java:223)
	at org.gradle.internal.work.DefaultSynchronizer.withLock(DefaultSynchronizer.java:35)
	at org.gradle.internal.model.StateTransitionController.transitionIfNotPreviously(StateTransitionController.java:219)
	at org.gradle.initialization.VintageBuildModelController.prepareProjects(VintageBuildModelController.java:83)
	at org.gradle.initialization.VintageBuildModelController.getConfiguredModel(VintageBuildModelController.java:63)
	at org.gradle.internal.build.DefaultBuildLifecycleController.lambda$withProjectsConfigured$1(DefaultBuildLifecycleController.java:133)
	at org.gradle.internal.model.StateTransitionController.lambda$notInState$3(StateTransitionController.java:142)
	at org.gradle.internal.work.DefaultSynchronizer.withLock(DefaultSynchronizer.java:45)
	at org.gradle.internal.model.StateTransitionController.notInState(StateTransitionController.java:138)
	at org.gradle.internal.build.DefaultBuildLifecycleController.withProjectsConfigured(DefaultBuildLifecycleController.java:133)
	at org.gradle.internal.build.DefaultBuildToolingModelController.locateBuilderForTarget(DefaultBuildToolingModelController.java:59)
	at org.gradle.internal.buildtree.DefaultBuildTreeModelCreator$DefaultBuildTreeModelController.lambda$locateBuilderForBuildTarget$0(DefaultBuildTreeModelCreator.java:146)
	at org.gradle.internal.build.DefaultBuildLifecycleController.withToolingModels(DefaultBuildLifecycleController.java:327)
	at org.gradle.internal.build.AbstractBuildState.withToolingModels(AbstractBuildState.java:169)
	at org.gradle.internal.buildtree.DefaultBuildTreeModelCreator$DefaultBuildTreeModelController.locateBuilderForBuildTarget(DefaultBuildTreeModelCreator.java:146)
	at org.gradle.internal.buildtree.DefaultBuildTreeModelCreator$DefaultBuildTreeModelController.locateBuilderForDefaultTarget(DefaultBuildTreeModelCreator.java:131)
	at org.gradle.internal.buildtree.DefaultBuildTreeModelCreator$DefaultBuildTreeModelController.locateBuilderForTarget(DefaultBuildTreeModelCreator.java:120)
	at org.gradle.internal.buildtree.DefaultBuildTreeModelCreator$DefaultBuildTreeModelController.access$200(DefaultBuildTreeModelCreator.java:69)
	at org.gradle.internal.buildtree.DefaultBuildTreeModelCreator$DefaultBuildTreeModelController$1.call(DefaultBuildTreeModelCreator.java:84)
	at org.gradle.internal.operations.DefaultBuildOperationRunner$CallableBuildOperationWorker.execute(DefaultBuildOperationRunner.java:209)
	at org.gradle.internal.operations.DefaultBuildOperationRunner$CallableBuildOperationWorker.execute(DefaultBuildOperationRunner.java:204)
	at org.gradle.internal.operations.DefaultBuildOperationRunner$2.execute(DefaultBuildOperationRunner.java:66)
	at org.gradle.internal.operations.DefaultBuildOperationRunner$2.execute(DefaultBuildOperationRunner.java:59)
	at org.gradle.internal.operations.DefaultBuildOperationRunner.execute(DefaultBuildOperationRunner.java:166)
	at org.gradle.internal.operations.DefaultBuildOperationRunner.execute(DefaultBuildOperationRunner.java:59)
	at org.gradle.internal.operations.DefaultBuildOperationRunner.call(DefaultBuildOperationRunner.java:53)
	at org.gradle.internal.buildtree.DefaultBuildTreeModelCreator$DefaultBuildTreeModelController.getModel(DefaultBuildTreeModelCreator.java:80)
	at org.gradle.tooling.internal.provider.runner.DefaultBuildController.doGetModel(DefaultBuildController.java:126)
	at org.gradle.tooling.internal.provider.runner.DefaultBuildController.getModel(DefaultBuildController.java:113)
	at org.gradle.tooling.internal.consumer.connection.ParameterAwareBuildControllerAdapter.getModel(ParameterAwareBuildControllerAdapter.java:40)
	at org.gradle.tooling.internal.consumer.connection.UnparameterizedBuildController.getModel(UnparameterizedBuildController.java:119)
	at org.gradle.tooling.internal.consumer.connection.NestedActionAwareBuildControllerAdapter.getModel(NestedActionAwareBuildControllerAdapter.java:32)
	at org.gradle.tooling.internal.consumer.connection.UnparameterizedBuildController.getModel(UnparameterizedBuildController.java:83)
	at org.gradle.tooling.internal.consumer.connection.NestedActionAwareBuildControllerAdapter.getModel(NestedActionAwareBuildControllerAdapter.java:32)
	at org.gradle.tooling.internal.consumer.connection.UnparameterizedBuildController.getModel(UnparameterizedBuildController.java:68)
	at org.gradle.tooling.internal.consumer.connection.NestedActionAwareBuildControllerAdapter.getModel(NestedActionAwareBuildControllerAdapter.java:32)
	at org.netbeans.modules.gradle.tooling.internal.NbProjectInfoAction.execute(NbProjectInfoAction.java:33)
	at org.netbeans.modules.gradle.tooling.internal.NbProjectInfoAction.execute(NbProjectInfoAction.java:29)
	at org.gradle.tooling.internal.consumer.connection.InternalBuildActionAdapter.execute(InternalBuildActionAdapter.java:66)
	at org.gradle.tooling.internal.provider.runner.AbstractClientProvidedBuildActionRunner$ActionAdapter.executeAction(AbstractClientProvidedBuildActionRunner.java:108)
	at org.gradle.tooling.internal.provider.runner.AbstractClientProvidedBuildActionRunner$ActionAdapter.runAction(AbstractClientProvidedBuildActionRunner.java:96)
	at org.gradle.tooling.internal.provider.runner.AbstractClientProvidedBuildActionRunner$ActionAdapter.fromBuildModel(AbstractClientProvidedBuildActionRunner.java:85)
	at org.gradle.tooling.internal.provider.runner.AbstractClientProvidedBuildActionRunner$ActionAdapter.fromBuildModel(AbstractClientProvidedBuildActionRunner.java:68)
	at org.gradle.internal.buildtree.DefaultBuildTreeModelCreator.fromBuildModel(DefaultBuildTreeModelCreator.java:66)
	at org.gradle.internal.cc.impl.barrier.BarrierAwareBuildTreeModelCreator.fromBuildModel$lambda$0(BarrierAwareBuildTreeModelCreator.kt:36)
	at org.gradle.internal.cc.impl.barrier.VintageConfigurationTimeActionRunner.runConfigurationTimeAction(VintageConfigurationTimeActionRunner.kt:48)
	at org.gradle.internal.cc.impl.barrier.BarrierAwareBuildTreeModelCreator.fromBuildModel(BarrierAwareBuildTreeModelCreator.kt:35)
	at org.gradle.internal.buildtree.DefaultBuildTreeLifecycleController.lambda$fromBuildModel$2(DefaultBuildTreeLifecycleController.java:90)
	at org.gradle.internal.buildtree.DefaultBuildTreeLifecycleController.lambda$runBuild$4(DefaultBuildTreeLifecycleController.java:120)
	at org.gradle.internal.model.StateTransitionController.lambda$transition$6(StateTransitionController.java:179)
	at org.gradle.internal.model.StateTransitionController.doTransition(StateTransitionController.java:276)
	at org.gradle.internal.model.StateTransitionController.lambda$transition$7(StateTransitionController.java:179)
	at org.gradle.internal.work.DefaultSynchronizer.withLock(DefaultSynchronizer.java:45)
	at org.gradle.internal.model.StateTransitionController.transition(StateTransitionController.java:179)
	at org.gradle.internal.buildtree.DefaultBuildTreeLifecycleController.runBuild(DefaultBuildTreeLifecycleController.java:117)
	at org.gradle.internal.buildtree.DefaultBuildTreeLifecycleController.fromBuildModel(DefaultBuildTreeLifecycleController.java:82)
	at org.gradle.tooling.internal.provider.runner.AbstractClientProvidedBuildActionRunner.runClientAction(AbstractClientProvidedBuildActionRunner.java:42)
	at org.gradle.tooling.internal.provider.runner.ClientProvidedBuildActionRunner.run(ClientProvidedBuildActionRunner.java:47)
	at org.gradle.launcher.exec.ChainingBuildActionRunner.run(ChainingBuildActionRunner.java:35)
	at org.gradle.internal.buildtree.ProblemReportingBuildActionRunner.run(ProblemReportingBuildActionRunner.java:54)
	at org.gradle.launcher.exec.BuildOutcomeReportingBuildActionRunner.run(BuildOutcomeReportingBuildActionRunner.java:83)
	at org.gradle.tooling.internal.provider.FileSystemWatchingBuildActionRunner.run(FileSystemWatchingBuildActionRunner.java:135)
	at org.gradle.launcher.exec.BuildCompletionNotifyingBuildActionRunner.run(BuildCompletionNotifyingBuildActionRunner.java:54)
	at org.gradle.launcher.exec.RootBuildLifecycleBuildActionExecutor.lambda$execute$0(RootBuildLifecycleBuildActionExecutor.java:101)
	at org.gradle.composite.internal.DefaultRootBuildState.run(DefaultRootBuildState.java:126)
	at org.gradle.launcher.exec.RootBuildLifecycleBuildActionExecutor.execute(RootBuildLifecycleBuildActionExecutor.java:101)
	at org.gradle.launcher.exec.BuildTreeLifecycleBuildActionExecutor.runRootBuildAction(BuildTreeLifecycleBuildActionExecutor.java:98)
	at org.gradle.launcher.exec.BuildTreeLifecycleBuildActionExecutor.execute(BuildTreeLifecycleBuildActionExecutor.java:69)
	at org.gradle.launcher.exec.RunAsBuildOperationBuildActionExecutor$2.call(RunAsBuildOperationBuildActionExecutor.java:65)
	at org.gradle.launcher.exec.RunAsBuildOperationBuildActionExecutor$2.call(RunAsBuildOperationBuildActionExecutor.java:61)
	at org.gradle.internal.operations.DefaultBuildOperationRunner$CallableBuildOperationWorker.execute(DefaultBuildOperationRunner.java:209)
	at org.gradle.internal.operations.DefaultBuildOperationRunner$CallableBuildOperationWorker.execute(DefaultBuildOperationRunner.java:204)
	at org.gradle.internal.operations.DefaultBuildOperationRunner$2.execute(DefaultBuildOperationRunner.java:66)
	at org.gradle.internal.operations.DefaultBuildOperationRunner$2.execute(DefaultBuildOperationRunner.java:59)
	at org.gradle.internal.operations.DefaultBuildOperationRunner.execute(DefaultBuildOperationRunner.java:166)
	at org.gradle.internal.operations.DefaultBuildOperationRunner.execute(DefaultBuildOperationRunner.java:59)
	at org.gradle.internal.operations.DefaultBuildOperationRunner.call(DefaultBuildOperationRunner.java:53)
	at org.gradle.launcher.exec.RunAsBuildOperationBuildActionExecutor.execute(RunAsBuildOperationBuildActionExecutor.java:61)
	at org.gradle.launcher.exec.RunAsWorkerThreadBuildActionExecutor.lambda$execute$0(RunAsWorkerThreadBuildActionExecutor.java:36)
	at org.gradle.internal.work.DefaultWorkerLeaseService.lambda$withLocksAcquired$0(DefaultWorkerLeaseService.java:269)
	at org.gradle.internal.work.ResourceLockStatistics$1.measure(ResourceLockStatistics.java:42)
	at org.gradle.internal.work.DefaultWorkerLeaseService.withLocksAcquired(DefaultWorkerLeaseService.java:267)
	at org.gradle.internal.work.DefaultWorkerLeaseService.withLocks(DefaultWorkerLeaseService.java:259)
	at org.gradle.internal.work.DefaultWorkerLeaseService.runAsWorkerThread(DefaultWorkerLeaseService.java:127)
	at org.gradle.launcher.exec.RunAsWorkerThreadBuildActionExecutor.execute(RunAsWorkerThreadBuildActionExecutor.java:36)
	at org.gradle.tooling.internal.provider.continuous.ContinuousBuildActionExecutor.execute(ContinuousBuildActionExecutor.java:110)
	at org.gradle.tooling.internal.provider.SubscribableBuildActionExecutor.execute(SubscribableBuildActionExecutor.java:64)
	at org.gradle.internal.session.DefaultBuildSessionContext.execute(DefaultBuildSessionContext.java:46)
	at org.gradle.internal.buildprocess.execution.BuildSessionLifecycleBuildActionExecutor$ActionImpl.apply(BuildSessionLifecycleBuildActionExecutor.java:106)
	at org.gradle.internal.buildprocess.execution.BuildSessionLifecycleBuildActionExecutor$ActionImpl.apply(BuildSessionLifecycleBuildActionExecutor.java:94)
	at org.gradle.internal.session.BuildSessionState.run(BuildSessionState.java:73)
	at org.gradle.internal.buildprocess.execution.BuildSessionLifecycleBuildActionExecutor.execute(BuildSessionLifecycleBuildActionExecutor.java:67)
	at org.gradle.internal.buildprocess.execution.BuildSessionLifecycleBuildActionExecutor.execute(BuildSessionLifecycleBuildActionExecutor.java:45)
	at org.gradle.internal.buildprocess.execution.StartParamsValidatingActionExecutor.execute(StartParamsValidatingActionExecutor.java:57)
	at org.gradle.internal.buildprocess.execution.StartParamsValidatingActionExecutor.execute(StartParamsValidatingActionExecutor.java:32)
	at org.gradle.internal.buildprocess.execution.SessionFailureReportingActionExecutor.execute(SessionFailureReportingActionExecutor.java:51)
	at org.gradle.internal.buildprocess.execution.SessionFailureReportingActionExecutor.execute(SessionFailureReportingActionExecutor.java:39)
	at org.gradle.internal.buildprocess.execution.SetupLoggingActionExecutor.execute(SetupLoggingActionExecutor.java:47)
	at org.gradle.internal.buildprocess.execution.SetupLoggingActionExecutor.execute(SetupLoggingActionExecutor.java:31)
	at org.gradle.launcher.daemon.server.exec.ExecuteBuild.doBuild(ExecuteBuild.java:70)
	at org.gradle.launcher.daemon.server.exec.BuildCommandOnly.execute(BuildCommandOnly.java:37)
	at org.gradle.launcher.daemon.server.api.DaemonCommandExecution.proceed(DaemonCommandExecution.java:104)
	at org.gradle.launcher.daemon.server.exec.WatchForDisconnection.execute(WatchForDisconnection.java:39)
	at org.gradle.launcher.daemon.server.api.DaemonCommandExecution.proceed(DaemonCommandExecution.java:104)
	at org.gradle.launcher.daemon.server.exec.ResetDeprecationLogger.execute(ResetDeprecationLogger.java:29)
	at org.gradle.launcher.daemon.server.api.DaemonCommandExecution.proceed(DaemonCommandExecution.java:104)
	at org.gradle.launcher.daemon.server.exec.RequestStopIfSingleUsedDaemon.execute(RequestStopIfSingleUsedDaemon.java:35)
	at org.gradle.launcher.daemon.server.api.DaemonCommandExecution.proceed(DaemonCommandExecution.java:104)
	at org.gradle.launcher.daemon.server.exec.ForwardClientInput.lambda$execute$0(ForwardClientInput.java:40)
	at org.gradle.internal.daemon.clientinput.ClientInputForwarder.forwardInput(ClientInputForwarder.java:80)
	at org.gradle.launcher.daemon.server.exec.ForwardClientInput.execute(ForwardClientInput.java:37)
	at org.gradle.launcher.daemon.server.api.DaemonCommandExecution.proceed(DaemonCommandExecution.java:104)
	at org.gradle.launcher.daemon.server.exec.LogAndCheckHealth.execute(LogAndCheckHealth.java:64)
	at org.gradle.launcher.daemon.server.api.DaemonCommandExecution.proceed(DaemonCommandExecution.java:104)
	at org.gradle.launcher.daemon.server.exec.LogToClient.doBuild(LogToClient.java:63)
	at org.gradle.launcher.daemon.server.exec.BuildCommandOnly.execute(BuildCommandOnly.java:37)
	at org.gradle.launcher.daemon.server.api.DaemonCommandExecution.proceed(DaemonCommandExecution.java:104)
	at org.gradle.launcher.daemon.server.exec.EstablishBuildEnvironment.doBuild(EstablishBuildEnvironment.java:84)
	at org.gradle.launcher.daemon.server.exec.BuildCommandOnly.execute(BuildCommandOnly.java:37)
	at org.gradle.launcher.daemon.server.api.DaemonCommandExecution.proceed(DaemonCommandExecution.java:104)
	at org.gradle.launcher.daemon.server.exec.StartBuildOrRespondWithBusy$1.run(StartBuildOrRespondWithBusy.java:52)
	at org.gradle.launcher.daemon.server.DaemonStateCoordinator.lambda$runCommand$0(DaemonStateCoordinator.java:321)
	at org.gradle.internal.concurrent.ExecutorPolicy$CatchAndRecordFailures.onExecute(ExecutorPolicy.java:64)
	at org.gradle.internal.concurrent.AbstractManagedExecutor$1.run(AbstractManagedExecutor.java:47)
	at java.base/java.util.concurrent.ThreadPoolExecutor.runWorker(ThreadPoolExecutor.java:1144)
	at java.base/java.util.concurrent.ThreadPoolExecutor$Worker.run(ThreadPoolExecutor.java:642)
	at java.base/java.lang.Thread.run(Thread.java:1583)
Caused by: org.gradle.api.GradleScriptException: A problem occurred evaluating root project 'support'.
	at org.gradle.groovy.scripts.internal.DefaultScriptRunnerFactory$ScriptRunnerImpl.run(DefaultScriptRunnerFactory.java:93)
	at org.gradle.configuration.DefaultScriptPluginFactory$ScriptPluginImpl.apply(DefaultScriptPluginFactory.java:118)
	at org.gradle.configuration.BuildOperationScriptPlugin$1.run(BuildOperationScriptPlugin.java:68)
	at org.gradle.internal.operations.DefaultBuildOperationRunner$1.execute(DefaultBuildOperationRunner.java:29)
	at org.gradle.internal.operations.DefaultBuildOperationRunner$1.execute(DefaultBuildOperationRunner.java:26)
	at org.gradle.internal.operations.DefaultBuildOperationRunner$2.execute(DefaultBuildOperationRunner.java:66)
	at org.gradle.internal.operations.DefaultBuildOperationRunner$2.execute(DefaultBuildOperationRunner.java:59)
	at org.gradle.internal.operations.DefaultBuildOperationRunner.execute(DefaultBuildOperationRunner.java:166)
	at org.gradle.internal.operations.DefaultBuildOperationRunner.execute(DefaultBuildOperationRunner.java:59)
	at org.gradle.internal.operations.DefaultBuildOperationRunner.run(DefaultBuildOperationRunner.java:47)
	at org.gradle.configuration.BuildOperationScriptPlugin.lambda$apply$0(BuildOperationScriptPlugin.java:65)
	at org.gradle.internal.code.DefaultUserCodeApplicationContext.apply(DefaultUserCodeApplicationContext.java:44)
	at org.gradle.configuration.BuildOperationScriptPlugin.apply(BuildOperationScriptPlugin.java:65)
	at org.gradle.api.internal.project.DefaultProjectStateRegistry$ProjectStateImpl.lambda$applyToMutableState$0(DefaultProjectStateRegistry.java:443)
	at org.gradle.api.internal.project.DefaultProjectStateRegistry$ProjectStateImpl.lambda$fromMutableState$1(DefaultProjectStateRegistry.java:450)
	at org.gradle.api.internal.project.DefaultProjectStateRegistry$ProjectStateImpl.runWithModelLock(DefaultProjectStateRegistry.java:466)
	at org.gradle.api.internal.project.DefaultProjectStateRegistry$ProjectStateImpl.fromMutableState(DefaultProjectStateRegistry.java:450)
	at org.gradle.api.internal.project.DefaultProjectStateRegistry$ProjectStateImpl.applyToMutableState(DefaultProjectStateRegistry.java:442)
	at org.gradle.configuration.project.BuildScriptProcessor.execute(BuildScriptProcessor.java:46)
	at org.gradle.configuration.project.BuildScriptProcessor.execute(BuildScriptProcessor.java:27)
	at org.gradle.configuration.project.ConfigureActionsProjectEvaluator.evaluate(ConfigureActionsProjectEvaluator.java:35)
	at org.gradle.configuration.project.LifecycleProjectEvaluator$EvaluateProject.lambda$run$0(LifecycleProjectEvaluator.java:109)
	at org.gradle.api.internal.project.DefaultProjectStateRegistry$ProjectStateImpl.lambda$applyToMutableState$0(DefaultProjectStateRegistry.java:443)
	at org.gradle.api.internal.project.DefaultProjectStateRegistry$ProjectStateImpl.lambda$fromMutableState$1(DefaultProjectStateRegistry.java:450)
	at org.gradle.internal.work.DefaultWorkerLeaseService.lambda$withLocksAcquired$0(DefaultWorkerLeaseService.java:269)
	at org.gradle.internal.work.ResourceLockStatistics$1.measure(ResourceLockStatistics.java:42)
	at org.gradle.internal.work.DefaultWorkerLeaseService.withLocksAcquired(DefaultWorkerLeaseService.java:267)
	at org.gradle.internal.work.DefaultWorkerLeaseService.lambda$withReplacedLocks$3(DefaultWorkerLeaseService.java:365)
	at org.gradle.internal.work.DefaultWorkerLeaseService.withoutLocks(DefaultWorkerLeaseService.java:337)
	at org.gradle.internal.work.DefaultWorkerLeaseService.withReplacedLocks(DefaultWorkerLeaseService.java:364)
	at org.gradle.api.internal.project.DefaultProjectStateRegistry$ProjectStateImpl.runWithModelLock(DefaultProjectStateRegistry.java:471)
	at org.gradle.api.internal.project.DefaultProjectStateRegistry$ProjectStateImpl.fromMutableState(DefaultProjectStateRegistry.java:450)
	at org.gradle.api.internal.project.DefaultProjectStateRegistry$ProjectStateImpl.applyToMutableState(DefaultProjectStateRegistry.java:442)
	at org.gradle.configuration.project.LifecycleProjectEvaluator$EvaluateProject.run(LifecycleProjectEvaluator.java:100)
	at org.gradle.internal.operations.DefaultBuildOperationRunner$1.execute(DefaultBuildOperationRunner.java:29)
	at org.gradle.internal.operations.DefaultBuildOperationRunner$1.execute(DefaultBuildOperationRunner.java:26)
	at org.gradle.internal.operations.DefaultBuildOperationRunner$2.execute(DefaultBuildOperationRunner.java:66)
	at org.gradle.internal.operations.DefaultBuildOperationRunner$2.execute(DefaultBuildOperationRunner.java:59)
	at org.gradle.internal.operations.DefaultBuildOperationRunner.execute(DefaultBuildOperationRunner.java:166)
	at org.gradle.internal.operations.DefaultBuildOperationRunner.execute(DefaultBuildOperationRunner.java:59)
	at org.gradle.internal.operations.DefaultBuildOperationRunner.run(DefaultBuildOperationRunner.java:47)
	at org.gradle.configuration.project.LifecycleProjectEvaluator.evaluate(LifecycleProjectEvaluator.java:72)
	at org.gradle.api.internal.project.DefaultProject.evaluateUnchecked(DefaultProject.java:796)
	at org.gradle.api.internal.project.ProjectLifecycleController.lambda$ensureSelfConfigured$2(ProjectLifecycleController.java:93)
	at org.gradle.internal.model.StateTransitionController.lambda$doTransition$14(StateTransitionController.java:265)
	at org.gradle.internal.model.StateTransitionController.doTransition(StateTransitionController.java:276)
	at org.gradle.internal.model.StateTransitionController.doTransition(StateTransitionController.java:264)
	at org.gradle.internal.model.StateTransitionController.lambda$maybeTransitionIfNotCurrentlyTransitioning$10(StateTransitionController.java:209)
	at org.gradle.internal.work.DefaultSynchronizer.withLock(DefaultSynchronizer.java:35)
	at org.gradle.internal.model.StateTransitionController.maybeTransitionIfNotCurrentlyTransitioning(StateTransitionController.java:205)
	at org.gradle.api.internal.project.ProjectLifecycleController.ensureSelfConfigured(ProjectLifecycleController.java:93)
	at org.gradle.api.internal.project.DefaultProjectStateRegistry$ProjectStateImpl.ensureConfigured(DefaultProjectStateRegistry.java:408)
	at org.gradle.execution.TaskPathProjectEvaluator.configure(TaskPathProjectEvaluator.java:71)
	at org.gradle.execution.TaskPathProjectEvaluator.configureHierarchy(TaskPathProjectEvaluator.java:85)
	at org.gradle.configuration.DefaultProjectsPreparer.prepareProjects(DefaultProjectsPreparer.java:50)
	at org.gradle.configuration.BuildTreePreparingProjectsPreparer.prepareProjects(BuildTreePreparingProjectsPreparer.java:65)
	at org.gradle.configuration.BuildOperationFiringProjectsPreparer$ConfigureBuild.run(BuildOperationFiringProjectsPreparer.java:52)
	at org.gradle.internal.operations.DefaultBuildOperationRunner$1.execute(DefaultBuildOperationRunner.java:29)
	at org.gradle.internal.operations.DefaultBuildOperationRunner$1.execute(DefaultBuildOperationRunner.java:26)
	at org.gradle.internal.operations.DefaultBuildOperationRunner$2.execute(DefaultBuildOperationRunner.java:66)
	at org.gradle.internal.operations.DefaultBuildOperationRunner$2.execute(DefaultBuildOperationRunner.java:59)
	at org.gradle.internal.operations.DefaultBuildOperationRunner.execute(DefaultBuildOperationRunner.java:166)
	at org.gradle.internal.operations.DefaultBuildOperationRunner.execute(DefaultBuildOperationRunner.java:59)
	at org.gradle.internal.operations.DefaultBuildOperationRunner.run(DefaultBuildOperationRunner.java:47)
	at org.gradle.configuration.BuildOperationFiringProjectsPreparer.prepareProjects(BuildOperationFiringProjectsPreparer.java:40)
	at org.gradle.initialization.VintageBuildModelController.lambda$prepareProjects$2(VintageBuildModelController.java:83)
	at org.gradle.internal.model.StateTransitionController.lambda$doTransition$14(StateTransitionController.java:265)
	at org.gradle.internal.model.StateTransitionController.doTransition(StateTransitionController.java:276)
	at org.gradle.internal.model.StateTransitionController.doTransition(StateTransitionController.java:264)
	at org.gradle.internal.model.StateTransitionController.lambda$transitionIfNotPreviously$11(StateTransitionController.java:223)
	at org.gradle.internal.work.DefaultSynchronizer.withLock(DefaultSynchronizer.java:35)
	at org.gradle.internal.model.StateTransitionController.transitionIfNotPreviously(StateTransitionController.java:219)
	at org.gradle.initialization.VintageBuildModelController.prepareProjects(VintageBuildModelController.java:83)
	at org.gradle.initialization.VintageBuildModelController.getConfiguredModel(VintageBuildModelController.java:63)
	at org.gradle.internal.build.DefaultBuildLifecycleController.lambda$withProjectsConfigured$1(DefaultBuildLifecycleController.java:133)
	at org.gradle.internal.model.StateTransitionController.lambda$notInState$3(StateTransitionController.java:142)
	at org.gradle.internal.work.DefaultSynchronizer.withLock(DefaultSynchronizer.java:45)
	at org.gradle.internal.model.StateTransitionController.notInState(StateTransitionController.java:138)
	at org.gradle.internal.build.DefaultBuildLifecycleController.withProjectsConfigured(DefaultBuildLifecycleController.java:133)
	at org.gradle.internal.build.DefaultBuildToolingModelController.locateBuilderForTarget(DefaultBuildToolingModelController.java:59)
	at org.gradle.internal.buildtree.DefaultBuildTreeModelCreator$DefaultBuildTreeModelController.lambda$locateBuilderForBuildTarget$0(DefaultBuildTreeModelCreator.java:146)
	at org.gradle.internal.build.DefaultBuildLifecycleController.withToolingModels(DefaultBuildLifecycleController.java:327)
	at org.gradle.internal.build.AbstractBuildState.withToolingModels(AbstractBuildState.java:169)
	at org.gradle.internal.buildtree.DefaultBuildTreeModelCreator$DefaultBuildTreeModelController.locateBuilderForBuildTarget(DefaultBuildTreeModelCreator.java:146)
	at org.gradle.internal.buildtree.DefaultBuildTreeModelCreator$DefaultBuildTreeModelController.locateBuilderForDefaultTarget(DefaultBuildTreeModelCreator.java:131)
	at org.gradle.internal.buildtree.DefaultBuildTreeModelCreator$DefaultBuildTreeModelController.locateBuilderForTarget(DefaultBuildTreeModelCreator.java:120)
	at org.gradle.internal.buildtree.DefaultBuildTreeModelCreator$DefaultBuildTreeModelController.access$200(DefaultBuildTreeModelCreator.java:69)
	at org.gradle.internal.buildtree.DefaultBuildTreeModelCreator$DefaultBuildTreeModelController$1.call(DefaultBuildTreeModelCreator.java:84)
	at org.gradle.internal.operations.DefaultBuildOperationRunner$CallableBuildOperationWorker.execute(DefaultBuildOperationRunner.java:209)
	at org.gradle.internal.operations.DefaultBuildOperationRunner$CallableBuildOperationWorker.execute(DefaultBuildOperationRunner.java:204)
	at org.gradle.internal.operations.DefaultBuildOperationRunner$2.execute(DefaultBuildOperationRunner.java:66)
	at org.gradle.internal.operations.DefaultBuildOperationRunner$2.execute(DefaultBuildOperationRunner.java:59)
	at org.gradle.internal.operations.DefaultBuildOperationRunner.execute(DefaultBuildOperationRunner.java:166)
	at org.gradle.internal.operations.DefaultBuildOperationRunner.execute(DefaultBuildOperationRunner.java:59)
	at org.gradle.internal.operations.DefaultBuildOperationRunner.call(DefaultBuildOperationRunner.java:53)
	at org.gradle.internal.buildtree.DefaultBuildTreeModelCreator$DefaultBuildTreeModelController.getModel(DefaultBuildTreeModelCreator.java:80)
	at org.gradle.tooling.internal.provider.runner.DefaultBuildController.doGetModel(DefaultBuildController.java:126)
	at org.gradle.tooling.internal.provider.runner.DefaultBuildController.getModel(DefaultBuildController.java:113)
	at org.gradle.tooling.internal.consumer.connection.ParameterAwareBuildControllerAdapter.getModel(ParameterAwareBuildControllerAdapter.java:40)
	at org.gradle.tooling.internal.consumer.connection.UnparameterizedBuildController.getModel(UnparameterizedBuildController.java:119)
	at org.gradle.tooling.internal.consumer.connection.NestedActionAwareBuildControllerAdapter.getModel(NestedActionAwareBuildControllerAdapter.java:32)
	at org.gradle.tooling.internal.consumer.connection.UnparameterizedBuildController.getModel(UnparameterizedBuildController.java:83)
	at org.gradle.tooling.internal.consumer.connection.NestedActionAwareBuildControllerAdapter.getModel(NestedActionAwareBuildControllerAdapter.java:32)
	at org.gradle.tooling.internal.consumer.connection.UnparameterizedBuildController.getModel(UnparameterizedBuildController.java:68)
	at org.gradle.tooling.internal.consumer.connection.NestedActionAwareBuildControllerAdapter.getModel(NestedActionAwareBuildControllerAdapter.java:32)
	at org.netbeans.modules.gradle.tooling.internal.NbProjectInfoAction.execute(NbProjectInfoAction.java:33)
	at org.netbeans.modules.gradle.tooling.internal.NbProjectInfoAction.execute(NbProjectInfoAction.java:29)
	at org.gradle.tooling.internal.consumer.connection.InternalBuildActionAdapter.execute(InternalBuildActionAdapter.java:66)
	at org.gradle.tooling.internal.provider.runner.AbstractClientProvidedBuildActionRunner$ActionAdapter.executeAction(AbstractClientProvidedBuildActionRunner.java:108)
	at org.gradle.tooling.internal.provider.runner.AbstractClientProvidedBuildActionRunner$ActionAdapter.runAction(AbstractClientProvidedBuildActionRunner.java:96)
	at org.gradle.tooling.internal.provider.runner.AbstractClientProvidedBuildActionRunner$ActionAdapter.fromBuildModel(AbstractClientProvidedBuildActionRunner.java:85)
	at org.gradle.tooling.internal.provider.runner.AbstractClientProvidedBuildActionRunner$ActionAdapter.fromBuildModel(AbstractClientProvidedBuildActionRunner.java:68)
	at org.gradle.internal.buildtree.DefaultBuildTreeModelCreator.fromBuildModel(DefaultBuildTreeModelCreator.java:66)
	at org.gradle.internal.cc.impl.barrier.BarrierAwareBuildTreeModelCreator.fromBuildModel$lambda$0(BarrierAwareBuildTreeModelCreator.kt:36)
	at org.gradle.internal.cc.impl.barrier.VintageConfigurationTimeActionRunner.runConfigurationTimeAction(VintageConfigurationTimeActionRunner.kt:48)
	at org.gradle.internal.cc.impl.barrier.BarrierAwareBuildTreeModelCreator.fromBuildModel(BarrierAwareBuildTreeModelCreator.kt:35)
	at org.gradle.internal.buildtree.DefaultBuildTreeLifecycleController.lambda$fromBuildModel$2(DefaultBuildTreeLifecycleController.java:90)
	at org.gradle.internal.buildtree.DefaultBuildTreeLifecycleController.lambda$runBuild$4(DefaultBuildTreeLifecycleController.java:120)
	at org.gradle.internal.model.StateTransitionController.lambda$transition$6(StateTransitionController.java:179)
	at org.gradle.internal.model.StateTransitionController.doTransition(StateTransitionController.java:276)
	at org.gradle.internal.model.StateTransitionController.lambda$transition$7(StateTransitionController.java:179)
	at org.gradle.internal.work.DefaultSynchronizer.withLock(DefaultSynchronizer.java:45)
	at org.gradle.internal.model.StateTransitionController.transition(StateTransitionController.java:179)
	at org.gradle.internal.buildtree.DefaultBuildTreeLifecycleController.runBuild(DefaultBuildTreeLifecycleController.java:117)
	at org.gradle.internal.buildtree.DefaultBuildTreeLifecycleController.fromBuildModel(DefaultBuildTreeLifecycleController.java:82)
	at org.gradle.tooling.internal.provider.runner.AbstractClientProvidedBuildActionRunner.runClientAction(AbstractClientProvidedBuildActionRunner.java:42)
	at org.gradle.tooling.internal.provider.runner.ClientProvidedBuildActionRunner.run(ClientProvidedBuildActionRunner.java:47)
	at org.gradle.launcher.exec.ChainingBuildActionRunner.run(ChainingBuildActionRunner.java:35)
	at org.gradle.internal.buildtree.ProblemReportingBuildActionRunner.run(ProblemReportingBuildActionRunner.java:54)
	at org.gradle.launcher.exec.BuildOutcomeReportingBuildActionRunner.run(BuildOutcomeReportingBuildActionRunner.java:83)
	at org.gradle.tooling.internal.provider.FileSystemWatchingBuildActionRunner.run(FileSystemWatchingBuildActionRunner.java:135)
	at org.gradle.launcher.exec.BuildCompletionNotifyingBuildActionRunner.run(BuildCompletionNotifyingBuildActionRunner.java:54)
	at org.gradle.launcher.exec.RootBuildLifecycleBuildActionExecutor.lambda$execute$0(RootBuildLifecycleBuildActionExecutor.java:101)
	at org.gradle.composite.internal.DefaultRootBuildState.run(DefaultRootBuildState.java:126)
	at org.gradle.launcher.exec.RootBuildLifecycleBuildActionExecutor.execute(RootBuildLifecycleBuildActionExecutor.java:101)
	at org.gradle.launcher.exec.BuildTreeLifecycleBuildActionExecutor.runRootBuildAction(BuildTreeLifecycleBuildActionExecutor.java:98)
	at org.gradle.launcher.exec.BuildTreeLifecycleBuildActionExecutor.execute(BuildTreeLifecycleBuildActionExecutor.java:69)
	at org.gradle.launcher.exec.RunAsBuildOperationBuildActionExecutor$2.call(RunAsBuildOperationBuildActionExecutor.java:65)
	at org.gradle.launcher.exec.RunAsBuildOperationBuildActionExecutor$2.call(RunAsBuildOperationBuildActionExecutor.java:61)
	at org.gradle.internal.operations.DefaultBuildOperationRunner$CallableBuildOperationWorker.execute(DefaultBuildOperationRunner.java:209)
	at org.gradle.internal.operations.DefaultBuildOperationRunner$CallableBuildOperationWorker.execute(DefaultBuildOperationRunner.java:204)
	at org.gradle.internal.operations.DefaultBuildOperationRunner$2.execute(DefaultBuildOperationRunner.java:66)
	at org.gradle.internal.operations.DefaultBuildOperationRunner$2.execute(DefaultBuildOperationRunner.java:59)
	at org.gradle.internal.operations.DefaultBuildOperationRunner.execute(DefaultBuildOperationRunner.java:166)
	at org.gradle.internal.operations.DefaultBuildOperationRunner.execute(DefaultBuildOperationRunner.java:59)
	at org.gradle.internal.operations.DefaultBuildOperationRunner.call(DefaultBuildOperationRunner.java:53)
	at org.gradle.launcher.exec.RunAsBuildOperationBuildActionExecutor.execute(RunAsBuildOperationBuildActionExecutor.java:61)
	at org.gradle.launcher.exec.RunAsWorkerThreadBuildActionExecutor.lambda$execute$0(RunAsWorkerThreadBuildActionExecutor.java:36)
	at org.gradle.internal.work.DefaultWorkerLeaseService.lambda$withLocksAcquired$0(DefaultWorkerLeaseService.java:269)
	at org.gradle.internal.work.ResourceLockStatistics$1.measure(ResourceLockStatistics.java:42)
	at org.gradle.internal.work.DefaultWorkerLeaseService.withLocksAcquired(DefaultWorkerLeaseService.java:267)
	at org.gradle.internal.work.DefaultWorkerLeaseService.withLocks(DefaultWorkerLeaseService.java:259)
	at org.gradle.internal.work.DefaultWorkerLeaseService.runAsWorkerThread(DefaultWorkerLeaseService.java:127)
	at org.gradle.launcher.exec.RunAsWorkerThreadBuildActionExecutor.execute(RunAsWorkerThreadBuildActionExecutor.java:36)
	at org.gradle.tooling.internal.provider.continuous.ContinuousBuildActionExecutor.execute(ContinuousBuildActionExecutor.java:110)
	at org.gradle.tooling.internal.provider.SubscribableBuildActionExecutor.execute(SubscribableBuildActionExecutor.java:64)
	at org.gradle.internal.session.DefaultBuildSessionContext.execute(DefaultBuildSessionContext.java:46)
	at org.gradle.internal.buildprocess.execution.BuildSessionLifecycleBuildActionExecutor$ActionImpl.apply(BuildSessionLifecycleBuildActionExecutor.java:106)
	at org.gradle.internal.buildprocess.execution.BuildSessionLifecycleBuildActionExecutor$ActionImpl.apply(BuildSessionLifecycleBuildActionExecutor.java:94)
	at org.gradle.internal.session.BuildSessionState.run(BuildSessionState.java:73)
	at org.gradle.internal.buildprocess.execution.BuildSessionLifecycleBuildActionExecutor.execute(BuildSessionLifecycleBuildActionExecutor.java:67)
	at org.gradle.internal.buildprocess.execution.BuildSessionLifecycleBuildActionExecutor.execute(BuildSessionLifecycleBuildActionExecutor.java:45)
	at org.gradle.internal.buildprocess.execution.StartParamsValidatingActionExecutor.execute(StartParamsValidatingActionExecutor.java:57)
	at org.gradle.internal.buildprocess.execution.StartParamsValidatingActionExecutor.execute(StartParamsValidatingActionExecutor.java:32)
	at org.gradle.internal.buildprocess.execution.SessionFailureReportingActionExecutor.execute(SessionFailureReportingActionExecutor.java:51)
	at org.gradle.internal.buildprocess.execution.SessionFailureReportingActionExecutor.execute(SessionFailureReportingActionExecutor.java:39)
	at org.gradle.internal.buildprocess.execution.SetupLoggingActionExecutor.execute(SetupLoggingActionExecutor.java:47)
	at org.gradle.internal.buildprocess.execution.SetupLoggingActionExecutor.execute(SetupLoggingActionExecutor.java:31)
	at org.gradle.launcher.daemon.server.exec.ExecuteBuild.doBuild(ExecuteBuild.java:70)
	at org.gradle.launcher.daemon.server.exec.BuildCommandOnly.execute(BuildCommandOnly.java:37)
	at org.gradle.launcher.daemon.server.api.DaemonCommandExecution.proceed(DaemonCommandExecution.java:104)
	at org.gradle.launcher.daemon.server.exec.WatchForDisconnection.execute(WatchForDisconnection.java:39)
	at org.gradle.launcher.daemon.server.api.DaemonCommandExecution.proceed(DaemonCommandExecution.java:104)
	at org.gradle.launcher.daemon.server.exec.ResetDeprecationLogger.execute(ResetDeprecationLogger.java:29)
	at org.gradle.launcher.daemon.server.api.DaemonCommandExecution.proceed(DaemonCommandExecution.java:104)
	at org.gradle.launcher.daemon.server.exec.RequestStopIfSingleUsedDaemon.execute(RequestStopIfSingleUsedDaemon.java:35)
	at org.gradle.launcher.daemon.server.api.DaemonCommandExecution.proceed(DaemonCommandExecution.java:104)
	at org.gradle.launcher.daemon.server.exec.ForwardClientInput.lambda$execute$0(ForwardClientInput.java:40)
	at org.gradle.internal.daemon.clientinput.ClientInputForwarder.forwardInput(ClientInputForwarder.java:80)
	at org.gradle.launcher.daemon.server.exec.ForwardClientInput.execute(ForwardClientInput.java:37)
	at org.gradle.launcher.daemon.server.api.DaemonCommandExecution.proceed(DaemonCommandExecution.java:104)
	at org.gradle.launcher.daemon.server.exec.LogAndCheckHealth.execute(LogAndCheckHealth.java:64)
	at org.gradle.launcher.daemon.server.api.DaemonCommandExecution.proceed(DaemonCommandExecution.java:104)
	at org.gradle.launcher.daemon.server.exec.LogToClient.doBuild(LogToClient.java:63)
	at org.gradle.launcher.daemon.server.exec.BuildCommandOnly.execute(BuildCommandOnly.java:37)
	at org.gradle.launcher.daemon.server.api.DaemonCommandExecution.proceed(DaemonCommandExecution.java:104)
	at org.gradle.launcher.daemon.server.exec.EstablishBuildEnvironment.doBuild(EstablishBuildEnvironment.java:84)
	at org.gradle.launcher.daemon.server.exec.BuildCommandOnly.execute(BuildCommandOnly.java:37)
	at org.gradle.launcher.daemon.server.api.DaemonCommandExecution.proceed(DaemonCommandExecution.java:104)
	at org.gradle.launcher.daemon.server.exec.StartBuildOrRespondWithBusy$1.run(StartBuildOrRespondWithBusy.java:52)
	at org.gradle.launcher.daemon.server.DaemonStateCoordinator.lambda$runCommand$0(DaemonStateCoordinator.java:321)
	at org.gradle.internal.concurrent.ExecutorPolicy$CatchAndRecordFailures.onExecute(ExecutorPolicy.java:64)
	at org.gradle.internal.concurrent.AbstractManagedExecutor$1.run(AbstractManagedExecutor.java:47)
Caused by: org.gradle.internal.metaobject.AbstractDynamicObject$CustomMessageMissingMethodException: Could not find method jcenter() for arguments [] on repository container of type org.gradle.api.internal.artifacts.dsl.DefaultRepositoryHandler.
	at org.gradle.internal.metaobject.AbstractDynamicObject$CustomMissingMethodExecutionFailed.<init>(AbstractDynamicObject.java:195)
	at org.gradle.internal.metaobject.AbstractDynamicObject.methodMissingException(AbstractDynamicObject.java:189)
	at org.gradle.internal.metaobject.ConfigureDelegate.invokeMethod(ConfigureDelegate.java:84)
	at build_e04deog7zserb4nfugufjzswz$_run_closure1$_closure2.doCall$original(/home/kairav/dev/lazycmake/build_directory2/_deps/fmt-src/support/build.gradle:7)
	at build_e04deog7zserb4nfugufjzswz$_run_closure1$_closure2.doCall(/home/kairav/dev/lazycmake/build_directory2/_deps/fmt-src/support/build.gradle)
	at org.gradle.util.internal.ClosureBackedAction.execute(ClosureBackedAction.java:73)
	at org.gradle.util.internal.ConfigureUtil.configureTarget(ConfigureUtil.java:166)
	at org.gradle.util.internal.ConfigureUtil.configureSelf(ConfigureUtil.java:142)
	at org.gradle.api.internal.artifacts.DefaultArtifactRepositoryContainer.configure(DefaultArtifactRepositoryContainer.java:65)
	at org.gradle.api.internal.artifacts.DefaultArtifactRepositoryContainer.configure(DefaultArtifactRepositoryContainer.java:35)
	at org.gradle.util.internal.ConfigureUtil.configure(ConfigureUtil.java:105)
	at org.gradle.api.internal.initialization.DefaultScriptHandler.repositories(DefaultScriptHandler.java:137)
	at org.gradle.internal.metaobject.BeanDynamicObject$MetaClassAdapter.invokeMethod(BeanDynamicObject.java:583)
	at org.gradle.internal.metaobject.BeanDynamicObject.tryInvokeMethod(BeanDynamicObject.java:225)
	at org.gradle.internal.metaobject.ConfigureDelegate.invokeMethod(ConfigureDelegate.java:65)
	at build_e04deog7zserb4nfugufjzswz$_run_closure1.doCall$original(/home/kairav/dev/lazycmake/build_directory2/_deps/fmt-src/support/build.gradle:5)
	at build_e04deog7zserb4nfugufjzswz$_run_closure1.doCall(/home/kairav/dev/lazycmake/build_directory2/_deps/fmt-src/support/build.gradle)
	at org.gradle.util.internal.ClosureBackedAction.execute(ClosureBackedAction.java:73)
	at org.gradle.util.internal.ConfigureUtil.configureTarget(ConfigureUtil.java:166)
	at org.gradle.util.internal.ConfigureUtil.configure(ConfigureUtil.java:107)
	at org.gradle.api.internal.project.DefaultProject.buildscript(DefaultProject.java:1292)
	at org.gradle.api.internal.project.ProjectScript.buildscript(ProjectScript.java:47)
	at build_e04deog7zserb4nfugufjzswz.run(/home/kairav/dev/lazycmake/build_directory2/_deps/fmt-src/support/build.gradle:4)
	at org.gradle.groovy.scripts.internal.DefaultScriptRunnerFactory$ScriptRunnerImpl.run(DefaultScriptRunnerFactory.java:91)
	... 192 more
WARNING [org.netbeans.modules.gradle.loaders.LegacyProjectLoader]: Loading of script /home/kairav/dev/byld/main_game/external/imgui/examples/example_android_opengl3/android/build.gradle threw an exception {2}
INFO [org.netbeans.modules.gradle.loaders.LegacyProjectLoader]: Stacktrace from gradle daemon:
org.gradle.api.ProjectConfigurationException: A problem occurred configuring project ':app'.
	at org.gradle.configuration.project.LifecycleProjectEvaluator.wrapException(LifecycleProjectEvaluator.java:84)
	at org.gradle.configuration.project.LifecycleProjectEvaluator.addConfigurationFailure(LifecycleProjectEvaluator.java:77)
	at org.gradle.configuration.project.LifecycleProjectEvaluator.access$500(LifecycleProjectEvaluator.java:55)
	at org.gradle.configuration.project.LifecycleProjectEvaluator$NotifyAfterEvaluate.run(LifecycleProjectEvaluator.java:255)
	at org.gradle.internal.operations.DefaultBuildOperationRunner$1.execute(DefaultBuildOperationRunner.java:29)
	at org.gradle.internal.operations.DefaultBuildOperationRunner$1.execute(DefaultBuildOperationRunner.java:26)
	at org.gradle.internal.operations.DefaultBuildOperationRunner$2.execute(DefaultBuildOperationRunner.java:66)
	at org.gradle.internal.operations.DefaultBuildOperationRunner$2.execute(DefaultBuildOperationRunner.java:59)
	at org.gradle.internal.operations.DefaultBuildOperationRunner.execute(DefaultBuildOperationRunner.java:166)
	at org.gradle.internal.operations.DefaultBuildOperationRunner.execute(DefaultBuildOperationRunner.java:59)
	at org.gradle.internal.operations.DefaultBuildOperationRunner.run(DefaultBuildOperationRunner.java:47)
	at org.gradle.configuration.project.LifecycleProjectEvaluator$EvaluateProject.lambda$run$0(LifecycleProjectEvaluator.java:114)
	at org.gradle.api.internal.project.DefaultProjectStateRegistry$ProjectStateImpl.lambda$applyToMutableState$0(DefaultProjectStateRegistry.java:443)
	at org.gradle.api.internal.project.DefaultProjectStateRegistry$ProjectStateImpl.lambda$fromMutableState$1(DefaultProjectStateRegistry.java:450)
	at org.gradle.internal.work.DefaultWorkerLeaseService.lambda$withLocksAcquired$0(DefaultWorkerLeaseService.java:269)
	at org.gradle.internal.work.ResourceLockStatistics$1.measure(ResourceLockStatistics.java:42)
	at org.gradle.internal.work.DefaultWorkerLeaseService.withLocksAcquired(DefaultWorkerLeaseService.java:267)
	at org.gradle.internal.work.DefaultWorkerLeaseService.lambda$withReplacedLocks$3(DefaultWorkerLeaseService.java:365)
	at org.gradle.internal.work.DefaultWorkerLeaseService.withoutLocks(DefaultWorkerLeaseService.java:337)
	at org.gradle.internal.work.DefaultWorkerLeaseService.withReplacedLocks(DefaultWorkerLeaseService.java:364)
	at org.gradle.api.internal.project.DefaultProjectStateRegistry$ProjectStateImpl.runWithModelLock(DefaultProjectStateRegistry.java:471)
	at org.gradle.api.internal.project.DefaultProjectStateRegistry$ProjectStateImpl.fromMutableState(DefaultProjectStateRegistry.java:450)
	at org.gradle.api.internal.project.DefaultProjectStateRegistry$ProjectStateImpl.applyToMutableState(DefaultProjectStateRegistry.java:442)
	at org.gradle.configuration.project.LifecycleProjectEvaluator$EvaluateProject.run(LifecycleProjectEvaluator.java:100)
	at org.gradle.internal.operations.DefaultBuildOperationRunner$1.execute(DefaultBuildOperationRunner.java:29)
	at org.gradle.internal.operations.DefaultBuildOperationRunner$1.execute(DefaultBuildOperationRunner.java:26)
	at org.gradle.internal.operations.DefaultBuildOperationRunner$2.execute(DefaultBuildOperationRunner.java:66)
	at org.gradle.internal.operations.DefaultBuildOperationRunner$2.execute(DefaultBuildOperationRunner.java:59)
	at org.gradle.internal.operations.DefaultBuildOperationRunner.execute(DefaultBuildOperationRunner.java:166)
	at org.gradle.internal.operations.DefaultBuildOperationRunner.execute(DefaultBuildOperationRunner.java:59)
	at org.gradle.internal.operations.DefaultBuildOperationRunner.run(DefaultBuildOperationRunner.java:47)
	at org.gradle.configuration.project.LifecycleProjectEvaluator.evaluate(LifecycleProjectEvaluator.java:72)
	at org.gradle.api.internal.project.DefaultProject.evaluateUnchecked(DefaultProject.java:796)
	at org.gradle.api.internal.project.ProjectLifecycleController.lambda$ensureSelfConfigured$2(ProjectLifecycleController.java:93)
	at org.gradle.internal.model.StateTransitionController.lambda$doTransition$14(StateTransitionController.java:265)
	at org.gradle.internal.model.StateTransitionController.doTransition(StateTransitionController.java:276)
	at org.gradle.internal.model.StateTransitionController.doTransition(StateTransitionController.java:264)
	at org.gradle.internal.model.StateTransitionController.lambda$maybeTransitionIfNotCurrentlyTransitioning$10(StateTransitionController.java:209)
	at org.gradle.internal.work.DefaultSynchronizer.withLock(DefaultSynchronizer.java:35)
	at org.gradle.internal.model.StateTransitionController.maybeTransitionIfNotCurrentlyTransitioning(StateTransitionController.java:205)
	at org.gradle.api.internal.project.ProjectLifecycleController.ensureSelfConfigured(ProjectLifecycleController.java:93)
	at org.gradle.api.internal.project.DefaultProjectStateRegistry$ProjectStateImpl.ensureConfigured(DefaultProjectStateRegistry.java:408)
	at org.gradle.execution.TaskPathProjectEvaluator.configure(TaskPathProjectEvaluator.java:71)
	at org.gradle.execution.TaskPathProjectEvaluator.configureHierarchy(TaskPathProjectEvaluator.java:87)
	at org.gradle.configuration.DefaultProjectsPreparer.prepareProjects(DefaultProjectsPreparer.java:50)
	at org.gradle.configuration.BuildTreePreparingProjectsPreparer.prepareProjects(BuildTreePreparingProjectsPreparer.java:65)
	at org.gradle.configuration.BuildOperationFiringProjectsPreparer$ConfigureBuild.run(BuildOperationFiringProjectsPreparer.java:52)
	at org.gradle.internal.operations.DefaultBuildOperationRunner$1.execute(DefaultBuildOperationRunner.java:29)
	at org.gradle.internal.operations.DefaultBuildOperationRunner$1.execute(DefaultBuildOperationRunner.java:26)
	at org.gradle.internal.operations.DefaultBuildOperationRunner$2.execute(DefaultBuildOperationRunner.java:66)
	at org.gradle.internal.operations.DefaultBuildOperationRunner$2.execute(DefaultBuildOperationRunner.java:59)
	at org.gradle.internal.operations.DefaultBuildOperationRunner.execute(DefaultBuildOperationRunner.java:166)
	at org.gradle.internal.operations.DefaultBuildOperationRunner.execute(DefaultBuildOperationRunner.java:59)
	at org.gradle.internal.operations.DefaultBuildOperationRunner.run(DefaultBuildOperationRunner.java:47)
	at org.gradle.configuration.BuildOperationFiringProjectsPreparer.prepareProjects(BuildOperationFiringProjectsPreparer.java:40)
	at org.gradle.initialization.VintageBuildModelController.lambda$prepareProjects$2(VintageBuildModelController.java:83)
	at org.gradle.internal.model.StateTransitionController.lambda$doTransition$14(StateTransitionController.java:265)
	at org.gradle.internal.model.StateTransitionController.doTransition(StateTransitionController.java:276)
	at org.gradle.internal.model.StateTransitionController.doTransition(StateTransitionController.java:264)
	at org.gradle.internal.model.StateTransitionController.lambda$transitionIfNotPreviously$11(StateTransitionController.java:223)
	at org.gradle.internal.work.DefaultSynchronizer.withLock(DefaultSynchronizer.java:35)
	at org.gradle.internal.model.StateTransitionController.transitionIfNotPreviously(StateTransitionController.java:219)
	at org.gradle.initialization.VintageBuildModelController.prepareProjects(VintageBuildModelController.java:83)
	at org.gradle.initialization.VintageBuildModelController.getConfiguredModel(VintageBuildModelController.java:63)
	at org.gradle.internal.build.DefaultBuildLifecycleController.lambda$withProjectsConfigured$1(DefaultBuildLifecycleController.java:133)
	at org.gradle.internal.model.StateTransitionController.lambda$notInState$3(StateTransitionController.java:142)
	at org.gradle.internal.work.DefaultSynchronizer.withLock(DefaultSynchronizer.java:45)
	at org.gradle.internal.model.StateTransitionController.notInState(StateTransitionController.java:138)
	at org.gradle.internal.build.DefaultBuildLifecycleController.withProjectsConfigured(DefaultBuildLifecycleController.java:133)
	at org.gradle.internal.build.DefaultBuildToolingModelController.locateBuilderForTarget(DefaultBuildToolingModelController.java:59)
	at org.gradle.internal.buildtree.DefaultBuildTreeModelCreator$DefaultBuildTreeModelController.lambda$locateBuilderForBuildTarget$0(DefaultBuildTreeModelCreator.java:146)
	at org.gradle.internal.build.DefaultBuildLifecycleController.withToolingModels(DefaultBuildLifecycleController.java:327)
	at org.gradle.internal.build.AbstractBuildState.withToolingModels(AbstractBuildState.java:169)
	at org.gradle.internal.buildtree.DefaultBuildTreeModelCreator$DefaultBuildTreeModelController.locateBuilderForBuildTarget(DefaultBuildTreeModelCreator.java:146)
	at org.gradle.internal.buildtree.DefaultBuildTreeModelCreator$DefaultBuildTreeModelController.locateBuilderForDefaultTarget(DefaultBuildTreeModelCreator.java:131)
	at org.gradle.internal.buildtree.DefaultBuildTreeModelCreator$DefaultBuildTreeModelController.locateBuilderForTarget(DefaultBuildTreeModelCreator.java:120)
	at org.gradle.internal.buildtree.DefaultBuildTreeModelCreator$DefaultBuildTreeModelController.access$200(DefaultBuildTreeModelCreator.java:69)
	at org.gradle.internal.buildtree.DefaultBuildTreeModelCreator$DefaultBuildTreeModelController$1.call(DefaultBuildTreeModelCreator.java:84)
	at org.gradle.internal.operations.DefaultBuildOperationRunner$CallableBuildOperationWorker.execute(DefaultBuildOperationRunner.java:209)
	at org.gradle.internal.operations.DefaultBuildOperationRunner$CallableBuildOperationWorker.execute(DefaultBuildOperationRunner.java:204)
	at org.gradle.internal.operations.DefaultBuildOperationRunner$2.execute(DefaultBuildOperationRunner.java:66)
	at org.gradle.internal.operations.DefaultBuildOperationRunner$2.execute(DefaultBuildOperationRunner.java:59)
	at org.gradle.internal.operations.DefaultBuildOperationRunner.execute(DefaultBuildOperationRunner.java:166)
	at org.gradle.internal.operations.DefaultBuildOperationRunner.execute(DefaultBuildOperationRunner.java:59)
	at org.gradle.internal.operations.DefaultBuildOperationRunner.call(DefaultBuildOperationRunner.java:53)
	at org.gradle.internal.buildtree.DefaultBuildTreeModelCreator$DefaultBuildTreeModelController.getModel(DefaultBuildTreeModelCreator.java:80)
	at org.gradle.tooling.internal.provider.runner.DefaultBuildController.doGetModel(DefaultBuildController.java:126)
	at org.gradle.tooling.internal.provider.runner.DefaultBuildController.getModel(DefaultBuildController.java:113)
	at org.gradle.tooling.internal.consumer.connection.ParameterAwareBuildControllerAdapter.getModel(ParameterAwareBuildControllerAdapter.java:40)
	at org.gradle.tooling.internal.consumer.connection.UnparameterizedBuildController.getModel(UnparameterizedBuildController.java:119)
	at org.gradle.tooling.internal.consumer.connection.NestedActionAwareBuildControllerAdapter.getModel(NestedActionAwareBuildControllerAdapter.java:32)
	at org.gradle.tooling.internal.consumer.connection.UnparameterizedBuildController.getModel(UnparameterizedBuildController.java:83)
	at org.gradle.tooling.internal.consumer.connection.NestedActionAwareBuildControllerAdapter.getModel(NestedActionAwareBuildControllerAdapter.java:32)
	at org.gradle.tooling.internal.consumer.connection.UnparameterizedBuildController.getModel(UnparameterizedBuildController.java:68)
	at org.gradle.tooling.internal.consumer.connection.NestedActionAwareBuildControllerAdapter.getModel(NestedActionAwareBuildControllerAdapter.java:32)
	at org.netbeans.modules.gradle.tooling.internal.NbProjectInfoAction.execute(NbProjectInfoAction.java:33)
	at org.netbeans.modules.gradle.tooling.internal.NbProjectInfoAction.execute(NbProjectInfoAction.java:29)
	at org.gradle.tooling.internal.consumer.connection.InternalBuildActionAdapter.execute(InternalBuildActionAdapter.java:66)
	at org.gradle.tooling.internal.provider.runner.AbstractClientProvidedBuildActionRunner$ActionAdapter.executeAction(AbstractClientProvidedBuildActionRunner.java:108)
	at org.gradle.tooling.internal.provider.runner.AbstractClientProvidedBuildActionRunner$ActionAdapter.runAction(AbstractClientProvidedBuildActionRunner.java:96)
	at org.gradle.tooling.internal.provider.runner.AbstractClientProvidedBuildActionRunner$ActionAdapter.fromBuildModel(AbstractClientProvidedBuildActionRunner.java:85)
	at org.gradle.tooling.internal.provider.runner.AbstractClientProvidedBuildActionRunner$ActionAdapter.fromBuildModel(AbstractClientProvidedBuildActionRunner.java:68)
	at org.gradle.internal.buildtree.DefaultBuildTreeModelCreator.fromBuildModel(DefaultBuildTreeModelCreator.java:66)
	at org.gradle.internal.cc.impl.barrier.BarrierAwareBuildTreeModelCreator.fromBuildModel$lambda$0(BarrierAwareBuildTreeModelCreator.kt:36)
	at org.gradle.internal.cc.impl.barrier.VintageConfigurationTimeActionRunner.runConfigurationTimeAction(VintageConfigurationTimeActionRunner.kt:48)
	at org.gradle.internal.cc.impl.barrier.BarrierAwareBuildTreeModelCreator.fromBuildModel(BarrierAwareBuildTreeModelCreator.kt:35)
	at org.gradle.internal.buildtree.DefaultBuildTreeLifecycleController.lambda$fromBuildModel$2(DefaultBuildTreeLifecycleController.java:90)
	at org.gradle.internal.buildtree.DefaultBuildTreeLifecycleController.lambda$runBuild$4(DefaultBuildTreeLifecycleController.java:120)
	at org.gradle.internal.model.StateTransitionController.lambda$transition$6(StateTransitionController.java:179)
	at org.gradle.internal.model.StateTransitionController.doTransition(StateTransitionController.java:276)
	at org.gradle.internal.model.StateTransitionController.lambda$transition$7(StateTransitionController.java:179)
	at org.gradle.internal.work.DefaultSynchronizer.withLock(DefaultSynchronizer.java:45)
	at org.gradle.internal.model.StateTransitionController.transition(StateTransitionController.java:179)
	at org.gradle.internal.buildtree.DefaultBuildTreeLifecycleController.runBuild(DefaultBuildTreeLifecycleController.java:117)
	at org.gradle.internal.buildtree.DefaultBuildTreeLifecycleController.fromBuildModel(DefaultBuildTreeLifecycleController.java:82)
	at org.gradle.tooling.internal.provider.runner.AbstractClientProvidedBuildActionRunner.runClientAction(AbstractClientProvidedBuildActionRunner.java:42)
	at org.gradle.tooling.internal.provider.runner.ClientProvidedBuildActionRunner.run(ClientProvidedBuildActionRunner.java:47)
	at org.gradle.launcher.exec.ChainingBuildActionRunner.run(ChainingBuildActionRunner.java:35)
	at org.gradle.internal.buildtree.ProblemReportingBuildActionRunner.run(ProblemReportingBuildActionRunner.java:54)
	at org.gradle.launcher.exec.BuildOutcomeReportingBuildActionRunner.run(BuildOutcomeReportingBuildActionRunner.java:83)
	at org.gradle.tooling.internal.provider.FileSystemWatchingBuildActionRunner.run(FileSystemWatchingBuildActionRunner.java:135)
	at org.gradle.launcher.exec.BuildCompletionNotifyingBuildActionRunner.run(BuildCompletionNotifyingBuildActionRunner.java:54)
	at org.gradle.launcher.exec.RootBuildLifecycleBuildActionExecutor.lambda$execute$0(RootBuildLifecycleBuildActionExecutor.java:101)
	at org.gradle.composite.internal.DefaultRootBuildState.run(DefaultRootBuildState.java:126)
	at org.gradle.launcher.exec.RootBuildLifecycleBuildActionExecutor.execute(RootBuildLifecycleBuildActionExecutor.java:101)
	at org.gradle.launcher.exec.BuildTreeLifecycleBuildActionExecutor.runRootBuildAction(BuildTreeLifecycleBuildActionExecutor.java:98)
	at org.gradle.launcher.exec.BuildTreeLifecycleBuildActionExecutor.execute(BuildTreeLifecycleBuildActionExecutor.java:69)
	at org.gradle.launcher.exec.RunAsBuildOperationBuildActionExecutor$2.call(RunAsBuildOperationBuildActionExecutor.java:65)
	at org.gradle.launcher.exec.RunAsBuildOperationBuildActionExecutor$2.call(RunAsBuildOperationBuildActionExecutor.java:61)
	at org.gradle.internal.operations.DefaultBuildOperationRunner$CallableBuildOperationWorker.execute(DefaultBuildOperationRunner.java:209)
	at org.gradle.internal.operations.DefaultBuildOperationRunner$CallableBuildOperationWorker.execute(DefaultBuildOperationRunner.java:204)
	at org.gradle.internal.operations.DefaultBuildOperationRunner$2.execute(DefaultBuildOperationRunner.java:66)
	at org.gradle.internal.operations.DefaultBuildOperationRunner$2.execute(DefaultBuildOperationRunner.java:59)
	at org.gradle.internal.operations.DefaultBuildOperationRunner.execute(DefaultBuildOperationRunner.java:166)
	at org.gradle.internal.operations.DefaultBuildOperationRunner.execute(DefaultBuildOperationRunner.java:59)
	at org.gradle.internal.operations.DefaultBuildOperationRunner.call(DefaultBuildOperationRunner.java:53)
	at org.gradle.launcher.exec.RunAsBuildOperationBuildActionExecutor.execute(RunAsBuildOperationBuildActionExecutor.java:61)
	at org.gradle.launcher.exec.RunAsWorkerThreadBuildActionExecutor.lambda$execute$0(RunAsWorkerThreadBuildActionExecutor.java:36)
	at org.gradle.internal.work.DefaultWorkerLeaseService.lambda$withLocksAcquired$0(DefaultWorkerLeaseService.java:269)
	at org.gradle.internal.work.ResourceLockStatistics$1.measure(ResourceLockStatistics.java:42)
	at org.gradle.internal.work.DefaultWorkerLeaseService.withLocksAcquired(DefaultWorkerLeaseService.java:267)
	at org.gradle.internal.work.DefaultWorkerLeaseService.withLocks(DefaultWorkerLeaseService.java:259)
	at org.gradle.internal.work.DefaultWorkerLeaseService.runAsWorkerThread(DefaultWorkerLeaseService.java:127)
	at org.gradle.launcher.exec.RunAsWorkerThreadBuildActionExecutor.execute(RunAsWorkerThreadBuildActionExecutor.java:36)
	at org.gradle.tooling.internal.provider.continuous.ContinuousBuildActionExecutor.execute(ContinuousBuildActionExecutor.java:110)
	at org.gradle.tooling.internal.provider.SubscribableBuildActionExecutor.execute(SubscribableBuildActionExecutor.java:64)
	at org.gradle.internal.session.DefaultBuildSessionContext.execute(DefaultBuildSessionContext.java:46)
	at org.gradle.internal.buildprocess.execution.BuildSessionLifecycleBuildActionExecutor$ActionImpl.apply(BuildSessionLifecycleBuildActionExecutor.java:106)
	at org.gradle.internal.buildprocess.execution.BuildSessionLifecycleBuildActionExecutor$ActionImpl.apply(BuildSessionLifecycleBuildActionExecutor.java:94)
	at org.gradle.internal.session.BuildSessionState.run(BuildSessionState.java:73)
	at org.gradle.internal.buildprocess.execution.BuildSessionLifecycleBuildActionExecutor.execute(BuildSessionLifecycleBuildActionExecutor.java:67)
	at org.gradle.internal.buildprocess.execution.BuildSessionLifecycleBuildActionExecutor.execute(BuildSessionLifecycleBuildActionExecutor.java:45)
	at org.gradle.internal.buildprocess.execution.StartParamsValidatingActionExecutor.execute(StartParamsValidatingActionExecutor.java:57)
	at org.gradle.internal.buildprocess.execution.StartParamsValidatingActionExecutor.execute(StartParamsValidatingActionExecutor.java:32)
	at org.gradle.internal.buildprocess.execution.SessionFailureReportingActionExecutor.execute(SessionFailureReportingActionExecutor.java:51)
	at org.gradle.internal.buildprocess.execution.SessionFailureReportingActionExecutor.execute(SessionFailureReportingActionExecutor.java:39)
	at org.gradle.internal.buildprocess.execution.SetupLoggingActionExecutor.execute(SetupLoggingActionExecutor.java:47)
	at org.gradle.internal.buildprocess.execution.SetupLoggingActionExecutor.execute(SetupLoggingActionExecutor.java:31)
	at org.gradle.launcher.daemon.server.exec.ExecuteBuild.doBuild(ExecuteBuild.java:70)
	at org.gradle.launcher.daemon.server.exec.BuildCommandOnly.execute(BuildCommandOnly.java:37)
	at org.gradle.launcher.daemon.server.api.DaemonCommandExecution.proceed(DaemonCommandExecution.java:104)
	at org.gradle.launcher.daemon.server.exec.WatchForDisconnection.execute(WatchForDisconnection.java:39)
	at org.gradle.launcher.daemon.server.api.DaemonCommandExecution.proceed(DaemonCommandExecution.java:104)
	at org.gradle.launcher.daemon.server.exec.ResetDeprecationLogger.execute(ResetDeprecationLogger.java:29)
	at org.gradle.launcher.daemon.server.api.DaemonCommandExecution.proceed(DaemonCommandExecution.java:104)
	at org.gradle.launcher.daemon.server.exec.RequestStopIfSingleUsedDaemon.execute(RequestStopIfSingleUsedDaemon.java:35)
	at org.gradle.launcher.daemon.server.api.DaemonCommandExecution.proceed(DaemonCommandExecution.java:104)
	at org.gradle.launcher.daemon.server.exec.ForwardClientInput.lambda$execute$0(ForwardClientInput.java:40)
	at org.gradle.internal.daemon.clientinput.ClientInputForwarder.forwardInput(ClientInputForwarder.java:80)
	at org.gradle.launcher.daemon.server.exec.ForwardClientInput.execute(ForwardClientInput.java:37)
	at org.gradle.launcher.daemon.server.api.DaemonCommandExecution.proceed(DaemonCommandExecution.java:104)
	at org.gradle.launcher.daemon.server.exec.LogAndCheckHealth.execute(LogAndCheckHealth.java:64)
	at org.gradle.launcher.daemon.server.api.DaemonCommandExecution.proceed(DaemonCommandExecution.java:104)
	at org.gradle.launcher.daemon.server.exec.LogToClient.doBuild(LogToClient.java:63)
	at org.gradle.launcher.daemon.server.exec.BuildCommandOnly.execute(BuildCommandOnly.java:37)
	at org.gradle.launcher.daemon.server.api.DaemonCommandExecution.proceed(DaemonCommandExecution.java:104)
	at org.gradle.launcher.daemon.server.exec.EstablishBuildEnvironment.doBuild(EstablishBuildEnvironment.java:84)
	at org.gradle.launcher.daemon.server.exec.BuildCommandOnly.execute(BuildCommandOnly.java:37)
	at org.gradle.launcher.daemon.server.api.DaemonCommandExecution.proceed(DaemonCommandExecution.java:104)
	at org.gradle.launcher.daemon.server.exec.StartBuildOrRespondWithBusy$1.run(StartBuildOrRespondWithBusy.java:52)
	at org.gradle.launcher.daemon.server.DaemonStateCoordinator.lambda$runCommand$0(DaemonStateCoordinator.java:321)
	at org.gradle.internal.concurrent.ExecutorPolicy$CatchAndRecordFailures.onExecute(ExecutorPolicy.java:64)
	at org.gradle.internal.concurrent.AbstractManagedExecutor$1.run(AbstractManagedExecutor.java:47)
Caused by: com.android.builder.errors.EvalIssueException: SDK location not found. Define a valid SDK location with an ANDROID_HOME environment variable or by setting the sdk.dir path in your project's local properties file at '/home/kairav/dev/byld/main_game/external/imgui/examples/example_android_opengl3/android/local.properties'.
	at com.android.builder.errors.IssueReporter.reportError(IssueReporter.kt:119)
	at com.android.builder.errors.IssueReporter.reportError$default(IssueReporter.kt:114)
	at com.android.build.gradle.internal.SdkLocator.getSdkLocation(SdkLocator.kt:322)
	at com.android.build.gradle.internal.SdkLocator.getSdkDirectory(SdkLocator.kt:270)
	at com.android.build.gradle.internal.cxx.configure.NdkLocator.findNdkPath(NdkLocator.kt:424)
	at com.android.build.gradle.internal.ndk.NdkHandler.getNdkStatus(NdkHandler.kt:83)
	at com.android.build.gradle.internal.ndk.NdkHandler.getNdkPlatform(NdkHandler.kt:96)
	at com.android.build.gradle.internal.cxx.gradle.generator.CxxConfigurationModelKt.tryCreateConfigurationParameters(CxxConfigurationModel.kt:213)
	at com.android.build.gradle.internal.cxx.configure.CxxCreateGradleTasksKt.createCxxTasks(CxxCreateGradleTasks.kt:89)
	at com.android.build.gradle.internal.VariantTaskManager.createTopLevelTasks(VariantTaskManager.kt:228)
	at com.android.build.gradle.internal.VariantTaskManager.createTasks(VariantTaskManager.kt:143)
	at com.android.build.gradle.internal.plugins.BasePlugin.createAndroidTasks(BasePlugin.kt:774)
	at com.android.build.gradle.internal.plugins.BasePlugin$createTasks$2$1.call(BasePlugin.kt:617)
	at com.android.build.gradle.internal.profile.NoOpAnalyticsConfiguratorService.recordBlock(NoOpAnalyticsConfiguratorService.kt:57)
	at com.android.build.gradle.internal.plugins.BasePlugin$createTasks$2.accept(BasePlugin.kt:612)
	at com.android.build.gradle.internal.plugins.BasePlugin$createTasks$2.accept(BasePlugin.kt:609)
	at com.android.build.gradle.internal.crash.CrashReporting$afterEvaluate$1.execute(crash_reporting.kt:37)
	at com.android.build.gradle.internal.crash.CrashReporting$afterEvaluate$1.execute(crash_reporting.kt:35)
	at org.gradle.internal.code.DefaultUserCodeApplicationContext$CurrentApplication$1.execute(DefaultUserCodeApplicationContext.java:124)
	at org.gradle.configuration.internal.DefaultListenerBuildOperationDecorator$BuildOperationEmittingAction$1.run(DefaultListenerBuildOperationDecorator.java:173)
	at org.gradle.internal.operations.DefaultBuildOperationRunner$1.execute(DefaultBuildOperationRunner.java:29)
	at org.gradle.internal.operations.DefaultBuildOperationRunner$1.execute(DefaultBuildOperationRunner.java:26)
	at org.gradle.internal.operations.DefaultBuildOperationRunner$2.execute(DefaultBuildOperationRunner.java:66)
	at org.gradle.internal.operations.DefaultBuildOperationRunner$2.execute(DefaultBuildOperationRunner.java:59)
	at org.gradle.internal.operations.DefaultBuildOperationRunner.execute(DefaultBuildOperationRunner.java:166)
	at org.gradle.internal.operations.DefaultBuildOperationRunner.execute(DefaultBuildOperationRunner.java:59)
	at org.gradle.internal.operations.DefaultBuildOperationRunner.run(DefaultBuildOperationRunner.java:47)
	at org.gradle.configuration.internal.DefaultListenerBuildOperationDecorator$BuildOperationEmittingAction.execute(DefaultListenerBuildOperationDecorator.java:170)
	at org.gradle.internal.event.BroadcastDispatch$ActionInvocationHandler.dispatch(BroadcastDispatch.java:101)
	at org.gradle.internal.event.BroadcastDispatch$ActionInvocationHandler.dispatch(BroadcastDispatch.java:89)
	at org.gradle.internal.event.AbstractBroadcastDispatch.dispatch(AbstractBroadcastDispatch.java:44)
	at org.gradle.internal.event.BroadcastDispatch$SingletonDispatch.dispatch(BroadcastDispatch.java:270)
	at org.gradle.internal.event.BroadcastDispatch$SingletonDispatch.dispatch(BroadcastDispatch.java:172)
	at org.gradle.internal.event.AbstractBroadcastDispatch.dispatch(AbstractBroadcastDispatch.java:84)
	at org.gradle.internal.event.AbstractBroadcastDispatch.dispatch(AbstractBroadcastDispatch.java:70)
	at org.gradle.internal.event.BroadcastDispatch$CompositeDispatch.dispatch(BroadcastDispatch.java:382)
	at org.gradle.internal.event.BroadcastDispatch$CompositeDispatch.dispatch(BroadcastDispatch.java:274)
	at org.gradle.internal.event.ListenerBroadcast.dispatch(ListenerBroadcast.java:160)
	at org.gradle.internal.event.ListenerBroadcast.dispatch(ListenerBroadcast.java:37)
	at org.gradle.internal.dispatch.ProxyDispatchAdapter$DispatchingInvocationHandler.invoke(ProxyDispatchAdapter.java:88)
	at jdk.proxy1/jdk.proxy1.$Proxy76.afterEvaluate(Unknown Source)
	at org.gradle.configuration.project.LifecycleProjectEvaluator$NotifyAfterEvaluate$1.execute(LifecycleProjectEvaluator.java:247)
	at org.gradle.configuration.project.LifecycleProjectEvaluator$NotifyAfterEvaluate$1.execute(LifecycleProjectEvaluator.java:244)
	at org.gradle.api.internal.project.DefaultProject.stepEvaluationListener(DefaultProject.java:1510)
	at org.gradle.configuration.project.LifecycleProjectEvaluator$NotifyAfterEvaluate.run(LifecycleProjectEvaluator.java:253)
	at org.gradle.internal.operations.DefaultBuildOperationRunner$1.execute(DefaultBuildOperationRunner.java:29)
	at org.gradle.internal.operations.DefaultBuildOperationRunner$1.execute(DefaultBuildOperationRunner.java:26)
	at org.gradle.internal.operations.DefaultBuildOperationRunner$2.execute(DefaultBuildOperationRunner.java:66)
	at org.gradle.internal.operations.DefaultBuildOperationRunner$2.execute(DefaultBuildOperationRunner.java:59)
	at org.gradle.internal.operations.DefaultBuildOperationRunner.execute(DefaultBuildOperationRunner.java:166)
	at org.gradle.internal.operations.DefaultBuildOperationRunner.execute(DefaultBuildOperationRunner.java:59)
	at org.gradle.internal.operations.DefaultBuildOperationRunner.run(DefaultBuildOperationRunner.java:47)
	at org.gradle.configuration.project.LifecycleProjectEvaluator$EvaluateProject.lambda$run$0(LifecycleProjectEvaluator.java:114)
	at org.gradle.api.internal.project.DefaultProjectStateRegistry$ProjectStateImpl.lambda$applyToMutableState$0(DefaultProjectStateRegistry.java:443)
	at org.gradle.api.internal.project.DefaultProjectStateRegistry$ProjectStateImpl.lambda$fromMutableState$1(DefaultProjectStateRegistry.java:450)
	at org.gradle.internal.work.DefaultWorkerLeaseService.lambda$withLocksAcquired$0(DefaultWorkerLeaseService.java:269)
	at org.gradle.internal.work.ResourceLockStatistics$1.measure(ResourceLockStatistics.java:42)
	at org.gradle.internal.work.DefaultWorkerLeaseService.withLocksAcquired(DefaultWorkerLeaseService.java:267)
	at org.gradle.internal.work.DefaultWorkerLeaseService.lambda$withReplacedLocks$3(DefaultWorkerLeaseService.java:365)
	at org.gradle.internal.work.DefaultWorkerLeaseService.withoutLocks(DefaultWorkerLeaseService.java:337)
	at org.gradle.internal.work.DefaultWorkerLeaseService.withReplacedLocks(DefaultWorkerLeaseService.java:364)
	at org.gradle.api.internal.project.DefaultProjectStateRegistry$ProjectStateImpl.runWithModelLock(DefaultProjectStateRegistry.java:471)
	at org.gradle.api.internal.project.DefaultProjectStateRegistry$ProjectStateImpl.fromMutableState(DefaultProjectStateRegistry.java:450)
	at org.gradle.api.internal.project.DefaultProjectStateRegistry$ProjectStateImpl.applyToMutableState(DefaultProjectStateRegistry.java:442)
	at org.gradle.configuration.project.LifecycleProjectEvaluator$EvaluateProject.run(LifecycleProjectEvaluator.java:100)
	at org.gradle.internal.operations.DefaultBuildOperationRunner$1.execute(DefaultBuildOperationRunner.java:29)
	at org.gradle.internal.operations.DefaultBuildOperationRunner$1.execute(DefaultBuildOperationRunner.java:26)
	at org.gradle.internal.operations.DefaultBuildOperationRunner$2.execute(DefaultBuildOperationRunner.java:66)
	at org.gradle.internal.operations.DefaultBuildOperationRunner$2.execute(DefaultBuildOperationRunner.java:59)
	at org.gradle.internal.operations.DefaultBuildOperationRunner.execute(DefaultBuildOperationRunner.java:166)
	at org.gradle.internal.operations.DefaultBuildOperationRunner.execute(DefaultBuildOperationRunner.java:59)
	at org.gradle.internal.operations.DefaultBuildOperationRunner.run(DefaultBuildOperationRunner.java:47)
	at org.gradle.configuration.project.LifecycleProjectEvaluator.evaluate(LifecycleProjectEvaluator.java:72)
	at org.gradle.api.internal.project.DefaultProject.evaluateUnchecked(DefaultProject.java:796)
	at org.gradle.api.internal.project.ProjectLifecycleController.lambda$ensureSelfConfigured$2(ProjectLifecycleController.java:93)
	at org.gradle.internal.model.StateTransitionController.lambda$doTransition$14(StateTransitionController.java:265)
	at org.gradle.internal.model.StateTransitionController.doTransition(StateTransitionController.java:276)
	at org.gradle.internal.model.StateTransitionController.doTransition(StateTransitionController.java:264)
	at org.gradle.internal.model.StateTransitionController.lambda$maybeTransitionIfNotCurrentlyTransitioning$10(StateTransitionController.java:209)
	at org.gradle.internal.work.DefaultSynchronizer.withLock(DefaultSynchronizer.java:35)
	at org.gradle.internal.model.StateTransitionController.maybeTransitionIfNotCurrentlyTransitioning(StateTransitionController.java:205)
	at org.gradle.api.internal.project.ProjectLifecycleController.ensureSelfConfigured(ProjectLifecycleController.java:93)
	at org.gradle.api.internal.project.DefaultProjectStateRegistry$ProjectStateImpl.ensureConfigured(DefaultProjectStateRegistry.java:408)
	at org.gradle.execution.TaskPathProjectEvaluator.configure(TaskPathProjectEvaluator.java:71)
	at org.gradle.execution.TaskPathProjectEvaluator.configureHierarchy(TaskPathProjectEvaluator.java:87)
	at org.gradle.configuration.DefaultProjectsPreparer.prepareProjects(DefaultProjectsPreparer.java:50)
	at org.gradle.configuration.BuildTreePreparingProjectsPreparer.prepareProjects(BuildTreePreparingProjectsPreparer.java:65)
	at org.gradle.configuration.BuildOperationFiringProjectsPreparer$ConfigureBuild.run(BuildOperationFiringProjectsPreparer.java:52)
	at org.gradle.internal.operations.DefaultBuildOperationRunner$1.execute(DefaultBuildOperationRunner.java:29)
	at org.gradle.internal.operations.DefaultBuildOperationRunner$1.execute(DefaultBuildOperationRunner.java:26)
	at org.gradle.internal.operations.DefaultBuildOperationRunner$2.execute(DefaultBuildOperationRunner.java:66)
	at org.gradle.internal.operations.DefaultBuildOperationRunner$2.execute(DefaultBuildOperationRunner.java:59)
	at org.gradle.internal.operations.DefaultBuildOperationRunner.execute(DefaultBuildOperationRunner.java:166)
	at org.gradle.internal.operations.DefaultBuildOperationRunner.execute(DefaultBuildOperationRunner.java:59)
	at org.gradle.internal.operations.DefaultBuildOperationRunner.run(DefaultBuildOperationRunner.java:47)
	at org.gradle.configuration.BuildOperationFiringProjectsPreparer.prepareProjects(BuildOperationFiringProjectsPreparer.java:40)
	at org.gradle.initialization.VintageBuildModelController.lambda$prepareProjects$2(VintageBuildModelController.java:83)
	at org.gradle.internal.model.StateTransitionController.lambda$doTransition$14(StateTransitionController.java:265)
	at org.gradle.internal.model.StateTransitionController.doTransition(StateTransitionController.java:276)
	at org.gradle.internal.model.StateTransitionController.doTransition(StateTransitionController.java:264)
	at org.gradle.internal.model.StateTransitionController.lambda$transitionIfNotPreviously$11(StateTransitionController.java:223)
	at org.gradle.internal.work.DefaultSynchronizer.withLock(DefaultSynchronizer.java:35)
	at org.gradle.internal.model.StateTransitionController.transitionIfNotPreviously(StateTransitionController.java:219)
	at org.gradle.initialization.VintageBuildModelController.prepareProjects(VintageBuildModelController.java:83)
	at org.gradle.initialization.VintageBuildModelController.getConfiguredModel(VintageBuildModelController.java:63)
	at org.gradle.internal.build.DefaultBuildLifecycleController.lambda$withProjectsConfigured$1(DefaultBuildLifecycleController.java:133)
	at org.gradle.internal.model.StateTransitionController.lambda$notInState$3(StateTransitionController.java:142)
	at org.gradle.internal.work.DefaultSynchronizer.withLock(DefaultSynchronizer.java:45)
	at org.gradle.internal.model.StateTransitionController.notInState(StateTransitionController.java:138)
	at org.gradle.internal.build.DefaultBuildLifecycleController.withProjectsConfigured(DefaultBuildLifecycleController.java:133)
	at org.gradle.internal.build.DefaultBuildToolingModelController.locateBuilderForTarget(DefaultBuildToolingModelController.java:59)
	at org.gradle.internal.buildtree.DefaultBuildTreeModelCreator$DefaultBuildTreeModelController.lambda$locateBuilderForBuildTarget$0(DefaultBuildTreeModelCreator.java:146)
	at org.gradle.internal.build.DefaultBuildLifecycleController.withToolingModels(DefaultBuildLifecycleController.java:327)
	at org.gradle.internal.build.AbstractBuildState.withToolingModels(AbstractBuildState.java:169)
	at org.gradle.internal.buildtree.DefaultBuildTreeModelCreator$DefaultBuildTreeModelController.locateBuilderForBuildTarget(DefaultBuildTreeModelCreator.java:146)
	at org.gradle.internal.buildtree.DefaultBuildTreeModelCreator$DefaultBuildTreeModelController.locateBuilderForDefaultTarget(DefaultBuildTreeModelCreator.java:131)
	at org.gradle.internal.buildtree.DefaultBuildTreeModelCreator$DefaultBuildTreeModelController.locateBuilderForTarget(DefaultBuildTreeModelCreator.java:120)
	at org.gradle.internal.buildtree.DefaultBuildTreeModelCreator$DefaultBuildTreeModelController.access$200(DefaultBuildTreeModelCreator.java:69)
	at org.gradle.internal.buildtree.DefaultBuildTreeModelCreator$DefaultBuildTreeModelController$1.call(DefaultBuildTreeModelCreator.java:84)
	at org.gradle.internal.operations.DefaultBuildOperationRunner$CallableBuildOperationWorker.execute(DefaultBuildOperationRunner.java:209)
	at org.gradle.internal.operations.DefaultBuildOperationRunner$CallableBuildOperationWorker.execute(DefaultBuildOperationRunner.java:204)
	at org.gradle.internal.operations.DefaultBuildOperationRunner$2.execute(DefaultBuildOperationRunner.java:66)
	at org.gradle.internal.operations.DefaultBuildOperationRunner$2.execute(DefaultBuildOperationRunner.java:59)
	at org.gradle.internal.operations.DefaultBuildOperationRunner.execute(DefaultBuildOperationRunner.java:166)
	at org.gradle.internal.operations.DefaultBuildOperationRunner.execute(DefaultBuildOperationRunner.java:59)
	at org.gradle.internal.operations.DefaultBuildOperationRunner.call(DefaultBuildOperationRunner.java:53)
	at org.gradle.internal.buildtree.DefaultBuildTreeModelCreator$DefaultBuildTreeModelController.getModel(DefaultBuildTreeModelCreator.java:80)
	at org.gradle.tooling.internal.provider.runner.DefaultBuildController.doGetModel(DefaultBuildController.java:126)
	at org.gradle.tooling.internal.provider.runner.DefaultBuildController.getModel(DefaultBuildController.java:113)
	at org.gradle.tooling.internal.consumer.connection.ParameterAwareBuildControllerAdapter.getModel(ParameterAwareBuildControllerAdapter.java:40)
	at org.gradle.tooling.internal.consumer.connection.UnparameterizedBuildController.getModel(UnparameterizedBuildController.java:119)
	at org.gradle.tooling.internal.consumer.connection.NestedActionAwareBuildControllerAdapter.getModel(NestedActionAwareBuildControllerAdapter.java:32)
	at org.gradle.tooling.internal.consumer.connection.UnparameterizedBuildController.getModel(UnparameterizedBuildController.java:83)
	at org.gradle.tooling.internal.consumer.connection.NestedActionAwareBuildControllerAdapter.getModel(NestedActionAwareBuildControllerAdapter.java:32)
	at org.gradle.tooling.internal.consumer.connection.UnparameterizedBuildController.getModel(UnparameterizedBuildController.java:68)
	at org.gradle.tooling.internal.consumer.connection.NestedActionAwareBuildControllerAdapter.getModel(NestedActionAwareBuildControllerAdapter.java:32)
	at org.netbeans.modules.gradle.tooling.internal.NbProjectInfoAction.execute(NbProjectInfoAction.java:33)
	at org.netbeans.modules.gradle.tooling.internal.NbProjectInfoAction.execute(NbProjectInfoAction.java:29)
	at org.gradle.tooling.internal.consumer.connection.InternalBuildActionAdapter.execute(InternalBuildActionAdapter.java:66)
	at org.gradle.tooling.internal.provider.runner.AbstractClientProvidedBuildActionRunner$ActionAdapter.executeAction(AbstractClientProvidedBuildActionRunner.java:108)
	at org.gradle.tooling.internal.provider.runner.AbstractClientProvidedBuildActionRunner$ActionAdapter.runAction(AbstractClientProvidedBuildActionRunner.java:96)
	at org.gradle.tooling.internal.provider.runner.AbstractClientProvidedBuildActionRunner$ActionAdapter.fromBuildModel(AbstractClientProvidedBuildActionRunner.java:85)
	at org.gradle.tooling.internal.provider.runner.AbstractClientProvidedBuildActionRunner$ActionAdapter.fromBuildModel(AbstractClientProvidedBuildActionRunner.java:68)
	at org.gradle.internal.buildtree.DefaultBuildTreeModelCreator.fromBuildModel(DefaultBuildTreeModelCreator.java:66)
	at org.gradle.internal.cc.impl.barrier.BarrierAwareBuildTreeModelCreator.fromBuildModel$lambda$0(BarrierAwareBuildTreeModelCreator.kt:36)
	at org.gradle.internal.cc.impl.barrier.VintageConfigurationTimeActionRunner.runConfigurationTimeAction(VintageConfigurationTimeActionRunner.kt:48)
	at org.gradle.internal.cc.impl.barrier.BarrierAwareBuildTreeModelCreator.fromBuildModel(BarrierAwareBuildTreeModelCreator.kt:35)
	at org.gradle.internal.buildtree.DefaultBuildTreeLifecycleController.lambda$fromBuildModel$2(DefaultBuildTreeLifecycleController.java:90)
	at org.gradle.internal.buildtree.DefaultBuildTreeLifecycleController.lambda$runBuild$4(DefaultBuildTreeLifecycleController.java:120)
	at org.gradle.internal.model.StateTransitionController.lambda$transition$6(StateTransitionController.java:179)
	at org.gradle.internal.model.StateTransitionController.doTransition(StateTransitionController.java:276)
	at org.gradle.internal.model.StateTransitionController.lambda$transition$7(StateTransitionController.java:179)
	at org.gradle.internal.work.DefaultSynchronizer.withLock(DefaultSynchronizer.java:45)
	at org.gradle.internal.model.StateTransitionController.transition(StateTransitionController.java:179)
	at org.gradle.internal.buildtree.DefaultBuildTreeLifecycleController.runBuild(DefaultBuildTreeLifecycleController.java:117)
	at org.gradle.internal.buildtree.DefaultBuildTreeLifecycleController.fromBuildModel(DefaultBuildTreeLifecycleController.java:82)
	at org.gradle.tooling.internal.provider.runner.AbstractClientProvidedBuildActionRunner.runClientAction(AbstractClientProvidedBuildActionRunner.java:42)
	at org.gradle.tooling.internal.provider.runner.ClientProvidedBuildActionRunner.run(ClientProvidedBuildActionRunner.java:47)
	at org.gradle.launcher.exec.ChainingBuildActionRunner.run(ChainingBuildActionRunner.java:35)
	at org.gradle.internal.buildtree.ProblemReportingBuildActionRunner.run(ProblemReportingBuildActionRunner.java:54)
	at org.gradle.launcher.exec.BuildOutcomeReportingBuildActionRunner.run(BuildOutcomeReportingBuildActionRunner.java:83)
	at org.gradle.tooling.internal.provider.FileSystemWatchingBuildActionRunner.run(FileSystemWatchingBuildActionRunner.java:135)
	at org.gradle.launcher.exec.BuildCompletionNotifyingBuildActionRunner.run(BuildCompletionNotifyingBuildActionRunner.java:54)
	at org.gradle.launcher.exec.RootBuildLifecycleBuildActionExecutor.lambda$execute$0(RootBuildLifecycleBuildActionExecutor.java:101)
	at org.gradle.composite.internal.DefaultRootBuildState.run(DefaultRootBuildState.java:126)
	at org.gradle.launcher.exec.RootBuildLifecycleBuildActionExecutor.execute(RootBuildLifecycleBuildActionExecutor.java:101)
	at org.gradle.launcher.exec.BuildTreeLifecycleBuildActionExecutor.runRootBuildAction(BuildTreeLifecycleBuildActionExecutor.java:98)
	at org.gradle.launcher.exec.BuildTreeLifecycleBuildActionExecutor.execute(BuildTreeLifecycleBuildActionExecutor.java:69)
	at org.gradle.launcher.exec.RunAsBuildOperationBuildActionExecutor$2.call(RunAsBuildOperationBuildActionExecutor.java:65)
	at org.gradle.launcher.exec.RunAsBuildOperationBuildActionExecutor$2.call(RunAsBuildOperationBuildActionExecutor.java:61)
	at org.gradle.internal.operations.DefaultBuildOperationRunner$CallableBuildOperationWorker.execute(DefaultBuildOperationRunner.java:209)
	at org.gradle.internal.operations.DefaultBuildOperationRunner$CallableBuildOperationWorker.execute(DefaultBuildOperationRunner.java:204)
	at org.gradle.internal.operations.DefaultBuildOperationRunner$2.execute(DefaultBuildOperationRunner.java:66)
	at org.gradle.internal.operations.DefaultBuildOperationRunner$2.execute(DefaultBuildOperationRunner.java:59)
	at org.gradle.internal.operations.DefaultBuildOperationRunner.execute(DefaultBuildOperationRunner.java:166)
	at org.gradle.internal.operations.DefaultBuildOperationRunner.execute(DefaultBuildOperationRunner.java:59)
	at org.gradle.internal.operations.DefaultBuildOperationRunner.call(DefaultBuildOperationRunner.java:53)
	at org.gradle.launcher.exec.RunAsBuildOperationBuildActionExecutor.execute(RunAsBuildOperationBuildActionExecutor.java:61)
	at org.gradle.launcher.exec.RunAsWorkerThreadBuildActionExecutor.lambda$execute$0(RunAsWorkerThreadBuildActionExecutor.java:36)
	at org.gradle.internal.work.DefaultWorkerLeaseService.lambda$withLocksAcquired$0(DefaultWorkerLeaseService.java:269)
	at org.gradle.internal.work.ResourceLockStatistics$1.measure(ResourceLockStatistics.java:42)
	at org.gradle.internal.work.DefaultWorkerLeaseService.withLocksAcquired(DefaultWorkerLeaseService.java:267)
	at org.gradle.internal.work.DefaultWorkerLeaseService.withLocks(DefaultWorkerLeaseService.java:259)
	at org.gradle.internal.work.DefaultWorkerLeaseService.runAsWorkerThread(DefaultWorkerLeaseService.java:127)
	at org.gradle.launcher.exec.RunAsWorkerThreadBuildActionExecutor.execute(RunAsWorkerThreadBuildActionExecutor.java:36)
	at org.gradle.tooling.internal.provider.continuous.ContinuousBuildActionExecutor.execute(ContinuousBuildActionExecutor.java:110)
	at org.gradle.tooling.internal.provider.SubscribableBuildActionExecutor.execute(SubscribableBuildActionExecutor.java:64)
	at org.gradle.internal.session.DefaultBuildSessionContext.execute(DefaultBuildSessionContext.java:46)
	at org.gradle.internal.buildprocess.execution.BuildSessionLifecycleBuildActionExecutor$ActionImpl.apply(BuildSessionLifecycleBuildActionExecutor.java:106)
	at org.gradle.internal.buildprocess.execution.BuildSessionLifecycleBuildActionExecutor$ActionImpl.apply(BuildSessionLifecycleBuildActionExecutor.java:94)
	at org.gradle.internal.session.BuildSessionState.run(BuildSessionState.java:73)
	at org.gradle.internal.buildprocess.execution.BuildSessionLifecycleBuildActionExecutor.execute(BuildSessionLifecycleBuildActionExecutor.java:67)
	at org.gradle.internal.buildprocess.execution.BuildSessionLifecycleBuildActionExecutor.execute(BuildSessionLifecycleBuildActionExecutor.java:45)
	at org.gradle.internal.buildprocess.execution.StartParamsValidatingActionExecutor.execute(StartParamsValidatingActionExecutor.java:57)
	at org.gradle.internal.buildprocess.execution.StartParamsValidatingActionExecutor.execute(StartParamsValidatingActionExecutor.java:32)
	at org.gradle.internal.buildprocess.execution.SessionFailureReportingActionExecutor.execute(SessionFailureReportingActionExecutor.java:51)
	at org.gradle.internal.buildprocess.execution.SessionFailureReportingActionExecutor.execute(SessionFailureReportingActionExecutor.java:39)
	at org.gradle.internal.buildprocess.execution.SetupLoggingActionExecutor.execute(SetupLoggingActionExecutor.java:47)
	at org.gradle.internal.buildprocess.execution.SetupLoggingActionExecutor.execute(SetupLoggingActionExecutor.java:31)
	at org.gradle.launcher.daemon.server.exec.ExecuteBuild.doBuild(ExecuteBuild.java:70)
	at org.gradle.launcher.daemon.server.exec.BuildCommandOnly.execute(BuildCommandOnly.java:37)
	at org.gradle.launcher.daemon.server.api.DaemonCommandExecution.proceed(DaemonCommandExecution.java:104)
	at org.gradle.launcher.daemon.server.exec.WatchForDisconnection.execute(WatchForDisconnection.java:39)
	at org.gradle.launcher.daemon.server.api.DaemonCommandExecution.proceed(DaemonCommandExecution.java:104)
	at org.gradle.launcher.daemon.server.exec.ResetDeprecationLogger.execute(ResetDeprecationLogger.java:29)
	at org.gradle.launcher.daemon.server.api.DaemonCommandExecution.proceed(DaemonCommandExecution.java:104)
	at org.gradle.launcher.daemon.server.exec.RequestStopIfSingleUsedDaemon.execute(RequestStopIfSingleUsedDaemon.java:35)
	at org.gradle.launcher.daemon.server.api.DaemonCommandExecution.proceed(DaemonCommandExecution.java:104)
	at org.gradle.launcher.daemon.server.exec.ForwardClientInput.lambda$execute$0(ForwardClientInput.java:40)
	at org.gradle.internal.daemon.clientinput.ClientInputForwarder.forwardInput(ClientInputForwarder.java:80)
	at org.gradle.launcher.daemon.server.exec.ForwardClientInput.execute(ForwardClientInput.java:37)
	at org.gradle.launcher.daemon.server.api.DaemonCommandExecution.proceed(DaemonCommandExecution.java:104)
	at org.gradle.launcher.daemon.server.exec.LogAndCheckHealth.execute(LogAndCheckHealth.java:64)
	at org.gradle.launcher.daemon.server.api.DaemonCommandExecution.proceed(DaemonCommandExecution.java:104)
	at org.gradle.launcher.daemon.server.exec.LogToClient.doBuild(LogToClient.java:63)
	at org.gradle.launcher.daemon.server.exec.BuildCommandOnly.execute(BuildCommandOnly.java:37)
	at org.gradle.launcher.daemon.server.api.DaemonCommandExecution.proceed(DaemonCommandExecution.java:104)
	at org.gradle.launcher.daemon.server.exec.EstablishBuildEnvironment.doBuild(EstablishBuildEnvironment.java:84)
	at org.gradle.launcher.daemon.server.exec.BuildCommandOnly.execute(BuildCommandOnly.java:37)
	at org.gradle.launcher.daemon.server.api.DaemonCommandExecution.proceed(DaemonCommandExecution.java:104)
	at org.gradle.launcher.daemon.server.exec.StartBuildOrRespondWithBusy$1.run(StartBuildOrRespondWithBusy.java:52)
	at org.gradle.launcher.daemon.server.DaemonStateCoordinator.lambda$runCommand$0(DaemonStateCoordinator.java:321)
	at org.gradle.internal.concurrent.ExecutorPolicy$CatchAndRecordFailures.onExecute(ExecutorPolicy.java:64)
	at org.gradle.internal.concurrent.AbstractManagedExecutor$1.run(AbstractManagedExecutor.java:47)
INFO [org.netbeans.ui.metrics.projects]: USG_PROJECT_OPEN
INFO [org.netbeans.ui.metrics.projects]: USG_PROJECT_OPEN
INFO [org.netbeans.ui.metrics.projects]: USG_PROJECT_OPEN
INFO [org.netbeans.ui.metrics.projects]: USG_PROJECT_OPEN
INFO [org.netbeans.ui.metrics.projects]: USG_PROJECT_OPEN
INFO [null]: Last record repeated again.
INFO [org.netbeans.ui.metrics.projects]: USG_PROJECT_OPEN
INFO [null]: Last record repeated again.
INFO [org.netbeans.modules.java.lsp.server.protocol.Server$LanguageServerImpl]: 8 projects opened in 579,324ms
INFO [org.netbeans.modules.gradle.GradleConnectorManager]: Disconnecting from Gradle Daemons.
INFO [org.netbeans.modules.gradle.GradleConnectorManager]: Disconnecting from Gradle Daemons. Done.
INFO [org.netbeans.ui.indexing]: Indexing started, time from last indexing 10,490,177 ms.
INFO [org.netbeans.ui.indexing]: Indexing finished, indexing took 8 ms.
INFO [org.netbeans.core.netigso.Netigso]: bundle org.eclipse.osgi@3.9.1.v20140110-1610 256
INFO [org.netbeans.core.netigso.Netigso]: bundle org.eclipse.osgi@3.9.1.v20140110-1610 stopped
INFO [null]: Last record repeated again.
